:020000041000EA
:1000000000B5324B212058609868022188439860DF
:10001000D860186158612E4B002199600221596106
:100020000121F02299502B49196001219960352056
:1000300000F044F80222904214D00621196600F024
:1000400034F8196E01211966002018661A6600F04E
:100050002CF8196E196E196E052000F02FF8012189
:100060000842F9D1002199601B49196000215960AB
:100070001A491B48016001219960EB211966A021F2
:10008000196600F012F800219960164914480160C1
:100090000121996001BC002800D000471248134993
:1000A000086003C880F30888084703B5996A0420EC
:1000B0000142FBD001200142F8D103BD02B5186610
:1000C0001866FFF7F2FF186E186E02BD00000240BE
:1000D000000000180000070000035F00212200005C
:1000E000F4000018222000A00001001008ED00E03C
:1000F00000000000000000000000000074B24E7A12
:1001000000200420F7010010CB010010CD010010E9
:10011000C9010010C9010010C9010010C901001077
:10012000C9010010C9010010C9010010CF01001061
:10013000C9010010C9010010D1010010D301001045
:10014000C1010010C1010010C1010010C101001067
:10015000C1010010C1010010C1010010C101001057
:10016000C1010010C1010010C1010010C101001047
:10017000C1010010C1010010C1010010C101001037
:10018000C1010010C1010010C1010010C101001027
:10019000C1010010C1010010C1010010C101001017
:1001A000C1010010C1010010C1010010C101001007
:1001B000C1010010C1010010C1010010C1010010F7
:1001C000EFF30580103800BE00BE00BE00BE00BECA
:1001D00000BE00BEF2EB887174DB04109CDB0410DF
:1001E0003802001090A31AE71E481F49086006C88D
:1001F00081F3088810471D480068002801D019487D
:10020000F3E70DA40ECC002902D000F012F8F9E7B4
:100210001749184A002000E001C19142FCD116495B
:100220008847164988471649884700BEFDE701C937
:1002300001C29A42FBD370479CDB0410E00000200F
:10024000F0050020ACE004100000042000000420B1
:10025000ACE0041000100420001004200000000096
:10026000704700000000000008ED00E0000000D032
:10027000F0050020B0C600205D40001021060010EF
:1002800055400010F8B5C0460448054B10B58342F0
:1002900003D0044B002B00D0984710BDF005002080
:1002A000F00500200000000006480749091A8B10DD
:1002B000C90FC91810B5491003D0044B002B00D04A
:1002C000984710BDF0050020F00500200000000058
:1002D00010B5074C2378002B09D1FFF7D5FF054B4C
:1002E000002B02D0044800E000BF0123237010BDA2
:1002F000C008002000000000F4430110054B10B5B9
:10030000002B03D00449054800E000BFFFF7CCFFF5
:1003100010BDC04600000000C4080020F4430110D6
:1003200010B50800024906F0C5FE002010BDC04609
:100330003503001070B50E001400A0B0002A23D0C1
:1003400000237F226946200006F0F2F800236A4667
:1003500016491354684613F0A7FE00281AD001214D
:1003600000200EF005F9124B1D68280013F0D8FC90
:10037000012382B22900300009F088FB30000AF026
:10038000FDFA200005F0A4FF300007F0D3FA0020AA
:1003900020B070BD6846074913F086FE0028E2D001
:1003A000002100200EF0E4F8DDE7C046F84301101C
:1003B000D8040020044401100F230A00F0B5DE46E3
:1003C00057464E4645469A430823E0B509014DB2CB
:1003D00093461A432B4387B0DBB2039302AB9C4690
:1003E0000F24D2B26444227092469626002200273F
:1003F0009146B6000123009227212200804613F087
:100400000BFC3000390001F08BFA5A460C210A43EC
:1004100022704A4601230092404622001B3113F00D
:10042000FBFB3000390001F07BFA524622704A464D
:100430000123009227212200404613F0EDFB3000FB
:10044000390001F06DFA4A46039B2721237040468C
:1004500001230092220013F0DFFB3000390001F08D
:100460005FFA0C214A460D43012325704046009255
:100470001B31220013F0D0FB3000390001F050FA9C
:10048000039B220023704B462721009340460133F3
:1004900013F0C2FB3000390001F042FA07B0F0BCA3
:1004A000BB46B246A946A046F0BDC0460F230A008F
:1004B000F0B5DE4657464E4645469A430923E0B519
:1004C00009014DB293461A432B4387B0DBB2039325
:1004D00002AB9C460F24D2B2644422709246962608
:1004E000002200279146B600012300922721220016
:1004F000804613F091FB3000390001F011FA5A46A2
:100500000D210A4322704A460123009240462200F0
:100510001A3113F081FB3000390001F001FA524624
:1005200022704A460123009227212200404613F000
:1005300073FB3000390001F0F3F94A46039B272191
:100540002370404601230092220013F065FB300027
:10055000390001F0E5F90D214A460D4301232570CC
:10056000404600921A31220013F056FB3000390049
:1005700001F0D6F9039B220023704B4627210093FC
:100580004046013313F048FB3000390001F0C8F950
:1005900007B0F0BCBB46B246A946A046F0BDC04677
:1005A00010B50400322001F0CFF920003321FFF70D
:1005B00003FF20003221FFF7FFFE20002821FFF774
:1005C000FBFE20000C21FFF7F7FE20000621FFF7BD
:1005D000F3FE01212000FFF7EFFE022001F0B4F945
:1005E000022001F0B1F910BD70B505000C008020AB
:1005F000C02182B06B460090019192002800260035
:10060000995CFFF7D9FE10362178002905D0280023
:100610000134FFF74BFFB442F6D102B070BDC046C3
:10062000F0B5DE4657464E464546E0B5934C95B08C
:100630009349200013F0C6FA0321022000F050F97C
:100640000321032000F04CF900220121022000F0D8
:1006500061F900220121032000F05CF92000FFF77E
:100660009FFF03F041FE0DF09FFF002805D0002200
:1006700020008449FFF7B8FFFEE701270DF0F8FEE0
:10068000814BA14604930CAB9846804B3C000593EC
:100690007F4B10AD9B467F4B9A464746464622000D
:1006A0000499280003F096FC002229004846FFF731
:1006B0009BFF059B07CB07C7594650463268764BD0
:1006C0000DF006FF002830D0C31D01D0831C02D1DD
:1006D0000436B742F0D1032C0CD00DF0D7FE6420C5
:1006E00001F032F90DF0C4FEFA20C00001F02CF93F
:1006F0000134D2E74C46C31D00D1A8E0831C0FD0C3
:1007000002006649280003F065FC00222900200051
:10071000FFF76AFF012220006149FFF765FFFEE74E
:100720002A00604B03CB03C2EFE74C465E4B00222E
:1007300019004046994603F04DFC01224146200035
:10074000FFF752FF012100200DF012FF00222000D0
:100750005649FFF749FF002701F0A2F9544E8023C4
:1007600036184F411B069F4202D30126514F764255
:10077000514B9A4653461B68002B02D05B68002BF6
:100780001FD10DF005FF0A2001F0DEF801F088F915
:1007900032003B00121A8B41002BEBDC01D1002A06
:1007A000E8D1002220004549FFF71EFF00224946FC
:1007B000404603F00FFC012241462000FFF714FFE2
:1007C000FEE7002220003E49FFF70EFF534618685F
:1007D0002900102204300DF0C3FC01222900200062
:1007E00006ADFFF701FF2900002012F0BFFE687977
:1007F0006B782A780390287932490290E878019042
:10080000A878009008A803F0E5FB002208A92000C2
:10081000FFF7EAFEFA20C00001F096F806F0C0FEED
:10082000051E1FD05022284906F02CF8002813D1AD
:10083000FF21280006F0A0F8002819D0234906F06F
:1008400047FC0DF0A5FE012001F07EF8F9E72A0033
:100850001F4B03CB03C258E7002220001D49FFF7BE
:10086000C3FEFEE702001C492000FFF7BDFEFEE7C5
:1008700002001A492000FFF7B7FEFEE7D805002066
:10088000A086010014440110244401109445011075
:10089000304401103C44011060EA0000584401104B
:1008A000604401105044011078440110D4440110F8
:1008B00080969800FFFFFF7F60B500206C44011018
:1008C0008044011088440110D460011021030010FD
:1008D00048440110B4440110A4440110C444011060
:1008E000094A83009A1810B5146840225440803297
:1008F0002240064CC000A44663441A60044B9C4648
:100900006044416010BDC04604C0014004D00140B5
:1009100000400140074B8000C3181B68C9009200CB
:100920000A435A400C231340034A94466044036030
:100930007047C04604C0014004D001408000002937
:1009400005D0064B9C460223604403607047044B6D
:100950009C46022360440360F8E7C04604E001407F
:1009600004F00140D0231B061B6830B50500584237
:1009700043412F205B4283430E48EC088446072006
:1009800028408000814020000B4D3C3063448000B3
:10099000A40041511B19002A05D0802292019446DF
:1009A0006344196030BDC0229201944663441960CB
:1009B000F8E7C0463041014000400140D023F0B587
:1009C000C6461B0698461B680C4F9B001600FA583B
:1009D00004000D0000B5104209D1290014430D2078
:1009E0003200FC5000F066F980BCB846F0BD01F062
:1009F000C7FA43461B689B00FA58EEE738C500204B
:100A000010B504000D2000F04FFAD0231B061B6820
:100A100002499B005A58A2435A5010BD38C50020C5
:100A20000123D0228340120693629361094A830016
:100A30009A1811684022514080320A400649C0008D
:100A40008C4663441A60054B9C4605236044436012
:100A50007047C04604C0014004D00140004001403E
:100A60000FB400B5084883B003F090FC049B002B42
:100A700007D005A91800019103F0D2FA034803F04A
:100A800085FC012003F0E4FAA0450110E0D7041032
:100A9000EFF3108072B6034A1368002BFCD0BFF34B
:100AA0005F8F70472C0100D0BFF35F8F0022024B95
:100AB0001A6080F3108870472C0100D070B5EFF3F6
:100AC000108C72B60D4D2B68002BFCD0BFF35F8FDE
:100AD0000724CB08C618C05C01230C40A3401C00AF
:100AE0000440034207D118433070BFF35F8F2C607E
:100AF0008CF3108870BD1000FFF7B2FF2C0100D0FE
:100B0000F8B54746CE46884680B5EFF3108C72B6EE
:100B1000214D2C68002CFCD0BFF35F8F9A422CD85B
:100B2000D4080727055D061901241740BC402C4254
:100B30001FD007210127894609E0D408055D061961
:100B40004C4639001440A1400C00294211D001321A
:100B50009342F2D201204042BFF35F8F00220E4B3E
:100B60001A608CF3108800280FDBC0BCB946B04671
:100B7000F8BD254310003570EEE7BFF35F8F00230B
:100B80002B608CF31088012040424346002BECD0B0
:100B90000898FFF765FFC0462C0100D030B5EFF391
:100BA000108C72B60A4C2368002BFCD0BFF35F8F09
:100BB000072301220B409A40CD08435D93434355E0
:100BC000BFF35F8F002323608CF3108830BDC046D5
:100BD0002C0100D0044A1078431CDBB2172B00D93B
:100BE000102313707047C046DC0400200021044B22
:100BF000044ABFF35F8F02C39342FAD17047C046E5
:100C0000000100D0800100D0054B064A1360064A5F
:100C1000136053609360D3601361536193617047B5
:100C20008080808000E400E004E400E01F2318409E
:100C30001E3B8340002905D0C021044A490053507F
:100C400013607047802201498B50FAE700E100E011
:100C500001238340014A13607047C04600E200E070
:100C600070B50D00EFF3108672B60F4A1368002BB3
:100C7000FCD0BFF35F8F0D4B10309B6884001B5975
:100C80000B4A934203D09D4201D001F079F9074B02
:100C90009B681D51BFF35F8FBFF35F8F0022024B34
:100CA0001A6086F3108870BD240100D000ED00E0CA
:100CB000C1010010F0B557464E46DE464546E0B548
:100CC00085B0060000911700EFF3108B72B66A4AE8
:100CD0001368002BFCD0BFF35F8F0025674B5D5777
:100CE0009A46002D00DA8BE06B00654C01935B198E
:100CF0009B009846A146C1444B4652469B7910360C
:100D00001370604BB6009B6899590B1B2F2B33D97E
:100D10005D4B994200D0ACE0019B42469C465B4B48
:100D20006544AD0063535A4B0232A218043B9B1A30
:100D30001B05584A5B0D651913436B80564B012107
:100D4000AB80FF23AB71009BEF71AB604B460B4355
:100D500019004C4B9B689951BFF35F8FBFF35F8FB6
:100D60000022454B1A608BF3108805B0F0BCBB46DF
:100D7000B246A946A046F0BD01200A008243D379BD
:100D80008C46BB4231D84546130044491B1B5B418E
:100D90005943090D3D4B63533D4B02356519043BE7
:100DA0005B1B1B053B4D5B0D2B43AA464D466B80E1
:100DB0000425AC465546E044131F44441B1B1B0549
:100DC0005B0D1D434B46997100999D809960494682
:100DD000DF71334B01431360BBE75800C01880003C
:100DE0002018C179B94211D902000623D356002B2D
:100DF000F3DA0293131D9A462A4B6146039319E0D6
:100E000001F0BEF8002553465D576DE790880293C8
:100E10004005131D9A46031561469C464046D4443E
:100E2000634604302018181AE0230005400D1B0209
:100E30001843039004235B429C46E14450464B46D2
:100E40001B1A1B055B0D9C46124B95719846634619
:100E5000404603439380019B5A199200039BA418B8
:100E6000A380029B0E4AA371009B2260E771A360DE
:100E70006FE701F085F84FE7240100D0A4C60020F9
:100E8000E004002000ED00E0C101001000A1FFFF20
:100E90001005002000E0FFFF01BDFFFFAAAA00002F
:100EA0000148804701BD0000F0B5DE4657464E467A
:100EB0004546E0B50C0083B0EFF3108872B6634A84
:100EC0001368002BFCD0BFF35F8F614B61499A68B8
:100ED000030010339F00D55900938D4243D0A542A3
:100EE00054D05D4EAA1B2F2A3DD85C4B9C461B68F4
:100EF0009A4601231A0099468240534613401F2206
:100F000001934B46024093409A46802263465046E6
:100F10009850BFF35F8FEFF305839B46002B37D0CC
:100F2000009B5B4501D001F02BF82A004B469A4309
:100F30009068844208D177E04B005B189B00F3185F
:100F40009868844236D01A00062151560029F3DAF7
:100F5000844255D0019B002B27D0C02251463F4BE5
:100F60005200995019603A4B9B68DD51BFF35F8F77
:100F7000BFF35F8F0022354B1A6088F3108803B0EF
:100F8000F0BCBB46B246A946A046F0BD0D00EAE75C
:100F90002A004B469A4390688442D5D106201056C9
:100FA000130000280ADA0D0032E0802351462B4A54
:100FB000D150D8E706201856002822DB420011182D
:100FC000890074188946A1689960E179D971062170
:100FD00061569971002925DBA488F11A640524154E
:100FE0004C440919E0240905490D24022143998044
:100FF00013181B4A9B001178F31899711070A9E718
:1010000013005946002914D1FF319171154991807F
:1010100013490A789A71144A9B1B5B415A43120D7B
:101020000A7097E71149E2E70620105613000028DE
:10103000C4DA0F4A0F49D21A083A5002400D014350
:1010400099800D4952080A43DA8083E7240100D0D1
:1010500000ED00E0C1010010E004002000E100E02C
:10106000A4C6002001BDFFFFAAAA000001BD000028
:101070001A05002000F0FFFF00F8FFFF10B58308FD
:10108000040003202040FF24054AC0009446844009
:1010900081409B0063441A68A2430A431A6010BD52
:1010A00000E400E070B501240443EFF30581EFF3A1
:1010B000108C72B6214A1368002BFCD0BFF35F8FEF
:1010C0001F4B05001F4AED1A6D416A43120D1E4D5C
:1010D0008900AE6852B27658A6421CD006215956F5
:1010E00091421CD012215956914222D01E215956AC
:1010F000914220D02A2159560324914210D0134BFB
:1011000019781A708171BFF35F8F00220B4B1A6040
:101110008CF3108870BDAB680D4C5C50EFE7002479
:101120006100091989005B18FF21997109499980AB
:10113000E5E70124F4E70224F2E7C046240100D0E9
:10114000E0040020AAAA000000ED00E0A4C60020F0
:10115000C101001001BDFFFF1F2110B5091A02488F
:10116000FFF71CFD10BDC046ACC6002010B5084BF3
:10117000084C82B001000093002205232000FFF7F5
:10118000BFFC002801DB1F23181A02B010BDC046A7
:10119000B0450110ACC6002070B504000E0015006B
:1011A000FFF718FD0100200000F006F8A680E5809A
:1011B000BFF35F8F70BDC046024B9C4661448900FF
:1011C0000160704740000034F8B5134D134E2C00F9
:1011D000FF27B5421ED22368002B0FD0FFF7FAFC81
:1011E00001002800FFF7E8FFA780BFF35F8F0834F6
:1011F000B4420FD223682500002BEFD1FFF7EAFCA1
:1012000001002800FFF7D8FF2771BFF35F8F083474
:10121000B442EFD3F8BDC046E8050020F005002039
:1012200010B50400FFF7D6FC01002000FFF7C4FF53
:10123000FF23A380BFF35F8F10BDC0460A4B196820
:10124000EFF3108072B60A68002AFCD0BFF35F8FFC
:101250001B68BFF35F8F00221A6080F3108840BFC5
:10126000002000217047C04658C60020F0B5DE4679
:1012700057464E464546E0B585B0EFF30582032359
:101280001340B64A9900575801229A40884693461F
:10129000B34B1A60B34B02935B46B34843630823D6
:1012A000FE5E002E35DABB881BB2002B00DBA8E007
:1012B000BB79002B00D0E9E00823F85E00281EDB94
:1012C00043007A691B18DB00D3189D68DC686B1C2F
:1012D00000D108E1A44801004144826A0B69AE1ABA
:1012E0009B1A9E4213D35A46036A1A420FD09E4855
:1012F00000F0CEFB8C4202DCCED18542CCD940BF7F
:1013000005B0F0BCBB46B246A946A046F0BD0D6193
:10131000EDE77A69730091469B19DB0099444B46CF
:101320009C68DD6800F0B4FB8D42BCDC00D1FEE0BF
:10133000002D00DAE3E04B46029A1B69934200D18C
:10134000D5E04A465288494694460822B85E62462D
:101350000004496910439847009001910099019A4F
:101360000B001000134300D1C9E013000A0000284D
:1013700000DBE0E020002900801A99414B4698608C
:10138000D96000229A5E002A00DA8CE753009C188C
:101390007D69E4002C190093A368E4689A468C42A6
:1013A00000DD80E702D1834200D97CE708239C4618
:1013B000BC443A8103976746009BB4463E000EE06A
:1013C0008C4200D1C5E01E000023F25E002A0BDB38
:1013D00053009C18E4002C19A768E468BA469B18CF
:1013E000DB00EB188C42EBDD330066469C464B4637
:1013F0001A806346039F1E80BB881BB2002B00DA55
:1014000056E73A69EFF3108172B61368002BFCD0EF
:10141000BFF35F8F0123BE885B42BB8036B23B695E
:10142000BFF35F8F00221A6081F31088002E00DA6C
:101430003EE73B0008333A0099467D6973009B19EB
:10144000DB00EB189968DC688C460820115E484682
:10145000002910DB009306E0A34240D00023F95E90
:101460003800002906DB4F007F18FF00EF19FB68EA
:10147000A342F1DD009B068000201E5E1980002E35
:10148000DCDA1700BB79002B00D115E70023BB7114
:101490003D000823F95E08354B1C00D12FE77C691D
:1014A0000800A44603E035004B1C00D106E74B00C2
:1014B0005B180A006146DB00CE18C95E73881BB258
:1014C000002BF0DA01235B42DC17B360F460824248
:1014D000EAD029803B89100033803A81E4E7BB6879
:1014E0006345BBD9C6E7631C00D0F3E6FFE64B4675
:1014F0005B699A461B6950469847002823D14B46A2
:101500001B883A693B81EFF3108372B6116800299A
:10151000FCD0BFF35F8F49467A880A803A697E80A3
:10152000BFF35F8F0021116083F31088BBE6844214
:1015300000D8FDE6B7E60C4800F0AAFA009B019C33
:10154000C01861411AE753461A685B68009201931C
:1015500004E7824500D836E746E7C0466CB5002070
:101560003C7005406D1200100040054070B52E4CD7
:101570002569002D04D00A212C48FFF71DFE70BDFF
:101580002B4E0321300000F079FAE660FFF722FBD2
:10159000284B03229C46D02322701B061B68012186
:1015A0006370254B6044A3600F23800020610220FC
:1015B000638063694942A1801980023119864731ED
:1015C0001D83585218315A5275325C39995218326B
:1015D0000131995218320131995218320131995220
:1015E000083518329D5202311832995218320131A1
:1015F00099521832013199521832013199521832E8
:10160000013199521832013199520C4B0C49DC606E
:1016100001303562FFF724FB01210320FFF706FBB1
:10162000084B1D60A7E7C0462805002058C60020CB
:101630000040054040000034FFFF10006CB5002062
:101640006D120010386005400048704728050020E2
:10165000F8B51F0008AB1B7804001600002B08D15A
:1016600000F01EFA32003B00121A8B41002B00DA08
:1016700053E02269EFF3108072B61368002BFCD0A0
:10168000BFF35F8F0223E15E63694A005218D20004
:101690009B18002937DB1A8862802269BFF35F8FAD
:1016A0000025156080F31088069A9E60DF601A613D
:1016B000079A5A615A8801325204520C101C002AAF
:1016C0001FD082B25880080410432669EFF31087B8
:1016D00072B63268002AFCD0BFF35F8FA2881A80EE
:1016E000A1802369BFF35F8F00221A6087F31088FF
:1016F0000B4923788C4601329A40E36863441A60B0
:10170000F8BD0120DDE72369BFF35F8F00221A6077
:1017100080F3108801204042F2E70020F0E7C04645
:101720003C20000070B501000469EFF3108C72B624
:1017300020680028FCD0BFF35F8F02200D5E4C694B
:1017400068004019C0002418002D37DB208848802D
:101750000869BFF35F8F002606608CF31088E36092
:1017600063880498013320615B0405985B0CA260D8
:1017700060611A1C002B1FD093B2280462801843AA
:101780000A69EFF3108C72B61368002BFCD0BFF31C
:101790005F8F8B8823808D800B69BFF35F8F002262
:1017A0001A608CF310880B7801329A40CB68084994
:1017B0008C4663441A6070BD0122DDE70B69BFF3FC
:1017C0005F8F00221A608CF3108801204042F2E7FC
:1017D0003C20000010B543890A1493421ADD5300DF
:1017E0009B184269DB00D3180469EFF3108C72B6C2
:1017F0002268002AFCD0BFF35F8F5A88090494B294
:10180000090C8A4208D00369BFF35F8F00221A6077
:101810008CF31088002010BD8022120214435C80DB
:10182000012302698371BFF35F8F002111608CF384
:101830001088044902788C469340C26801206244B3
:101840001360E8E73C200000F0B504000D00062618
:101850007642F717C64636196F4100B582B08F42FF
:1018600014D811D000F01CF932003B00121A8B4141
:10187000002B17DC002B47D02000290000F04EF988
:1018800002B080BCB846F0BD8642EBD900220023EE
:1018900016001F0000F004F932003B00121A8B41C1
:1018A000002BE7DD00F0FCF832003B00121A8B4100
:1018B000002B0ADB00230193154B320000931548DF
:1018C0003B00FFF72FFF0028D6DB00239C46B046E5
:1018D000114A124E736A9F4204D8B16A4145CBD275
:1018E0009F42C9D11168EFF3108072B60B68002BCC
:1018F000FCD0BFF35F8F1368BFF35F8F6146196041
:1019000080F3108820BFE5E7002AB5D0CAE7C046BB
:101910003D1200102805002058C600200040054058
:1019200070B504000D0000F0BBF880230019694178
:101930001B06994202D3012002494042FFF784FF6F
:1019400070BDC046FFFFFF7F70B5060000F0A8F82D
:10195000FA2204000D00002330000021920000F064
:10196000E1FF8023001969411B06994202D301203F
:1019700002494042FFF768FF70BDC046FFFFFF7F8E
:10198000F0B5CE46474680B504000D0083B0EFF3B6
:101990000587002F0DD0364A0020536A8B4203D3AF
:1019A000926A0130A24250D303B0C0BCB946B046DF
:1019B000F0BD304B9846DB689946434648461E7852
:1019C00000F066F80B00494602000436B600715874
:1019D00020008E1A2900801A99418F4211DC0ED006
:1019E00020BF234A0020536AAB42DDD3926A013004
:1019F000A242D9D2EB1A5A1E9341D8B2D4E78642FA
:101A0000EED900F04DF822002B00121A8B41002B6A
:101A100020DB00230193184B2200009340462B004B
:101A2000FFF780FE011E15DD114B2E005A6A95420C
:101A30001CD89B6AA34217D34046FFF7CBFE0C4A43
:101A40000020536A9E42AFD8D0E75B1A5A1E9341DA
:101A5000D8B2A9E7064A0020536AAB42A4D3926ADF
:101A60000120A242A0D2C5E79542E5D120BFE3E71D
:101A700000400540280500203D12001010B5024A24
:101A80000248FFF71BF810BDD8450110140B0020C9
:101A90000300416A0A00986A596A8A42FAD170477B
:101AA000034B596A0A00986A596A9142FAD1704701
:101AB0000040054070B504000D00174A536A190034
:101AC000966A536A8B42FAD13000190024184D41AE
:101AD000AB4216D813D0104B2A005B6A9D4203D943
:101AE0000D494B6A9342FCD3934207D10A4A02E064
:101AF000516A994202D1916AA142F9D370BDA642BE
:101B0000E9D9054B5B6A1C005A1CEFD00122012465
:101B10006442E5175242E3E700400540064A536A33
:101B20009942FCD807D1044B02E05A6A914202D193
:101B30009A6A8242F9D3704700400540F8B5040024
:101B400006200D0000F076F9002842D0364B3749C8
:101B5000E21853425A418023DB039C469205344BE2
:101B600062441A60334B1A6010000B689843FBD133
:101B70002D4B314AE31859424B4180215B0049000B
:101B80000620995200F056F92900C00000F058FBD9
:101B90000130C3091ED1402701226262A362266B75
:101BA000F30722D4E36A254B0620E51800232B60B7
:101BB000266300F03FF93900800000F041FB7023FC
:101BC000E26A5A400E3313402B601D4B23630323FC
:101BD000A364F8BD1B4A93421ED900231A4A1B4F27
:101BE0006262A362266BF307DCD5194B144AE31833
:101BF0001A60656AA36A0620AD01ED1800F01AF9B3
:101C0000144900F01DFBAD020100280000F018FB94
:101C10000021FFF74FFFC5E74006800E9F011A0025
:101C20003F180300B9E7C0460080FCBF08C0004071
:101C300000E0004000F0004080C600202C100000B2
:101C400001030000FEFF0000FFFF0000C0FF3F0097
:101C5000303000004E0E0000F8B5DE464E465746C6
:101C60004546E0B58B4605000A991800160000F0BD
:101C7000E7FA0A9B6C001F02324B64199C46A400D1
:101C80006444636881469F4200D967602B1FDBB2C2
:101C90009846012B30D9C02380229B01E318120102
:101CA0001A60294BAD0059599A4600291BD173017E
:101CB000E026226853401E40802342465B01E31821
:101CC0001E60012A30D9802380229B01E318120173
:101CD0001A6053464A4667605A51F0BCBB46B2464A
:101CE000A946A046F8BD586900F0AAFA01304300A1
:101CF0001B18033BFDD2DAE75B46012BCBD1C02397
:101D000003229B01E3181A60023AA3681A42FCD02E
:101D10007301E0262268AD0053401E4080230A4A2A
:101D20005B019246E3181E605A4621685140032227
:101D30000A401A6001225B469A40A3681A42FCD00E
:101D4000C1E7C046008000401C0B0020F0B54646AD
:101D50004F46D646C0B51F00344B44009C4624185D
:101D6000A4006444636888461600FF2B02D88023D1
:101D70005B006360031FDBB29A46012B30D9C0239E
:101D800080229B01E31812011A60294B85005959E2
:101D9000994600291BD17301E026226853401E405A
:101DA000802352465B01E3181E60012A30D980234C
:101DB00080229B01E31812011A6080235B0063609C
:101DC0004B465F51E0BCBA46B146A846F0BD5869E3
:101DD00000F036FA013043001B18033BFDD2DAE76E
:101DE0004346012BCBD1C02303229B01E3181A6089
:101DF000023AA3681A42FCD07301E02622688500EB
:101E000053401E4080230A4A5B019146E3181E603E
:101E100042462168514003220A401A60012342468B
:101E20009340A2681342FCD0C1E7C0460080004046
:101E30001C0B0020014B8000C05870471C0B002079
:101E4000F8B5040020481D0017000E0000F0F8F956
:101E50000100380000F0F4F9069B29041B03194324
:101E60002368002B1EDB194B194DE21853425A41CF
:101E700080235B019C461203164B62441A60164B8A
:101E80001A6017002B689F43FBD1144B2660E218A1
:101E90002123A06013602368002BFCDA0823E16093
:101EA0001360F8BD3F2322681340B342DBD1A3681F
:101EB0001B051B0D8342D6D1EE22E368D2021340EC
:101EC0008B42D0D1EDE7C046001BB7000040FDBFFC
:101ED00008C0004000E0004000F000400430000076
:101EE0008023024A9B000B43D36270470080054069
:101EF000142310B50100188804331B88984710BDBF
:101F0000162310B50100188802331B88984710BDAE
:101F1000F8B54746CE4680B50F1E19D01423994612
:101F2000043304000025012698464B461888434692
:101F300021681B88984701C4431E984101354042DF
:101F40000640AF42F1D13000C0BCB946B046F8BD42
:101F50000126F8E7AA23064A1B0113608D235B00C4
:101F6000D3600449044B19605368002BFCDA7047B6
:101F70000040024000B0FA00006002407047C046D6
:101F800010B50148FEF76CFDFC45011070B5074D1A
:101F9000074EB54209D20024013E761BB60808CD93
:101FA000984723000134B342F9D170BDB04301100A
:101FB000EC430110054B064A06491A60064A074BD6
:101FC0001A6010000B689843FBD1704700E0004096
:101FD000BFCDFBFE08C00040FE7F3C0000F000408B
:101FE000044BDB6C002B03D18022034BD2021A601E
:101FF0007047C046000011504C201150044A054B58
:102000001A60054A1368DB018033FBD17047C04674
:10201000FFFFFF0100F0004008C000404022034BDA
:102020009A675A671A67DA667047C04600F001403F
:1020300010B5FEF7DBFD10BDF8B52B492B4C2C4D30
:10204000641AA6103200302E00D9302228009200E7
:1020500000F0C4FCBC2C3ED8731C18000127254A94
:10206000302B3BD92F212C196407E40F891B05293C
:1020700017D9302B15D8002C33D0B300EA503F1BB2
:1020800033199B007908EB18C900C9181A605A6007
:1020900008338B42FAD101233B421CD09F433E18A8
:1020A000731CB1006A50302B15D09B00EA50B31C52
:1020B0002E2E10D09B00EA50F31C2D2E0BD09B002F
:1020C000EA50331D2C2E06D09B00EA50731D2B2E98
:1020D00001D09B00EA50084B9D60F8BD2F37BF1B15
:1020E000C0E73000CBE7C04600010010C00100107F
:1020F00000000020C101001000ED00E0002310B539
:10210000294C82B0A367FFF725FF0122274B1A60F5
:10211000636C012BFCD10322254B1A60224A936B7E
:10212000012BFCD1013300930121224A22480433C0
:10213000FFF786FE052301210093204A2048FFF780
:102140007FFE0022022104201E4BFFF7FFFD00222C
:10215000012105201C4BFFF7F9FD0022002107207B
:102160001A4BFFF7F3FD002200210820174BFFF761
:10217000EDFD8023DB000093002200210920134B9A
:10218000FFF76AFD0022104B00210620FFF7DEFD5D
:102190000420FFF74FFE0E4900F052F80100002026
:1021A000FFF79EFE02B010BD008000403CB0004032
:1021B00030B00040002F685900800240008C8647F4
:1021C00000C00240001BB70040597307006CDC02DE
:1021D00040420F0001480421014B184740050020F0
:1021E000111F0010014B9B6818470000400500209C
:1021F000124A936F9B0815D29066D166002905D0CC
:10220000FFE7FFE7FFE7516F106F704704B58021CC
:102210000906C2175140002800D0C84312F0A0F8A8
:10222000002104BDF0B5146E556E576F166FFFF7A1
:10223000E3FF1466556657671667F0BD000000D0CF
:10224000114A936F9B0813D210665166002905D07E
:10225000FFE7FFE7FFE7516F106F704704B50028F5
:1022600001D00020C04312F07BF8002104BDC0461D
:10227000F0B5146E556E576F166FFFF7E5FF1466D5
:10228000556657671667F0BD000000D094464A4A6D
:10229000926F9208624601D228E0C046F0B5464EE1
:1022A000346E756E776F366F00F020F89446424AB0
:1022B00014665566576716676246F0BD94463E4AF7
:1022C000926F9208624601D254E0C046F0B53A4E91
:1022D000346E756E776F366F00F04CF89446364A60
:1022E00014665566576716676246F0BD002B24DBFF
:1022F00011D000293EDA00B5C943404200D1013176
:1023000000F038F8C943404200D10131DB4352426A
:1023100000D1013300BD002AEBD1002801D10029F2
:1023200005D00020C90FC90701D1C043410800B53D
:1023300012F006F80022002300BD00B500290ADBD8
:10234000DB43524200D1013300F014F8C94340424C
:1023500000D1013100BDC943404200D10131DB430E
:10236000524200D1013300F005F8DB43524200D164
:10237000013300BD002923D1002B18D1002A0CD035
:10238000BC460D4F38667A6600210023FFE7FFE761
:10239000FFE77A6F386F67467047002801D007481B
:1023A000010000B511F0CCFF0022002300BD0200A7
:1023B0000B00002000217047000000D0FFFFFFFF4E
:1023C000002B00D0BFE0130C28D1002AE7D080B446
:1023D000114F39667A66FFE7FFE730B4040C7B6F74
:1023E000396F1B0423433B667A66FFE7FFE7FFE78D
:1023F000C04684B27B6F3D6F1B0423433B667A6605
:10240000FFE7FFE7C04600232C042D0C7A6F386FDE
:1024100000196941B0BC7047000000D0F0B5944687
:102420000025140E01D112020835140F01D112013A
:102430000435940F01D192000235D40F01D152001E
:102440000135D40B0134254F7C66254C3C660E0CBF
:1024500093B2FFE7FFE7FFE73C6F6643360C770375
:10246000BE467343DF0B5B04C01AB941130C7343C0
:10247000DB18C91ACE086643360CB64493B27343D0
:102480001F0F1B01C01AB941130C73431F0B1B050F
:10249000C01AB941860D8F023E436643360C092DA2
:1024A00024DB520A7243801A7703460A6643360CCD
:1024B00016235B1BDE40DF40BF1964466643821B68
:1024C0007046043506330100D940A840C01900D336
:1024D0000131A24206D20023F0BD0000000000D06E
:1024E000FFFFFFFF121B0130F3D3F1E709277F1B2A
:1024F000FE406446A2B27243801A00D20139220C17
:102500007243130C1204821A99410B007046043571
:1025100013370100F940A840801900D30131002B86
:1025200002D1A2420AD2F0BD013000D30131121B08
:10253000FAD2013BF8D1A24200D2F0BD013000D363
:102540000131121BF7E7F0B51C0C00D080E00CB491
:1025500000251C0A04D11B02160E33431202083553
:102560001C0B04D11B01160F3343120104359C0BC5
:1025700004D19B00960F334392000235DC0B02D14D
:1025800092185B4101351C00971864410134464F95
:102590007C66464C3C660E0CFFE7FFE7FFE7C04653
:1025A0003C6F6643360C7703BE4697B27743C01B39
:1025B00000D20139C01B00D201399FB27743C91B39
:1025C000C91B170C77437E04FF0B801BB941CE0853
:1025D0006643360C0C2D33DBB644120B1F053A4311
:1025E0001B0B97B27743C01B00D201399FB27743D0
:1025F000C91B170C77433E043F0C801BB941860D65
:102600008F023E43664329277F1BFE400C3D7746E1
:10261000AF40BF1930BCA2B2ABB272437343801A51
:102620009941220C7243130C1204801A9941020042
:102630000B000137001BA941F9D2781E0021F0BD23
:102640000C277F1BFE4077467F0BAF40FF19E0E76A
:1026500000245D1C07D0144F7D663966FFE7FFE755
:10266000FFE7FFE73C6F95B29EB265436643401BB0
:10267000B141150C1E0C6543664336042F0C3E43D6
:102680002D04401BB141994204D202000B002000EE
:102690000021F0BD01D19042F7D3801A9941013455
:1026A0009942F2D3F6E70000000000D0FFFFFFFFE1
:1026B00048404140484018B4134B5B68019308BD43
:1026C00018B4114B1B68019308BD94460F4A926FD2
:1026D000920805D2624618B40B4BDB68019308BD23
:1026E0000A4AF0B5146E556E576F166F6246FFF7C3
:1026F000F2FF064A1466556657671667F0BD18B4B0
:10270000014B9B68019308BDC0070020000000D06A
:10271000FFB550404240504059404B40594000E0C6
:10272000FFB5154F4C00640D03D0BC4204D10C031F
:1027300014D80020090D09055C00640D03D0BC42CB
:1027400004D11C030AD800221B0D1B0501264B4097
:1027500009D44B4003D58B4200D18242FFBD994240
:10276000FCD19042FFBD0B43DB1803431343F5D06C
:10277000C9434918FFBD0000FF07000000B5FFF77F
:10278000CFFF804100BDC04600B5FFF7C1FF01D9B2
:10279000002000BD012000BD00B5FFF7B9FF80415A
:1027A00000BD012040054A00121804D85A00121832
:1027B00001D8002070470120704700000021002848
:1027C00005D17047C1174840401AFAD0C90713B560
:1027D000064B1B6898470CBC441CA2401005120B0A
:1027E0000349091B09051943114310BD54C50020B5
:1027F0001F04000010B54C00620D8023D218DB00CE
:10280000D21A5B057E2A10DD9E3A13DACC17090333
:10281000490819435242D140640001341532202A3C
:1028200005DAD0400843604310BD002010BD0846C3
:10283000604310BDC80FC018013810BD18B4024B5A
:102840005B6A019308BD0000C007002010B5014875
:10285000FEF706F908460110132370B51D78012D07
:1028600019D014DD1D48FFF74BFB06001C48FFF78D
:1028700047FB1C4C80223100200000F0AFF8022DF5
:1028800006D01948FFF734FB184B186070BD154C83
:10289000174BA364F5E7174B124C23606360A360EA
:1028A000E36023616361A361E36123626362A36206
:1028B000E36223636363A363E36323646364A364E6
:1028C000E36423656365A365E36523666366A366C6
:1028D000E36623676367A367E367D9E753440000B0
:1028E00053460000C00700204C33000054C50020B0
:1028F000F92800104D28001007B5604601880A0A23
:102900000230DF2AFAD1C9B2820804D30288408893
:102910000004104300E00068014A5050039007BDD6
:10292000C007002051434343C9188C46110C83B2A1
:102930004B4310B4040C614392B280B250436243E3
:102940001C041B0C001910BC59411304120CC018B4
:10295000514161447047000010B50148FEF780F80E
:10296000C4610110132310B510481C78FFF7C8FA92
:102970000100012C0AD003DD80220D4800F02EF862
:102980000C48FFF7B5FA0C4B186010BD084C5422E8
:10299000200000F023F82200084980322368002B31
:1029A00000D1216004349442F8D1E9E75346000095
:1029B00058C500204C33000054C500205929001090
:1029C00001480421014B184750050020111F001039
:1029D000014B1B681847000050050020014B5B6845
:1029E00018470000500500209A4200D288547047D2
:1029F0007047C046F8B557464546DE464E46E0B5F8
:102A000098460A9B06009A460D9B0F0093461500B8
:102A10009B0710D10B9B0C9A93420CD213005C467F
:102A20000B9A9D1A5D442200434601343900202050
:102A3000B047A542F7D10B9C6319002C09D01D00AB
:102A400053462A1B013C185D39004346B047002C11
:102A5000F6D10D9B9B070ED55B46EC1A0C9BA3424F
:102A600009D999462A004346390020200134B0474D
:102A70000135A145F6D82800F0BCBB46B246A946B0
:102A8000A046F8BDF0B54F464646D646C0B584B020
:102A900098460EAB1B7894469946129B0D9C109F4E
:102AA000119E9A0724D4002E6AD1BC4220D2012262
:102AB0001A409246202C00D1CBE00C9A551E3022B1
:102AC00001E0202C30D001342A55A742F9D85246D3
:102AD000002A0DD0B4420BD20C9A551E3022202C65
:102AE00002D126E0202C61D001342A55B442F9D11C
:102AF000DA0634D55A0562D4002C5CD10F9A102A1C
:102B000000D191E0022A00D1A1E030220C9C227079
:102B100001244A46002A5CD15A0700D47DE02B22CA
:102B20000C9D2A5501341CE05246002A02D0202E6A
:102B30003CD92024DA0614D55A0512D4202F00D10E
:102B400097E0202E3BD120261F2234000F9D102D10
:102B500000D181E0022D4CD030250C9FBD54202C9B
:102B6000D7D103930C9B624600930296434601948F
:102B7000FFF740FF04B0E0BCBA46B146A846F0BD3E
:102B8000012215001D40AA461A4227D04A46002AB3
:102B900033D10C321A4230D1BC429BD2202C00D00F
:102BA0008BE7202EC5D8DA06A4D4DAE72024DA068B
:102BB000D7D55A0503D4A74221D0B4421FD00F9ACB
:102BC000102A21D0022A10D0202CCAD02200013491
:102BD000C2E72D220C9D2A550134C2E7BC4200D326
:102BE00086E7202C00D068E7E1E7202CB9D022004E
:102BF000013462250C9FBD54E6E7013ECCE7621E1E
:102C0000012C00D17AE7A1E79A0616D4202CA8D08F
:102C100078220C9D2A550134D6E71A07A1D5202227
:102C20000C9D2A5501349CE79A060ED478220C9C00
:102C300022703022627002246BE7202C91D058253C
:102C40000C9A121915700134BEE75822EFE7622280
:102C5000EDE7002AA7D1AAE7023C9D0604D4782517
:102C60000C9F3D551400B1E758250C9F3D551400AD
:102C7000ACE71F226AE7C04610B5002800D110BD9E
:102C800001F038FBFBE7C0460B0010B5002802D06E
:102C900049681B68984710BDF0B557464E464546F3
:102CA000DE46E0B599B08246894690460993229A5D
:102CB000239B10001900FFF774FD002800D0C8E026
:102CC000229823990122D54B5242FFF765FD002837
:102CD00000D0BEE0229823990122D14B5242FFF747
:102CE0004DFD002800D0B4E0229823990022002353
:102CF000FFF744FD002800D0E9E1229E239F8023B6
:102D0000269ADB001A400D92269A1A4201D1062318
:102D100024933B00334300D0B4E0269B1B0500D531
:102D2000BFE1002300240A930B94002304250C9395
:102D3000259B0024AB4200D95C1B0223269A1A4033
:102D40000D92269A134203D06B426B415B421C40AA
:102D50000C9B002B07D00A9A0B9B30003900FFF721
:102D6000B4FC06000F002298239900220023FFF7ED
:102D700005FD002803D0802109067B181F00269A34
:102D8000A84B009601971340099E0493249B03943B
:102D90000293424633004946504600F0A7F904002A
:102DA000002D67D02020269A4946024013005A423F
:102DB00053415B42621C18400A92330022004530A6
:102DC000D0470C9A6F1ED317D4185C40D30F9B4684
:102DD000002501E0202D13D008AA94461F232000CF
:102DE00063440A2101355E19FFF72AFA3031317048
:102DF00020000A21FFF724FA26000400092EE9D852
:102E000005230693002304930A3303935B46099E2C
:102E1000029310AB0A9A0093494633005046059737
:102E20000195FFF72FFE0D9A0400002A22D042469A
:102E3000851A259AAA421DD9B04657461600220087
:102E40004346494620200135B8470134AE42F6D802
:102E500010E0269B42460493259B49460393249BFE
:102E600050460293229B239C00930194099B00F0FF
:102E70003DF90400200019B0F0BCBB46B246A9469B
:102E8000A046F0BD684B78009C46400D6044FFF7BB
:102E900099FC664A664BFFF732FC664A664BFFF7C1
:102EA0000FFC664A3B031B0B1A4304000D00644BE6
:102EB000110030000022FFF7FEFB624A624BFFF771
:102EC0001EFC02000B0020002900FFF7F9FBFFF7B2
:102ED00091FC0C90FFF776FC5C4A5D4B04000D0002
:102EE000FFF70DFC00225B4BFFF7EAFBFFF782FCCC
:102EF000594A8346594B20002900FFF700FC040083
:102F000058460D00FFF75EFC554A564BFFF7F7FB9E
:102F100002000B0020002900FFF7CDFB02000B0090
:102F20000A900B91FFF7EBFB04000D000A980B9938
:102F300002000B00FFF7C4FB00220E900F914A4BDA
:102F400020002900FFF7C1FB0022484BFFF7B8FB28
:102F500002000B0020002900FFF7B7FB0022444BC2
:102F6000FFF7AEFB02000B0020002900FFF7ADFBCE
:102F70000A9A0B9B0D0080210400C9050020FFF771
:102F80009AFB02000B0020002900FFF799FB394C47
:102F900002000B000E980F99FFF797FB5C4400228C
:102FA000264BFFF78DFB23050022FFF7A8FB04004B
:102FB0000D0002000B00300039000A940B95FFF75A
:102FC000DDFB00285ED123002A00C6250C99633161
:102FD0008D42AD4126996D420435090500D4A7E61E
:102FE000134364D030003900234A244BFFF7CCFB55
:102FF000002807D0002230003900214BFFF7BEFB2C
:10300000002854D1249B002B00D191E60D9B5A1E21
:103010009341249AD31A24938AE6C046FFFFEF7F98
:10302000FFFFEFFFFFF7FFFF01FCFFFFFB799F5062
:103030001344D33FB3C8608B288AC63F0000F03FDB
:103040000000F83F61436F63A787D23F71A37909FE
:103050004F930A400000E03F1655B5BBB16B0240EC
:10306000EF39FAFE422EE63F00002C4000002440DB
:1030700000001840FF0300002D431CEBE2361A3F0E
:1030800080842E410C9B0022013B0C932000164BA8
:103090002900FFF71AFB0A00010003000A910B92B6
:1030A00093E7002300240A930B9400230C93249AA3
:1030B0000C9B9A4214DDD31A013B24938023269A59
:1030C000DB001A430023002526920C9330E6802271
:1030D00012069446229B1E00239B63441F000EE6AB
:1030E00000232493EAE7C04600002440F0B545469B
:1030F000DE464E465746E0B595B08B46904699461B
:103100001E9A1F9B0A9019001000209DFFF749FB93
:10311000002800D0B0E11E981F990122C74B5242EF
:10312000FFF72CFB002800D037E11E981F990122E1
:10313000C34B5242FFF730FB002800D0A7E01E9897
:103140001F990022BF4BFFF727FB002800D088E023
:103150001E981F990022BC4BFFF710FB002800D0DF
:103160007FE01E981F9900220023FFF707FB00282D
:1031700000D0FAE000230B938023229C229ADB00EC
:103180001C401A4200D102E1092D00D87EE106A9B7
:103190008C462C00172200233021093C6244013365
:1031A000D154EF1A202B00D132E1A342F7D10022F3
:1031B000A44B069207931E981F99FFF71BFB05006F
:1031C000FFF700FB02000B001E981F99FFF773FA30
:1031D000069A079BFFF793FA08900991FFF72EFBD9
:1031E0000600FFF7EBFA02000B0008980999FFF7B9
:1031F00062FA0022954B08900991FFF7CDFA00285A
:1032000000D1D2E001363000FFF7D8FA069A079BCA
:10321000FFF7BAFA002801D000260135AA46002F90
:1032200000D098E02800FFF7CDFA02000B001E98AE
:103230001F99FFF740FA854B002206000F00FFF7A9
:103240009DFA0CAB9A46002845D100223000390087
:103250007E4BFFF7A1FA00283DD1EB073BD50135A6
:1032600039E0229B42460493219B594603930A98D6
:103270001E9B1F9C0295009301944B46FFF70CFD8B
:1032800015B0F0BCBB46B246A946A046F0BD229B95
:103290005B0767D403226E4B229901920391219917
:1032A0000291009342464B4659460A98FFF7A2FB0B
:1032B000E6E706AA94461723280063440A2101344E
:1032C0001E19FEF795FF3031280031700A21FEF7F4
:1032D0008FFF051E76D0202CEBD10323229A1340BA
:1032E000012B1DD1219B002B1AD00B9B002B00D052
:1032F000BBE0229A0C33134200D0B6E0219BA342DC
:1033000000D887E006AB9C4617223023624404E0D5
:103310002199013413558C4259D0202CF8D1202406
:10332000229B01940393219B02935346B9E706AA7B
:10333000944617230A216344300001341D19FEF717
:103340007FFF3031297030000A21013FFEF778FFFE
:10335000092E46D90600202CE9D155460CAB202475
:103360009A46B8E704223B4B96E71E9A1F9B002023
:103370000021FFF7A0F901230B938023229C229ABE
:10338000DB001E901F911C401A4200D0FCE6002278
:10339000314B0627069207930DE7229B0393219B4F
:1033A0000293042301932D4B7BE70022089809998F
:1033B000264BFFF7E3F9002800D02FE7002E4FD16E
:1033C00001362BE70323229A1340012B68D0202CCF
:1033D000A6D00B9B002B1FD02D2352461355013432
:1033E0009EE75546202CB9D030223B19002F4BD0F8
:1033F000172006A9013409180A55202CAED09C428A
:10340000F6D10CAA92462E2251465C1CCA5462E7A1
:103410002024CCE6202C83D0229B5B0708D4229B5F
:103420001B0700D47CE7202352461355013477E76D
:103430002B2352461355013472E7C046FFFFEFFFBE
:10344000FFFFEF7F65CDCD4165CDCDC10000E03FF1
:10345000BC460110B446011080842E41C4460110C0
:10346000F30700D4DAE60136D8E6219B013B21932D
:10347000A34200D946E7AAE7229B0393219B02932C
:1034800003230193084B0CE72300BAE7074BEA003C
:103490009B185C681B682F000693079400248AE63B
:1034A000219B002B93D020E7C046011068480110F3
:1034B000F0B5DE4657464E464546E0B59FB01C0087
:1034C000289B93460A93CC4ACC4B8A4609901A60B3
:1034D000002900D14DE1002320789946002800D131
:1034E0004FE1C74B4D460893C64B0D930AE02A00A7
:1034F0006E1C5B46099D5146A84735000134207873
:10350000002872D02528F2D110239946083B98460E
:10351000043B00219C46022701342078260003004A
:10352000203BDBB2102B03D8089A9B00D3589F4650
:103530000300303B092B6ED900272A2800D18AE0EE
:1035400000230B932E2800D176E00300683BDBB20A
:10355000122B1BD8AC4C9B00E3589F46012301342F
:103560001943DAE739430134D7E763460134194395
:10357000D3E74B4601341943CFE74346013419439F
:10358000CBE780235B0070781943013667280AD89F
:1035900024281FD90300253BDBB2422B1AD80D9AF1
:1035A0009B00D3589F460300693BDBB20F2B11D819
:1035B00001249C40954AA446904614400C946246CF
:1035C0004446224200D025E20A2B00D101E1072B1C
:1035D00000D1D8E0099C2A005B465146A04770788C
:1035E0006F1C741C3D0000288CD1A9462C00CB45D3
:1035F00003D801235B425B4499465B464A465146E9
:103600000020099DA84720001FB0F0BCBB46B24671
:10361000A946A046F0BD0027BB00DF1901367F0098
:103620003F183078303F0300303B092BF4D900239A
:103630000B932E2800D088E780237078DB00194395
:103640000300303B741C092B00D82CE12A2800D140
:1036500038E1260079E70A9B80CB002F03DB6078F6
:103660000A93661C6CE70222607811437F420A933A
:10367000661C65E7672800D1C8E1472800D104E24D
:10368000452800D104E207200A9B049107338343B5
:1036900019000B9A039702920CC9099800920193A2
:1036A0000A912A005B465146FFF7F6FA741C0500A2
:1036B00025E770786C2800D10DE280235B00194368
:1036C000013663E780239B007078194301365DE77C
:1036D0007078682800D1F9E180230136194355E755
:1036E000462800D18FE107200A9B049107338343CA
:1036F00019000B9A039702920CC909980092019342
:103700000A912A005B465146FFF7F0FC741C050045
:10371000F5E62A00099C5B46514625206F1CA04710
:103720003D00741CEBE6890700D4DEE10A9B2A0009
:1037300098466B1C9946434601CB51469846099CD6
:103740005B46C0B2A047ED19012F00D893E24C466A
:10375000B1465646099F22005B46013431002020C5
:10376000B847AC42F7D1B24643464E460A93741C62
:10377000C5E6274B2078099300239946002800D0FE
:10378000AFE6002433E70A9B1A0008CA9046002BD4
:1037900000D1A7E0212008430EA98C461F226244D5
:1037A0000F27AC46814615000C9C02E0202C0CD063
:1037B00013003800184001003731092800D80739B4
:1037C000013429551A090F2BF0D8654648460C9448
:1037D00094E00A9B1A0008CA12920B9A002A7BD125
:1037E00002241A786442002A1DD0013418199C461C
:1037F0001C00030010E0C046B13400106C1900201A
:10380000CC4601105C4701101047011041900000A8
:10381000F12900109C4203D0607801340028F9D1CE
:103820006346E01A0C908020C00084460840804621
:103830006046014204D00B980C9C844200D90C9045
:103840000220844608400A906046084200D189E17F
:10385000101E00D170E14246002A00D11BE10B9AF4
:103860005B1B9046A84444462A00B84699465746F2
:10387000B246099E09E05B463900551CB0474B46ED
:10388000585D002800D12CE12A009442F3D156461D
:103890002500BA4647460A9B002B00D04CE1129BFC
:1038A000741C0A932BE6002293009B185B000134E2
:1038B0001A182078303A0300303B092BF4D926003F
:1038C0000B9242E60A9B023604CBD043C01702405B
:1038D0000B9230780A9338E61A78002AA3D00B9816
:1038E000441E82E7102308008027984311331843B1
:1038F0000B00FF003B40394200D14DE70823059300
:103900000B9B2A00049310230393002302930C9B28
:103910000690019316AB009351465B460998FFF75A
:10392000B1F843460500741C0A93E8E5622800D10B
:10393000A6E1582800D1B1E180230A00DB001A403B
:103940009046194200D189E1112399438C46802386
:1039500062469B001A40100062461A4200D023E1E2
:10396000802364465B001C401A4200D032E263466A
:103970005B0600D56BE163460A991B0600D4DBE2C7
:1039800008C91BB2DA179818504080B20A91DA0FB2
:103990000C92002B00D118E280460EAA91461F23FC
:1039A0004B441395E14645461297B0461E0001E090
:1039B000202C0FD028000A21FEF742FC01343719D1
:1039C0003031397028000A21FEF73AFC2F0005003B
:1039D000092FEDD84646CC46129F139D63460693A9
:1039E0000B9B059704930A2303930C9B029316AB3E
:1039F0002A000194009351465B460998FFF742F86C
:103A0000741C05007BE5202319436CE680231B0111
:103A1000194338E6782800D07CE180230A00DB00D7
:103A20001A409146194200D1A5E20D23994308009E
:103A300003330C93802302009B001A4090461842E7
:103A400000D078E1802304005B001C40184200D0C5
:103A500007E2430600D453E2FF210A9B04CB0A404D
:103A600090460A934346002B00D026E1103398433A
:103A70004B46002B00D120E100240B9B06900493C1
:103A80000C9B059703930023B0E780231B01194388
:103A900020231943F7E55B1B99460C9B099C98462C
:103AA0005B46B3465646BA461F002A003B0031002B
:103AB000A0474B460135585D0028F6D143460C938C
:103AC0003B005746B2465E469B46E4E6C023B078CC
:103AD000194302365AE5C0239B00B07819430236D9
:103AE00054E55646BA464746D5E6012F00D832E29D
:103AF0006B1E9846B8442C00A9464546B846574622
:103B0000B246099E22005B46013439002020B047AE
:103B1000AC42F7D10A9B564601CBBA464746984677
:103B200022005B46099C5146C0B2A0474D46434621
:103B3000ED190A93741CE2E40C9BA8469F4200D83E
:103B4000ADE64446B04656467D19099FED1A22005F
:103B50005B46013431002020B847AC42F7D1B24671
:103B600046469CE60C98874200D8F0E142469846CB
:103B70007919B9465746B246099E0C1A0C922A008A
:103B80005B46013539002020B047A542F7D15646A3
:103B9000BA464F4643460C9A90467A1C0C921A78C5
:103BA000101E00D057E67AE60822072191460A9BAC
:103BB00007338B4399444A460ACB0C000A921C43B4
:103BC000DA0F002C4ED0D817040010904C40119002
:103BD0000E94109811990C005C400F940E9B0F9C52
:103BE0001B1A8C410E930F940EA988461F230024A4
:103BF00043441297B046270013951E000E9C0F9D5C
:103C0000E1460C9201E0202F10D0200029000A226A
:103C10000023FEF753FB013730322B00F2550D0025
:103C200022000400002BEED1092AECD84646CC46EF
:103C30000E940F950C9A3C00139D129F63460693B9
:103C40000B9B059704930A2302920393CFE6FF236D
:103C50000A9904C9134018000A9198E61023994361
:103C60008C4674E643460024002BE7D10023002451
:103C70000E930F94B8E743464D460A93741C3EE4F6
:103C800080230A00DB001A409146194200D140E12E
:103C90000D2399430B3B08000C93CBE680230A00CD
:103CA000DB001A409146194200D162E10D23202029
:103CB0009943033308430C93BCE66123810600D586
:103CC00041230EA91F228C46DBB262440A3B1397A4
:103CD0001495814645460C9FB0461293160008E0A5
:103CE0003033DBB201343355BD420ED3202C0CD01F
:103CF000050039002800FEF7A3FACBB20929EFD955
:103D0000129A94466344DBB2ECE746464846139F5A
:103D1000149DB2E66F2800D03CE10C2308009843C4
:103D200080230A00DB001A409146194200D02AE1A4
:103D300008230C937EE60A99FA3BFF3B073199432F
:103D400001339C468C4463464A680A930B6890464C
:103D50009C461343191E06D14B461031002488435C
:103D6000002B00D089E66121830600D541210EAAEF
:103D700091461F234B449946C9B20C9B0A391397AD
:103D80001495159645464E4600246746984681464A
:103D900012910CE03032D2B2002301343255AB42E2
:103DA00000D1BCE0202C00D1BCE007000D00424651
:103DB000002338002900FEF781FAD2B2092AE9D996
:103DC000129B9C466244D2B2E6E74346002B00D0E9
:103DD00004E6E2E50A9C08CCDA0F1392002B00D12E
:103DE000A5E0D9175B184B4098460EAA91461F23B1
:103DF0004B440C95A14645461296E04606001C0031
:103E00000A9701E0202E0FD028000A21FEF718FAA9
:103E10000136A7193031397028000A21FEF710FA4F
:103E20002F000500092FEDD8C4464C4630000A9FEC
:103E30000C9D129E634606930B9B2A0004930A2353
:103E40000393139B0190029316AB009351465B467C
:103E500009980597FEF716FE0A940500741CFFF7F3
:103E60004EFB0A9B10CB1493002C04D110239843D3
:103E70004B46002B2CD16123810600D541230EA98E
:103E80001F228C46DBB262440A3B1297139581468F
:103E900045460C9FB0460A93160008E03033DBB26B
:103EA00001357355BC420ED3202D0CD004003900CF
:103EB0002000FEF7C5F9CBB20929EFD90A9A94463A
:103EC0006344DBB2ECE748464646129FA846139D82
:103ED0000B9B2A0004930C9B0690039300230293F0
:103EE0004346019316AB009351465B4609980597EC
:103EF000FEF7C8FD149B05000A93741CFFF7FFFA38
:103F000003061FD50A9B02CB09040A0C90460A93AC
:103F1000A8E50C2399430A3B08000C938AE5B845B1
:103F200000D83FE74846139F149D159EA5E54346DC
:103F3000002B00D07EE758E708C9DA1798185040E0
:103F40000A9124E50A9B04CB90460A938AE5010076
:103F500001310C9124E60A9F6C1C01CF2A005B46BC
:103F6000099D5146C0B2A84725000A97741CFFF767
:103F7000C6FA202319430C23994300239946103392
:103F800008000C9356E508238C460C930D236046DD
:103F900098434FE510230A009A439446692808D1B4
:103FA00080230A00DB001A409046194200D1CEE47B
:103FB000CAE41C230800984380230A00DB001A404F
:103FC0009146194202D10A230C9333E50A230C933C
:103FD000DCE7C0460EB4012230B584B007AC08CC93
:103FE000064D01000094280052420394FFF760FA46
:103FF00004B030BC08BC03B01847C046E929001023
:1040000000B585B00391012102900093034813008D
:104010004A4202A9FFF74CFA05B000BD892C0010F6
:1040200010B5094A0300146884B0002C08D001229E
:1040300000910648524203A9A047012004B010BDD8
:1040400000F0A4F90020F9E76C190020792C001089
:1040500000BEFDE710B5FFF7FBFFC04670B5FDF7EA
:1040600095FF074D074EB54209D20024013E761B4D
:10407000B60808CD984723000134B342F9D170BD8A
:10408000EC430110F4430110030010B508001100C7
:104090001B68984710BDC046F0B546464F46D64609
:1040A000C0B5437D80460E001700002B4BD0002A80
:1040B00032DD274B01259A464B1E002400209946ED
:1040C00007E0335D0A2B2CD02B0001340135BB42B5
:1040D00013DA002CF5D133780A2BF5D143461B7D3A
:1040E000002BF1D14346504602211B689847280017
:1040F0002B0001340135BB42EBDB874204DD434634
:10410000391A1B6830189847F619013E33780D3B71
:104110005A42534142461375E0BCBA46B146A846DE
:10412000F0BD4B461B5D0D2BCED0A042DADA4346E4
:10413000211A1B68301898474346504602211B68D5
:1041400098472800D4E70368110030009847E3E758
:10415000B8480110F0B5C6460B6806000C0000B563
:10416000802B06D05A1C2260E418267180BCB84609
:10417000F0BD0F4B1D68002D16D00B1D98460D4F3E
:1041800002E02D69002D0FD02B68002BF9D03B6881
:10419000002B01D0AB42F4D1280041462268FFF742
:1041A0007BFF2D69002DEFD101220023DBE7C04604
:1041B000381900203C190020F0B5DE4657464E461F
:1041C0004546E0B585B017001C0006000D00FDF760
:1041D00067FC0023314A12184B41802109068B42AB
:1041E00002D301222E4B52422E4908008A4610F07B
:1041F000C7F801906B1C03D130000FF091FD050052
:10420000002C26D0284B9846284B1C68002C15D033
:10421000002F21D1264F02E02469002C0ED0236804
:10422000002BF9D03B68002B01D0A342F4D1200031
:104230002A003100C0472469002CF0D1019B002BDB
:1042400028D1280005B0F0BCBB46B246A946A0461E
:10425000F0BD184B9846D7E7154B994602ABDF1DCA
:104260000A239B4602E02469002CE7D02368002B38
:10427000F9D04B461B68002B01D0A342F3D12A0092
:1042800031002000C0475B460122390020003B700E
:10429000C047E8E7504610F04BF8D2E740420F0025
:1042A000FFFFFF7FE805002099400010381900202B
:1042B0003C190020894000100A4A1368002B05D1E0
:1042C0000CE01A001B691032002B07D09842F8D17D
:1042D000002902D103691360016170470029FCD0F5
:1042E0001060FAE73819002010B500F0B7F9012086
:1042F00010BDC046F0B5CE46474680B583B06B468C
:104300000600DD1D2870FDF7CBFB00231A4A1218AA
:104310004B41802109068B4202D30122174B5242A6
:1043200017490800884610F02BF8164B81461C6888
:10433000002C14D0144F02E02469002C0FD0236805
:10434000002BF9D03B68002B01D0A342F4D1200010
:1043500001222900FFF7A0FE2469002CEFD14B4673
:10436000002B05D1300003B0C0BCB946B046F0BD4B
:1043700040460FF0DDFFF5E740420F00FFFFFF7FF3
:10438000E8050020381900203C19002070B5040011
:104390000FF0C6FC01230100050001222000FFF7F9
:1043A0000BFF084B1C68002C06D06368002B05D05F
:1043B00098472469002CF8D1280070BD2469002C8E
:1043C000F3D1F9E738190020F0B5CE46474680B55D
:1043D000A3B004000D00FDF763FB0023294A121867
:1043E0004B41802109068B4202D30122264B5242C7
:1043F000264F38000FF0C4FF00230600019322006F
:104400002B00234801A9FFF7FBFD019B8046002BF1
:1044100014D1204B1C68002C06D06368002B0BD0F5
:1044200098472469002CF8D1002E25D1404623B0AE
:10443000C0BCB946B046F0BD2469ECE7154B1D6819
:104440009946002D1CD0144C02E02D69002D0FD090
:104450002B68002BF9D02368002B01D0AB42F4D19C
:104460002800019A02A9FFF717FE2D69002DEFD150
:104470004B4601951C68CEE738000FF059FFD5E791
:104480000195D1E740420F00FFFFFF7FE8050020C4
:1044900055410010381900203C1900200FB400B518
:1044A00083B004A901C90191FFF78EFF03B008BCD6
:1044B00004B01847F0B5002915DD0E4B0D271A681A
:1044C0000D4B0E4CD3185D426B41451820215B000B
:1044D0001E5F0478A64207D093691942FCD10130CF
:1044E0001460A842F5D1F0BD93691942FCD1176060
:1044F000F2E7C04684C600200080FCBF80C60020D2
:1045000030B504000D1E2EDD002010211F4B013C94
:104510001A689369194216D1013093691942FCD186
:10452000136823548542F4D1194B1B68002B08D023
:1045300050239363516B183B0B4016498C466244E1
:10454000136028000EE0124B1B68002B08D050238C
:104550009363516B183B0B400E498C4662441360C9
:1045600000280FD030BD0A4B1B68002B0AD0502208
:10457000064B1B689A63596B183A0A4005498C46EA
:1045800063441A6003204042ECE7C04684C6002022
:104590000C0B002034100000064B10B51B68002BDC
:1045A00006D00021044A12689163044A10689847B3
:1045B00010BDC0460C0B002084C60020100B00204C
:1045C0000822034B19688B691A42FCD17047C04618
:1045D00084C6002070B51B4E1B4B32680500D318F3
:1045E0005842434114331C00002D04D0174B1A6865
:1045F000002A11D070BD154E3368002BFAD000216F
:1046000020009563FCF712FB20001149FCF74CFCDD
:10461000104B35601D60EDE71D600E4B20001960EA
:104620000B49FCF71DFB01212000FCF7FFFA50228B
:1046300033689A63596B183A0A4007498C466344B9
:104640001A60D7E784C600200080FCBF0C0B002056
:1046500099450010100B0020341000000D4B10B5D0
:104660001B780D4B0D4C1B780D4B02211B780D4B0D
:1046700000202360FCF734F902210120FCF730F917
:10468000E12120684902FDF759FA01210648FFF7A8
:1046900013FE10BD98DB041094DB041084C60020C8
:1046A00090DB0410004003406005002010B506F0C8
:1046B000F7FD10BDF8B501230B72040006F024FECF
:1046C0000500431C0BD1104B186859680F4B22682A
:1046D0009860D9601900200052699047F8BDFDF735
:1046E000DFF9FA2206000F000023280000219200C3
:1046F000FEF718F98023801979411B069942E5D30A
:10470000012003494042E1E7D0450110780500202F
:10471000FFFFFF7F70B5094D04002B78002B08D0F8
:104720000123074920000B722368DB6998470120A9
:1047300070BD00F0EFFB01232B70F1E7A1C6002054
:104740009005002010B50400036804499B69984750
:104750002368200002491B6A984710BD7805002095
:1047600090050020002070477047C04610B5FDF747
:1047700097F9002905D0FA2200239200FDF79EFD4B
:1047800010BDFA218900FDF75BFDF9E78368083069
:10479000002B04D107E018001B68002B03D09942BE
:1047A000F9D1002003E00023016001200B60704775
:1047B0008368002B08D0994202D107E0994206D0C5
:1047C00018001B68002BF9D10020704708300B68D7
:1047D00003600120F9E7C04643680430002B04D190
:1047E00007E018001B68002B03D09942F9D1002084
:1047F00003E00023016001200B6070474368002B39
:1048000008D0994202D107E0994206D018001B68EF
:10481000002BF9D10020704704300B6803600120A1
:10482000F9E7C046F0B54646D6464F46836880460F
:10483000C0B5002B2CD0082343449946FDF730F92E
:1048400043469B6804000D009C46002B20D01E00B0
:1048500000234F469A46B268F36820002900801A68
:104860009941002902DB14001D00BA463700366862
:10487000002EF0D15346002B48D0524619684046CE
:104880000B6813604B68984743469B68002BD5D153
:1048900043465C68002C35D00025237A002B28D0B5
:1048A000210063682572404698472468002CF4D1A3
:1048B00043469B689C46194B186859686346002B11
:1048C0000FD063461A689C68DD6894460B000200AE
:1048D000121BAB41002B10DD634620002900002B8A
:1048E000EFD1434618615961E0BCBA46B146A846CB
:1048F000F0BD2468002CD0D1DAE7002BDED1002AED
:10490000EAD1DBE7054B18685968EAE743465C687B
:10491000002CC1D1014B18685968D2E7D04501106D
:1049200070B50F4C0F4D104A24184D41A900A00F2F
:104930000843A90F69400D4B6040FDF7F3FF4A01A2
:10494000C30E1343CA0E58405140094B094AFDF7A4
:10495000E9FF4A00C30F1343CA0F5840514070BDCE
:10496000157C4A7FB979379EB9E5E41C6D4758BF7D
:10497000BB49D094EB113113F0B5046845680600CB
:1049800023002A00C6468068F16803430A4300B545
:10499000134304D1FDF784F803000B43FAD02A0631
:1049A000230A6040270613432A0A3A43070CBC46F1
:1049B00069404B40984663460F041F43424003043E
:1049C0005A4043467B4032607360C20E4B01134332
:1049D000C90E40010843B360A10FAB000B43A20016
:1049E00012196B41F060D901500E0843D201590EE3
:1049F00011430C0005004B0FC1001943E0000019E2
:104A0000694180BCB846F0BDF0B5DE4657464E461B
:104A10004546E0B5BC4991B008910978002900D11C
:104A2000E5E00CAB9846B94BB94C0293B94BBA4E82
:104A30000593102205994046FDF7D0FFB74B06932A
:104A40001B78DBB20793FDF72BF8FFF769FF0C9B90
:104A50004340089343465B684B400993B04B9B69C6
:104A6000DB0433D5AF4BDA6BE0231340402B2DD062
:104A7000EFF305839A46AC4B2768994600239B4683
:104A80003300564665689A4638002900002E1AD031
:104A9000FDF744F8EFF3108272B64B461B68002B0B
:104AA000FBD0BFF35F8F2368BB4212D0BFF35F8F91
:104AB0004B465946196082F31088276865683800AC
:104AC0002900002EE4D1FCF7BFFEE3E7FDF758FA1A
:104AD000CEE76368AB42E9D1914B1500DF69FCF783
:104AE000DFFF0A220023801859410B00802156461F
:104AF000020009068B4202D301228C4B5242012054
:104B00000CC43268736892185B413840104300242B
:104B10000092019330607360BFF35F8F824A14602C
:104B200085F310880199FFF7FBFE43469B684246D8
:104B300058404346DB6890604B40D3607C4A029B00
:104B400094461B787B4ADB006344986890424CD0C3
:104B50000021FFF7E5FE089B43400C93099B4B4067
:104B6000190043465960EFF3108572B66E4A136818
:104B7000002BFCD0BFF35F8F069B079A1B789342F4
:104B800014D005980C9A036841685A4043465B6804
:104B90000C9242464B40536092688368C1685A4009
:104BA0004346DB684B4041468A60CB604046FFF796
:104BB000E3FE102206000C0005984146FDF70EFFAB
:104BC000069A13780133DBB21370BFF35F8F0022B4
:104BD000554B1A6085F310883000210011B0F0BCED
:104BE000BB46B246A946A046F0BD9C60B0E7524D18
:104BF000524CAC4620686168514DA246A8460092CE
:104C00000193850D8F0286022F4334003D00241846
:104C10004D41A30E9946AB0101934B46019A1A43AD
:104C2000A30100930192009C019D241A8D41200054
:104C3000644608CC290002930023A4460393029CF7
:104C4000039D00196941C445DBD154462060616071
:104C5000FFF766FE0CAB98460C9B4340029343461D
:104C60005B680AA84B40059300F02CF90A980B9951
:104C7000FFF756FE43469B68434006934346DB6876
:104C80004B400793264B9B69DB0400D4F4E0254B93
:104C9000DA6BE0231340402B00D1EDE0EFF3058306
:104CA00000249A4600234025009301941E4B2E00B9
:104CB00099465546C346164C0023B04627682E0039
:104CC00065689A4638002900002E1AD0FCF726FFA6
:104CD000EFF3108272B64B461B68002BFBD0BFF37C
:104CE0005F8F2368BB422DD0BFF35F8F4B46514689
:104CF000196082F310882768656838002900002E43
:104D0000E4D1FCF7A1FDE3E7A8C600209FC6002080
:104D1000B8070020D0000020C0000020A0C600205E
:104D20000000064000800040300100D0FFFFFF7F00
:104D300000000340FFFFFF00001C0420C80000200B
:104D4000002004206368AB42CED135004646904631
:104D5000009A019B10001900801859414B4BDA69E9
:104D600001231340034300930191FCF799FE0A22AB
:104D70000023801859410B008021020009068B4254
:104D800002D30122424B524222606360012E5ED167
:104D90000098019935003F4E474630607160D84613
:104DA000BFF35F8F3C4B994600234A46136087F35D
:104DB0001088FFF7B5FD029B43400C93059B4B40C9
:104DC00019005B465960FCF76BFEFFF7A9FD069BD7
:104DD000434018005B469860079B4B4019005B46B8
:104DE000D960EFF3108772B64B461B68002BFBD0DF
:104DF000BFF35F8F089B1B78002B31D1274BDA68FC
:104E00001F2A3CD05A691F2A3AD0DA691F2A39D0A2
:104E10005B6A03251F2B33D0FDF7B2F8FF25FF2374
:104E20001F4AED0013701F4B02929C4605236544F8
:104E30006B604046FFF7A0FD1B4B10221800414657
:104E40000593FDF7CBFD0123089A13700CE0BFF327
:104E50005F8F00234A46136088F31088013E2BE7DA
:104E60000F4B0293104B0593BFF35F8F00220A4B49
:104E70001A6087F31088DCE5FDF782F80EE700255D
:104E8000EBB2CDE70225EBB2CAE7C0460000064010
:104E9000FFFFFF7FC0000020300100D00000034072
:104EA0009FC6002008000340D000002010B5FFF787
:104EB000ABFD10BD10B5024800F00CF810BDC046A7
:104EC00048C5002010B508220149FDF787FD10BD37
:104ED00048C5002030B5002589B004000922002112
:104EE00001A80095FDF774FD0922002105A804958D
:104EF000FDF76EFD4B236A466846137004A90D2228
:104F00000FF00EFA1521082220006944FDF766FD16
:104F100009B030BD10B501F007FC00F071FB00F0E6
:104F200093FD00F061FE06F003FA01F08DFC07F03E
:104F300027FE00F085F906F06DF910BD40BA80B289
:104F40007047C04600BA7047F0B5C646584D0400D9
:104F50002B68884600B5002B03D02A7A824200D104
:104F60007CE0544E2701EB68002B02D02A7DA24240
:104F70006AD0AB69002B03D02022AA5CA24259D090
:104F80006B6A002B03D02C22AA5CA2422CD03B19C6
:104F90001B01F318DB7B002C35D0B27A022A68D0D3
:104FA000012C35D08D225200B25C022A00D172E071
:104FB000022C31D0404AB25C022A00D172E0032CAC
:104FC0002AD1032B0DD83D4D9B00585906F082FC89
:104FD00000223F193F01F719FB7B9B005A51042324
:104FE000FB7380BCB846F0BD381900011030414653
:104FF000AA6A3018984700236B623B191B01F3180B
:10500000DB7B002CC9D18D225200B25C022A3BD03E
:10501000294AB25C022A32D0294AB25C022AD0D193
:10502000284AB25C9A42CCD104223B191B01F318E6
:10503000DA73D6E73819000110304146EA693018B2
:1050400098470023AB619BE73819000110304146B7
:105050002A69301898470023EB608AE7070138185F
:10506000144E000110306A683018984700232B60F6
:1050700079E7F27B9A42D7D0012C93D1C8E7124A44
:10508000B25C9A42C8D1CFE72022FF32B25C9A428A
:1050900000D08FE7C8E72022FF32B25C9A4200D0EE
:1050A00086E7C1E7084AB25C9A4200D087E7BBE7CF
:1050B000C0140020F81400202A020000B0140020C0
:1050C0003A0300003F0300002F020000564BF0B5EA
:1050D0004546DE4657464E4698460301E0B59B4698
:1050E0001D1843462D015E19F37A070089B0012B84
:1050F00000D996E04D4A9B00D4580192002C00D173
:1051000085E01035454428000EF00AFEA02212303A
:1051100081B29200362000F05FFF8146002869D0FE
:1051200005AC0C2200212000FDF752FC3089FFF76E
:1051300005FF01232080A3700C22FF332100484685
:10514000A38001F029FA3A4B0C269A464346013DCA
:10515000029703936A786F1C3B0000242E2A07D124
:105160005AE05A780134E4B2591C2E2A49D00B0077
:10517000002AF6D1DA1B92B290461D002200B21826
:10518000524534DC22003100484601F0BFFA731C5E
:105190009BB2A41942463900484601F039FAA4B23C
:1051A0002B78661CB6B2002BD4D1039B00223100B1
:1051B00048469846029F01F0A9FA1E4B0234042289
:1051C000049304A9A3B2484601F022FA3B000199D6
:1051D0005B448C461B014344DA7ADB7B16499B0017
:1051E0009200585862443523494606F01DFB484654
:1051F00001F06EF809B0F0BCBB46B246A946A04625
:10520000F0BD5B1B9BB2984622000D00B7E7002162
:10521000FFF79AFEB472EDE700233D0000229846A6
:10522000ADE70648FBF71CFCF8140020F014002042
:10523000FEFF000000010001B0140020044901102D
:105240007047C046012800D97047054B80000029EF
:1052500002D00A68C250F7E7024A1268C250F3E768
:10526000F0140020D4600110F8B5DE4657464E46D3
:1052700045460223E0B5474E002534009B460027F3
:10528000A37A022B39D030D8002B22D08D235B009B
:105290009846414B9946414B9A46FFF707FEB37A31
:1052A00080B2022B41D04346F35C022B44D04B46E4
:1052B000F35C022B49D05346F35C022B4ED05B4685
:1052C000A37201232081E772280023736773FFF71D
:1052D000FDFE01351134EDB2FF34042DD0D1F0BC08
:1052E000BB46B246A946A046F8BD032B4FD1236862
:1052F000002B13D10023A372EBE7237B013BDBB22E
:105300002373002BE5D1637B0133DBB26373042B82
:105310002AD023732800FFF7D9FEDAE7013B236088
:10532000002BD6D10023A372D3E733898342B4D0B4
:105330004346F35C022BBAD11733FF33F35A83424F
:10534000ABD04B46F35C022BB5D18A239B00F35ABA
:105350008342A2D05346F35C022BB0D1CE239B00F4
:10536000F35A8342ABD198E7E37A002B08D10C4A79
:105370005268002A04D001226373E2722273C9E7E3
:1053800000212800FFF7E0FD0023A372A1E70548F4
:10539000FBF766FBF81400202A0200003A03000025
:1053A000F0140020384901100123F0B51E00002739
:1053B0000640184205D0002931DD077801393F0247
:1053C0000130012932DD023901220D009543821C92
:1053D000AD18030000221C8802331219AB42FAD127
:1053E0004C08651C6D0064004019091B01290CD094
:1053F000BA18130C1204120CD318180C1B041B0C33
:10540000C018002E0CD180B2F0BDFF2301789F435D
:105410000F43BFB2BB181A0C1B041B0CECE7002097
:10542000030600041B0C000E1843ECE70022DDE726
:10543000F8B557464E46DE464546E0B591460A9ACF
:105440008A4611681B680A04120C090C52181904C8
:10545000090C52181B0C9B181A0C1B041B0CD3189C
:105460001F0C1B041B0C0400FF18002825D0002370
:105470009B46FF3301269846658960682900FFF73F
:1054800093FFC019070C0004000C3F182E4209D0EE
:105490005B46414673403A069B463B0A120C0B4062
:1054A0001A4317002468002CE6D15B46002B04D079
:1054B0003A063F04120C3F0E17435046FFF73EFDDD
:1054C00004004846FFF73AFD2318DB191A0C1B04A9
:1054D0001B0CD318180C1B041B0CC018C04380B243
:1054E000F0BCBB46B246A946A046F8BD10B582B096
:1054F000049C0094FFF79CFF02B010BD0123F0B59F
:105500001E0000270640184205D0002932D0077837
:1055100001393F020130012933DD023901220D003A
:105520009543821CAD18030000221C880233121917
:10553000AB42FAD14C08651C6D0064004019091B90
:1055400001290DD0BA18130C1204120CD318180C20
:105550001B041B0CC018002E0DD1C04380B2F0BD3F
:10556000FF2301789F430F43BFB2BB181A0C1B04E3
:105570001B0CEBE70020030600041B0C000E184375
:10558000EBE70022DCE7C046F8B5CE46474604000C
:1055900080B500282FD000239946FF33002701262D
:1055A0009846658960682900FFF7FEFEC019070C60
:1055B0000004000C3F182E4209D04B464146734070
:1055C0003A0699463B0A120C0B401A43170024680E
:1055D000002CE6D14B46002B0AD038063B04000CC9
:1055E0001B0E1843C04380B2C0BCB946B046F8BDDC
:1055F000F84380B2F8E70148F6E7C046FFFF000035
:1056000003220B4B002193430A4A19711360FA22BB
:10561000094912019818086001211A6001710749AF
:10562000995007490B60C621064B5A527047C04635
:1056300087B500207CB5002080B50020A00FA00F0A
:105640007019002074190020F0B5DE4657464E460A
:105650004546E0B583B000286FD0830700D07EE0D8
:105660000300434A083B14689C4200D974E0414A55
:105670000C301568854200D26EE01A79002A00D1FC
:1056800073E05A8819889446FA22120191420CD884
:1056900094450AD8A046181B80B28146E044604574
:1056A00006D042461288824202D03348FBF7D8F92E
:1056B0006618B54202D072884A45F6D100221A71A6
:1056C0002E4A924612680192934202D252460193A8
:1056D00013602B4AC82093460700125A5846521AA4
:1056E0004A44C2539D423DD9B34214D03279002A74
:1056F00011D1B5420FD0019A964229D0FA223188B1
:1057000012011980914206D04846621850805A888A
:10571000A0469446E04443450FD042461279002A01
:105720000BD1019A93420FD043461980FA231B01F3
:10573000994202D063466418638003B0F0BCBB4654
:10574000B246A946A046F0BD534642461A60EBE772
:10575000524601931360D1E70A48FBF781F90A48E2
:10576000FBF77EF90948FBF77BF90948FBF778F965
:105770007CB5002080B50020C049011070190020C0
:10578000741900207C49011058490110F449011096
:1057900098490110F0B5D6464F464646494ACB1CBB
:1057A000C0B513400B2B4FD9FA22120193424ED8A9
:1057B00099424CD8444A1768874200D979E0434A55
:1057C0001268824200D874E008225242944684440F
:1057D00061460D8862462C00D21B083C92B2A4B2EE
:1057E000A11A89B2994267D329D07E19B046367979
:1057F000002E2ED1FA2109018D4260D041461500BC
:1058000009880835894632495D190E68ADB24645AA
:105810004CD07E1900213171494631806146728039
:105820000D803188FA263601B14201D079184D80B9
:10583000C8252849141B4A5B14191B194B53E0BC9B
:10584000BA46B146A846F0BD0C239942B2D9002011
:10585000F5E71E001436B6B2B142F0D31600083692
:105860009E19B1B28A46FA2109018D4227D05146CC
:10587000174E7918B04636688E4201D946463160D7
:1058800000260D800E71654656464A802E80FA2508
:1058900009882D01A94201D079184E80121BC82415
:1058A0000C490D5B52199B180B53C8E77E190E600B
:1058B000B0E70948FBF7D4F80848FBF7D1F80848E7
:1058C000FBF7CEF8FCFF00007CB5002080B500207F
:1058D0007019002074190020104A0110284A011084
:1058E000484A0110F8B5DE4657464E464546E0B5F3
:1058F000002834D04C4BC51C1D400B2D36D9FA2343
:105900001B019D422BD8A84229D8484BFA229C461D
:105910001B6812019B46464B521B1E685B469B1B35
:1059200098B21B0490461B0C9A4213D908277F4259
:1059300008E01488FB1A1B19AB4219D2230020007F
:10594000984507D9F21811790029F2D01088030080
:105950009845F7D8C421374B5A5A01325A52002081
:10596000F0BCBB46B246A946A046F8BD0C25CAE726
:105970001427B846A84443452CD2C82101238846A1
:10598000082713712B4B595A091A64184146B84617
:10599000A4B25C520231585AA844A04200D25C52D0
:1059A000254B1868130093450FD04346D3189842EF
:1059B00037D3100008309207D2D02048FBF750F8B8
:1059C0001B88F3181979002901D09842F8D1614653
:1059D0000B60EAE708239846A8444346FA27C31811
:1059E0003F019BB2BA46BB4218D0F718397101216A
:1059F0003C807880138011713988514501D071182D
:105A00004B80C8200B490B5A0833EB189BB20B5242
:105A100002300C5A9C42C3D20B52C1E70848FBF734
:105A20001FF80848FBF71CF8FCFF00007019002065
:105A30007CB500207419002080B500208C4A01102C
:105A4000484A01105C4A01101F4B204AF0B59446A9
:105A5000454600229846282357464E46DE46924643
:105A60009B46033204249146E0B5194E194F1A4B58
:105A7000B3446146504632680860494603338B435D
:105A8000002C0CD095880021002200E00300013298
:105A9000196058191900A242F8DB624613604346A8
:105AA0007C80043680C39846B34506D03268D368FC
:105AB00017689C46D4889368DBE7F0BCBB46B246C7
:105AC000A946A046F0BDC046441A00205CB500209F
:105AD000144B01102CB500201CB4002070B509280F
:105AE00020D8134B8000C558FEF73CFEEB681C68BD
:105AF000002C11D022681A60A30715D12A68938858
:105B0000D18801339BB29380994203D3FEF72CFED8
:105B1000200070BDD380F9E72A6813880133138011
:105B2000FEF722FE0024F3E70248FAF799FFC04689
:105B3000144B0110D04A011070B50C00092812D87E
:105B4000002910D00A4B8000C5588B070CD1FEF7F6
:105B500009FE2A689388013B9380EB681A682260EB
:105B60001C60FEF701FE70BD0248FAF779FFC046DF
:105B7000144B0110F44A01100C2040427047C046FB
:105B800070B5436816000A6804000D0082B09A429E
:105B900001D102B070BD3360300001A9019201F063
:105BA000AFFF01A9300005F0B3FE296835250523B4
:105BB0006160625D1340052B05D0E369002BE8D0DE
:105BC00020009847E5E70029F7D0130705D492068F
:105BD000F3D5200007F046F8EFE72000211D06F07E
:105BE00085FD625DF3E7C0467047C046F0B54746A5
:105BF000CE4680B504000F009146984683B0002839
:105C000000D186E00B9B002B00D182E0002900D15F
:105C100094E04B46002B00D18DE04346002B00D191
:105C200086E04C4B0025636100223523200065602F
:105C3000A560E560A5850021E25428300422FCF728
:105C4000C7FE0A9B444E636238233278E5612562C1
:105C5000E563E2540C9B23613B68002B5FD000217D
:105C6000002000224B461B68984200D0A3604346A8
:105C70001B68994240D1002A41D020000B9B9847D5
:105C8000002846D1354B9C461F683823E55CFF2D24
:105C900018D03820002F1AD0BC4258D03B00FF2229
:105CA00007E01B68002B12D09C4250D0013A002A1A
:105CB0001BD0195CA942F4D10135EDB2FF2D17D0EC
:105CC0002554E9E7E05400253820002FE4D1FE2DCB
:105CD0003BD00135EDB2634627601C60352335703B
:105CE000E35C9B062CD4200014E01D48FAF7B8FEB4
:105CF000002300252354CFE7E360002ABDD1200014
:105D0000390001AAFFF73CFF20000B9B98470028B1
:105D1000B8D0002003B0C0BCB946B046F0BD3900D1
:105D2000200001AAFFF72CFF0122A068E16899E793
:105D30000C4B984675E70B4B99466EE7094F68E7A1
:105D4000200006F02DFF2000E4E70025C3E7064809
:105D5000FAF786FE795B0010A5C6002064B5002026
:105D6000F04B0110D4600110DC4B011070B5041E23
:105D700018D04368002B2CD13525635D9A0615D4C5
:105D800001221A4219D11D4B1A68A2422ED01C4A78
:105D90001368A34204D126E01A68A24203D013007C
:105DA000002BF9D170BD22681A60FBE7200006F0D5
:105DB00037FF0122635D1A42E5D019009143343266
:105DC000A1541B0715D4E369002BDCD020009847B1
:105DD000D9E7051D2800002101F092FE00212800CE
:105DE00005F096FDC8E723681360DBE700221A6020
:105DF000CDE7200006F0D8F8E5E7C04660B5002002
:105E000064B50020014B18607047C04660B50020A3
:105E100070B5041E17D03525435DDA0713D401226F
:105E20001343DBB24355C269002A01D09047635D3A
:105E300005221A40052A06D16268002A03D01A07F3
:105E400006D49B0600D470BD200006F00BFFFAE7D5
:105E50002000211D06F04AFC3523E35CF1E7C04633
:105E600070B5041E04D03525435D04215A0700D5C2
:105E700070BD052218001A4008430A43C0B2D2B2CE
:105E80006055052A05D0236A002BF1D020009847E1
:105E9000EEE76268002AF6D01B0705D48006F2D52B
:105EA000200006F0DFFEEEE72000211D06F01EFCBC
:105EB000605DF3E710B500280AD035220421835C29
:105EC000194205D08B438354036A002B00D09847B6
:105ED00010BDC046021E0ED0084B1868002809D01D
:105EE000382102E00068002804D0435C0133DBB2B3
:105EF0009342F7D170470020FCE7C04664B500200C
:105F0000F0B5C6460500002600B500282DD00F23A9
:105F10000227984609E02B69002B37D028009847C4
:105F20000136F6B2002C20D02500FEF71BFCAB7B1F
:105F3000002B28D0013BDCB2AC73FEF715FC002C23
:105F400013D16A7B2C682B7B1742E4D14246134065
:105F5000022B0ED0012B11D0002B1AD128000136B4
:105F6000FFF772FBF6B2002CDED1300080BCB846E1
:105F7000F0BD29000920FFF7DFFDD1E72900082047
:105F8000FFF7DAFDCCE70448FAF76AFD0348FAF7B1
:105F900067FD0348FAF764FD204C0110384C0110EE
:105FA0005C4C011010B5FEF7DDFB0022084B1A70A7
:105FB000FEF7DAFB074B1868002803D107E0C0683A
:105FC000002804D0436F002BF9D001F0E7FD10BD8D
:105FD000A6C600205CC600200023F0B54F469946B7
:105FE0000B040B43D64646469846C123C0B58246AD
:105FF0000D00170004005B009A423FD008D814003F
:10600000433BFF3B9C43012C6AD03D48FAF728FDF7
:10601000A0239B009A42F8D10300032403330335E5
:10602000A343A5435B199BB21800103080B2AB426A
:106030001DD385421BD8FFF755FC061E18D04B46D2
:1060400003605346C7184346133783602D4BA7435D
:106050004760C3600CE0FEF785FB01222A4B1A70F3
:10606000FEF782FB002E02D03000FFF749FF00262A
:106070003000E0BCBA46B146A846F0BD00239846C1
:10608000224B00269A4600230327994607E0424602
:10609000ED1AADB21060002DEAD080460024092030
:1060A000FFF71CFD0028D6D05246E31CBB43D31A91
:1060B0001A1C9BB2AB4200D92A1C4946041993B260
:1060C00013344281124ABC43016044600581C260BE
:1060D000002EDCD1ED1AADB20600002DDDD1C7E7F0
:1060E0000820FFF7FBFC061EC2D04B46036043604E
:1060F000434683604B4607734373C481B8E7C04689
:10610000704C011080000100A6C60020EC050000C4
:1061100082000100F0B5032705AC20CC03302688AF
:10612000B8430C040C430918B1420DD8002D00D01F
:106130002D1818000023036002334373013B4560B0
:1061400084600273C381F0BD0020FCE770B5041EBB
:1061500036D002898A421ED98A1A07E0C91A2389D1
:1061600089B29B1823812468002C23D063898B4239
:10617000F4D3227B0D040D43120704D18B4202D0CD
:10618000637B9B0708D52068A560002801D0FFF736
:10619000B7FE0023236070BD636820001B1BC91875
:1061A00089B2FFF7F7FA002807D08442EBD00648FF
:1061B000FAF756FC0548FAF753FC0548FAF750FC85
:1061C0000448FAF74DFCC046D84C0110A44C01100D
:1061D000BC4C01108C4C0110030070B500281ED07F
:1061E00080225202914218D2002914D002898CB226
:1061F000A21892B2944210D8057B01207F2D0BD9B2
:106200005D68691A1D001035A94205D35960598986
:106210001A8164185C81002070BD0120FCE70148F0
:10622000FAF71EFCF44C011010B5002815D080239D
:106230005B0299420FD200290BD043898AB29A425D
:1062400009D89B1A44684381038961189B1A4160ED
:106250000381002010BD0120FCE70148FAF700FC93
:10626000F44C011010B5002915DB00282BD00029B3
:106270000FD003898AB2D3189BB29A4221D8047BEB
:106280007F2C18D84468611A4160418903815218F3
:106290004281002010BD002815D0494243898CB2AC
:1062A0009C420ED81B1B42684381038952181B1B5A
:1062B00042600381EDE74468611A04001034A14292
:1062C000E2D20120E6E70148FAF7CAFBF44C0110DC
:1062D00010B5002802D0FFF713FE10BD0148FAF7F1
:1062E000BFFBC046F44C011003000020002B04D07B
:1062F0001B68013080B2002BFAD1704710B5041E24
:1063000009D0FEF72FFAA37B0133A373FEF72CFA13
:10631000A37B002B00D010BD0148FAF7A1FBC046BB
:10632000004D011010B5002818D0002916D0884261
:106330001AD00268002A01D111E01A0003890C89E1
:106340001B19038113681000002BF6D110895389A3
:10635000834206D1088911601B18138110BD020009
:10636000F4E70348FAF77CFB0248FAF779FBC046EA
:10637000304D0110144D011010B50C00002821D033
:1063800000291ED0884220D00368002B07D0028944
:1063900021895218028118001B68002BF7D102894D
:1063A0004389934217D1228904609B180381FEF729
:1063B000D9F9A37B0133A373FEF7D6F9A37B002B96
:1063C00006D010BD0029FCD0F1E70448FAF748FBDD
:1063D0000348FAF745FB0348FAF742FB144D011056
:1063E000004D0110304D0110F8B54746CE468046AD
:1063F00080B50D0091461F00002900D17EE00B8979
:10640000934200D27AE0002800D177E04B4602891F
:10641000FB189A4200DA71E0002644896B89E41B7C
:106420009B1B9C4200D91C004C4500D94C4643465E
:10643000696858682200C0198919FCF7CFFA4B46E1
:106440003F1936191C1BA3B2994643465C89BC42CE
:1064500057D36B89B34257D303D12D680026002D43
:106460002FD0BC420FD06A892B899A4223D0434651
:106470001B89A34217D04B46002BCFD10020C0BCB4
:10648000B946B046F8BD43461B689846002B25D058
:106490006A892B899A420DD043465C8943461B8901
:1064A0000027A342E7D143461B68002BE3D0062018
:1064B0004042E4E700272B68002BF8D143465C8973
:1064C000D5E74B46002B19D1BC42D0D143461B68BF
:1064D0009846002BD2D037005C89C8E74B46002B8A
:1064E0000CD16A892B8900209A42C8D12B680630CA
:1064F0005A4253415B4218400638C0E710204042E0
:10650000BDE70348FAF7ACFA0248FAF7A9FAC04621
:10651000604D0110784D011010B5002904D0002302
:106520000A89FFF761FF10BD10204042FBE7C0461B
:10653000F0B5C646050088461700002600B50028BD
:1065400026D0002924D0002F05D121E02D681B1B67
:106550009BB2002D1CD06C89002B01D0A342F5D238
:10656000E41A221CA4B2BC4200D93A1C94B242469E
:1065700069683F1B9019C9182200A619BFB2FCF721
:106580002DFAB6B22D68002F02D00023002DE2D1E3
:10659000300080BCB846F0BDF8B5CE464746050091
:1065A0008846914680B5002824D0002922D003894E
:1065B00093421CD316000027002A02D112E0002DBE
:1065C0001BD06C89B44200D9340043466868D9199D
:1065D0002200FCF703FA361B2D683F19002EEED17E
:1065E000B9450DD10020C0BCB946B046F8BD012068
:1065F0004042F8E710204042F5E70348FAF730FA46
:106600000248FAF72DFAC046944D0110AC4D011026
:10661000F0B5D6464F46464604008A46C0B5002827
:1066200005D145E024685B1B9BB2002C40D06589F6
:10663000AB42F7D221899F18B94239DB9D4240D93C
:10664000E91A8A422EDD60688AB2C01851467F1B63
:106650009046FCF7C3F9BBB29946002B1CD02568C5
:10666000002D2BD02B894B4522D34F46002601E02D
:10667000002D20D06C89BC4200D93C0043469919BA
:10668000686822005144FCF7A9F93F1B2D683619B0
:10669000002FEDD1B14517D10020E0BCBA46B1467C
:1066A000A846F0BD60685146C018FCF797F9F3E7BB
:1066B00001204042F1E70648FAF7D2F910204042A3
:1066C000EBE70448FAF7CCF90348FAF7C9F9C046F2
:1066D000944D0110C44D0110AC4D01100B0070B56C
:1066E000150011891A00FFF777FC041E06D000235D
:1066F00029002A89FFF778FE002801D1200070BD0B
:106700000148FAF7ADF9C046DC4D011005E04389B8
:106710008B4205D8C91A006889B20028F7D17047A2
:1067200043685A54FBE7C0467047C04610B5041E84
:1067300022D0037D042B05D0072B0CD0032B01D0D6
:10674000002007E0200003F009FE0523002807D001
:10675000431C0BD010BD03F001FE0028F8D1092323
:106760002000237504F00AF90020F3E70822638B68
:10677000002013436383EDE70148FAF771F9C0463F
:10678000F04D011070B50600806F002803D0FFF7B0
:106790009FFD0023B367746F002C18D060682568D4
:1067A00000280CD0FFF794FD21000320FFF7C4F967
:1067B000002D0AD02C00606825680028F2D1210045
:1067C0000320FFF7B9F9002DF4D1002373670123EB
:1067D000F46E5B423386002C16D060682568002872
:1067E0000CD0FFF775FD21000320FFF7A5F9002D60
:1067F0000AD02C00606825680028F2D1210003200F
:10680000FFF79AF9002DF4D1346F002C16D0606890
:10681000256800280CD0FFF75BFD21000320FFF75F
:106820008BF9002D0AD02C00606825680028F2D171
:1068300021000320FFF780F9002DF4D10023682206
:10684000F3663367B35270BD10B5FEF72FFB044AF1
:1068500080049446034B800C6044188010BDC046F1
:1068600000C0FFFFA405002010B5037D0100012B2F
:1068700003D00120FFF760F910BD0148FAF7F0F8E6
:10688000FC4D0110F8B5CE46474680B5002961D0D1
:10689000002864D0037D002B5ED1002A2BD0314E1E
:1068A0003700103733681B68002B03D113E0DB6817
:1068B000002B10D0DC8A9442F9D11C68002C04D043
:1068C0000D68002D01D0AC42F1D108204042C0BC7F
:1068D000B946B046F8BD0436B742E3D10B68002B89
:1068E00000D00360204BC2821A681860C26004F0B6
:1068F00053FC0020EBE71D4B802698461A881C4B62
:10690000184F9C4610239946F601B944013292B2C1
:10691000624514D03D002B681B68002B03D111E0A9
:10692000DB68002B0ED0DC8A9442F9D1013EB6B26E
:10693000002EEBD143461A8002204042C7E7C02216
:106940001202E7E704354D45E5D143461A80002A97
:10695000C4D1F1E707499BE706204042B7E7102082
:106960004042B4E7FC51011060C60020A40500209D
:10697000FFFF0000D460011070B5041E33D0037D0A
:10698000002B30D10220FFF7A9F8051E2BD00122E1
:1069900023690361E38A0275C382627D4275A2683E
:1069A000826022680260002B0CD0154A13689C425A
:1069B00004D11FE0DA68944217D01300002BF9D1FC
:1069C0000023E360237D012B17D021000120FFF776
:1069D000B3F80C4BAB610C4B1A681D60EA6004F015
:1069E000DBFB280070BD0025FBE7E268DA600023CE
:1069F000E360E7E7E3681360E2E70448FAF730F89A
:106A000060C600207173001068C60020FC4D0110A4
:106A1000F8B5031E1BD0048DC16A466A5D8E0F4F08
:106A2000601A80192A1CBD420CD892B2821A07D56E
:106A3000891B09D48022520291420BD200208CB2D1
:106A40005C85F8BD3A1CF0E700240020F8E7044814
:106A5000FAF706F80348FAF703F8C046D016000024
:106A6000104E0110344E0110F8B500281DD0037DE2
:106A7000012B34D0048D1D4A61188BB293421BD96F
:106A80001300466A458E1A4FC46A0385B218291C42
:106A9000BD420BD889B20919511A11D5A41B1BD4B8
:106AA00080235B029C421DD24485F8BD391C89B20B
:106AB0000919511AF2D403E09C42E1D81A00E0E728
:106AC00043850C4B121B9A42EFD90222438B13438E
:106AD000438303F053FFE8E700234385E5E70648D7
:106AE000F9F7BEFF0548F9F7BBFFC046A02D00002F
:106AF000D0160000670B0000504E0110344E0110FC
:106B0000F0B5DE46574645464E46E0B5B64D89B02F
:106B10002B6801332B60B54B9B465A461B78049279
:106B200001331370B24B9A46D346B24B05935B4682
:106B30001C68002C00D19CE000232F009946DA4607
:106B4000237D002B00D138E2012B00D13BE20A2B40
:106B500000D135E2049AA17F1278914200D176E10A
:106B6000A2774222A25C022B00D137E10B2A00D986
:106B7000C1E0A122A25C9346002A00D16AE1226F03
:106B8000002A00D02EE2E26E002A00D127E2A222E3
:106B9000A25C0B2A00D9AEE05946A020964A895C37
:106BA000225C8A4200D29CE16023E15A002900D095
:106BB00090E0200004F0E0F9002800D190E0237D6F
:106BC000002201259346062B00D19AE0627A120733
:106BD00025D5042B00D063E13A68236AFA21D31A41
:106BE00006939423E25804339446E6580433E0585D
:106BF0004900704360440792FBF722FB0121069B8A
:106C0000884683420ED8A325635D079A5E43F4311C
:106C1000B018FF31FBF714FB069B834251D85D4649
:106C200000239846666F002E0AD03A68236AD21A6B
:106C30004023E15E4B005B185B00934200D87AE092
:106C4000237D032B00D195E0092B00D1D8E0002D46
:106C500000D0A6E1237F627F0133DBB2E5682377B2
:106C60009A4200D8DCE0A1462C00002C00D067E757
:106C70003D00624F00243968002904D11AE00C005D
:106C8000C968002916D00B7D0A2B00D09EE12B6825
:106C90000A6A9B1AF02BF2D9002C00D11AE13B684A
:106CA0008B4200D1A4E1CE68E6600120FEF744FFEC
:106CB000311EE8D109B0F0BCBB46B246A946A04699
:106CC000F0BD200004F0EAF80028A8D1635D01338C
:106CD0006355A4E7200003F067FA002800D156E1CD
:106CE000A0230022E254A132A35C062B00D966E760
:106CF0000133A35463E7012202259346062B00D0FB
:106D000064E7638BDB0600D5BDE0637A1B0700D523
:106D100085E7666F002E00D1EAE0236A3A685D4697
:106D2000D21A002398464023E15E4B005B185B00BB
:106D3000934200D984E77068A346346800280CD0D9
:106D4000FFF7C6FA31000320FEF7F6FE002C0AD04A
:106D50002600706834680028F2D131000320FEF765
:106D6000EBFE002CF4D15C4600236367237D032BEC
:106D700000D069E73B68226A9B1A282B45D99023EB
:106D8000E5582000FFF7FEFC4B46002B00D198E0B1
:106D900053461B68A34200D11EE14A46E368D36014
:106DA0004346002B00D07FE0E36826699846237DA8
:106DB000012B00D10DE121000120FEF7BDFE0023D3
:106DC000059C2370002D07D00D2130004942A847B3
:106DD0002378002B00D0E1E0444646E7052A00D89E
:106DE000C7E601251CE7C0466CC60020ABC60020E4
:106DF0005CC60020A9C600200B52011070C60020FE
:106E00003B68226A9B1AF02BB9D8002DB7D1237F9B
:106E1000627F0133DBB2E56823779A4200D922E72B
:106E20000023059A237713708C33E358002B0AD084
:106E3000210020699847059B1B78002B00D0ADE00E
:106E4000002800D00FE7200003F098FD0BE7A146D3
:106E5000E4680AE73022A15E6848228E824202D8A6
:106E6000013211B221864022A25E01258A4200DD54
:106E7000A9E6200003F082FB002845D0236F002BF9
:106E80003FD0237D9FE63A68236AD21A282A00D889
:106E90003FE70023666F9846002E00D0C8E66EE7F5
:106EA000072B00D198E6BAE6238B626A216D029324
:106EB000E38A20000193231D0093230003F02CFCA0
:106EC00072E753461B68A34200D08EE05246E36847
:106ED000136065E73B688B4200D08CE0CE683E6073
:106EE000E3E60132D2B222548A4200D268E65BE67F
:106EF0005B46002B00D1ADE69023E5580023984671
:106F00003FE7E36E002BBCD0237D022B14D03C2244
:106F1000A35E3E21625EDB109B184222A15C3848D2
:106F20000A1C0C292AD8D2B2825C93408022120219
:106F3000934221DA4022A352002348202386603363
:106F4000E15A255A628E0B1CA94200D92B1C9BB218
:106F500050005B0885B2191CAB4200D2011C4A23C9
:106F6000E152023BE25200222233E252200003F0BF
:106F700031FF0125237D26E6224BDBE70C22D2B22E
:106F8000825C9340802212029342D3DBF4E720001C
:106F900003F0F4FC002800D0A2E610E63D00D34642
:106FA000C5E59022A558002B00D1EDE60A2B00D1B3
:106FB000EAE6012B00D0E4E6E6E61348F9F750FDD7
:106FC0001248F9F74DFD1248F9F74AFD1148F9F753
:106FD00047FD1148F9F744FD1048F9F741FD104805
:106FE000F9F73EFD0F48F9F73BFD0F48F9F738FD7B
:106FF0000E48F9F735FD0E48F9F732FDFE7F000027
:1070000014520110FF7F0000784E0110D04E011085
:10701000A44E0110C04F0110FC4D0110684F01102B
:10702000304F0110FC4E0110944F0110F04F011031
:107030001850011070B5041E16D06068256800282D
:107040000CD0FFF745F921000320FEF775FD002D58
:107050000AD02C00606825680028F2D121000320A6
:10706000FEF76AFD002DF4D170BDC04610B5041EB8
:1070700008D04068002801D0FFF72AF9210003203A
:10708000FEF75AFD10BDC04670B5051E0DD0032099
:10709000FEF724FD041E06D010222900FBF79EFCFB
:1070A0006068FFF72BF9200070BD0148F9F7D8FCA4
:1070B0004050011010B5002804D0037D012B02D0F0
:1070C0008423C15010BD0148F9F7CAFC5C5001107F
:1070D000002802D0037D012B00D070478161FCE7BE
:1070E00010B5002806D0037D012B03D90A2B01D04F
:1070F000FFF748FB10BDC04610B50C1E47D0002856
:1071000048D003688B4204D12FE0DA68A24224D031
:107110001300002BF9D10023E360237D002B0FD156
:10712000638BDA0729D4E36E002B36D1236F002B53
:1071300036D1636F002B36D100232375E38210BD57
:107140000A2BF0D0012BF7D02000FFF71BFB237D8B
:107150000A2BE8D0012BEFD0E2E7E268DA600023E7
:10716000E360237D002BEBD1DAE7CB6803600023DB
:10717000E360237D002BE3D1D2E702221343638334
:10718000200003F0FBFB237D012BD5D0CBE7074884
:10719000F9F766FC0648F9F763FC0648F9F760FC66
:1071A0000548F9F75DFC0548F9F75AFC84500110D1
:1071B000A0500110C0500110D8500110F45001101F
:1071C000F0B54E464546DE465746E0B505000E0092
:1071D00087B0002876D0037D012B00D1B2E00A2BC6
:1071E00000D19DE0026D9146426A924690228258FB
:1071F000934602699046002B6BD1C38A002B00D0C6
:1072000071E00023002605932C6F002C16D06068D7
:10721000276800280CD0FFF75BF821000320FEF759
:107220008BFC002F0AD03C00606827680028F2D150
:1072300021000320FEF780FC002FF4D1EC6E002C1F
:1072400016D06068276800280CD0FFF741F82100AD
:107250000320FEF771FC002F0AD03C00606827680D
:107260000028F2D121000320FEF766FC002FF4D1A4
:107270006C6F002C16D06068276800280CD0FFF7D0
:1072800027F821000320FEF757FC002F0AD03C000E
:10729000606827680028F2D121000320FEF74CFC2B
:1072A000002FF4D1002E2ED12B7D012B47D02900A9
:1072B0000120FEF741FC5B46002B03D00D21404628
:1072C0004942D84707B0F0BCBB46B246A946A046E3
:1072D000F0BDC38A29001D480593FFF70DFF012269
:1072E0001B4B1A7090E71B4A1368834208D1C3688E
:1072F00013600023EB6084E7DA68AA421CD0130015
:10730000002BF9D1F5E72B8B52460293059B49469A
:1073100001932B1D009328002B0003F0FDF9C3E718
:1073200029000D48FFF7E8FE2B7D012B07D029002F
:107330000120FEF701FCC5E7EA68DA60D9E70748F3
:10734000F9F78EFB0648F9F78BFBC0465CC60020B8
:10735000A9C6002060C6002070C60020FC4D0110A8
:107360000C51011010B50121FFF72AFF10BDC046D6
:10737000080010B5002905D00121FFF721FF0D20DD
:10738000404210BD0148F9F76BFBC0464051011067
:10739000F0B5C646060000B50120FEF79FFB041EAF
:1073A0002AD0A42200212000FBF712FB6423704A9C
:1073B0006675E2526F4B4022A362FF23E372F93BF2
:1073C000A352E3876C4B443223636C4B1B682362EC
:1073D0006B4B1B78A3776B4BA3646B4BA35094232D
:1073E0006A4AE2506A4A0433E25009220433E25006
:1073F000200080BCB846F0BD664B082798461D6843
:10740000002D0AD02800438BED681F42F8D0BB4303
:107410004383FFF78BF9002DF4D15F4B1B68002BE2
:1074200011D00021554A10681A6A821A914201D877
:1074300011001C00DB68002BF6D1002C03D00121C9
:107440002000FFF7BDFE0120FEF748FB041E06D01A
:10745000D422524B9A581388013B1380A1E743462C
:107460001B68002B16D0454A0021106802E0DB683B
:10747000002B09D01A7D092AF9D11A6A821A914281
:10748000F5D811001C00F2E7002C03D000212000E9
:10749000FFF796FE0120FEF721FB041E07D0D42241
:1074A0003E4B9A581388013B9BB21380D4E7434666
:1074B0001B68002B16D0314A0021106802E0DB68FF
:1074C000002B09D01A7D082AF9D11A6A821A914232
:1074D000F5D811001C00F2E7002C03D00021200099
:1074E000FFF76EFE0120FEF7F9FA041E07D0D42242
:1074F0002A4B9A581388013B9BB21380D3E773B28F
:10750000002B32DB002E22D0320043461B68013AAA
:10751000D2B2002B1BD019490F680021884607E022
:10752000186A3A1A90461C000A00DB68002B08D043
:10753000597D8A42F4D8F8D1186A3D1A4545F4D3EA
:10754000EFE7002C03D001212000FFF739FE0120D6
:10755000FEF7C4FA041E00D14AE7D4220F4B9A5812
:107560001388013B9BB21380C5E77F22CDE7C0465D
:10757000A02D0000A02DA02DFFFF18026CC600203A
:10758000ABC600200100A02D3977001000DD6D0092
:10759000F82401005CC6002070C600207419002089
:1075A00010B54020FFF7F4FE10BDC04630B5040012
:1075B00085B0002800D19FE0037D002903D0042B73
:1075C0000DD0072B0BD0012B00D169E0022B4ED040
:1075D000002B3BD02000FFF7A9F805B030BDA36F0A
:1075E000002B54D0638BDB0600D488E0238B626AC7
:1075F000216D0293E38A20000193231D0093230051
:1076000003F08AF8237D012B04D90A2B02D0200035
:10761000FFF7B8F83D4A1368A34214D1E36813603A
:1076200000230122E3603A4B1A703A4B1B68A342D5
:1076300032D0237D012B24D13748F9F711FADA68CB
:10764000A24250D01300002BF9D1E9E7E38A002BC6
:1076500017D0324A1368A34204D14AE0DA68A24242
:1076600044D01300002BF9D10023E36009E021008E
:107670002648FFF741FD0122254B1A70237D012B7F
:10768000DAD001202100FEF757FA0020A5E7244BAD
:10769000228D9A42A6D19DE702F0B0F800209CE727
:1076A000204900200D000C354B681B68002B05D0CD
:1076B000DA6F944212D0DB68002BF9D10431A94271
:1076C000F2D121001848FFF717FD237D012B19D0B7
:1076D00002202100FEF730FA00207EE7D867DB6841
:1076E000002BE5D1EAE7E268DA6099E7E268DA6060
:1076F000BAE7E3681360B7E70C48F9F7B1F90C484B
:10770000F9F7AEF90B48F9F7ABF9C0465CC60020B3
:10771000A9C6002064C60020FC4D011060C60020F0
:10772000A02D0000FC51011068C60020605101101E
:10773000805101109C510110F0B5C646080014009C
:1077400000B500294AD0002A2CD013890A7D012ACD
:1077500047D0098D264A5B189BB293421ED913006D
:107760009046476A468E234AC56A0385B844311C51
:10777000964200D9111C424689B24919511A21D5A5
:10778000ED1B1CD480235B029D422DD24585200039
:10779000FEF79EFD002080BCB846F0BD9942DED8C1
:1077A0001A00DDE7002BF5D10B7D012B03D0102251
:1077B0004B8B13434B830121FFF7F8FEEBE70023CC
:1077C0004385E4E743850C4B521B9A42DFD90222E2
:1077D000438B1343438303F0D1F8D8E71020404292
:1077E000D9E70648F9F73CF90548F9F739F9C046F1
:1077F000A02D0000D0160000670B0000504E0110B5
:10780000344E0110F8B5041E32D00023866F777B0A
:1078100083678433C558002D0CD00023320021002B
:107820000069A84700280BD00D301ED00520A667A0
:107830004042F8BD3189FFF717F93000FEF748FDE7
:10784000BF0610D5238D0C4A934201D00133238506
:107850008423E558002D06D0002300222100206952
:10786000A8470D3001D00020E3E70D204042E0E7BB
:1078700010204042DDE7C046A02D0000F0B54F4685
:107880004646D646C0B5204D204F2B7801332B708D
:107890001F4B9946012398464B461C68002C1BD071
:1078A00008262B78A27F9A421BD04246A377638B8F
:1078B0001A421ED11E4216D1E3689A46A36F002BCE
:1078C00007D0002320003B70FFF79CFF3B78002B84
:1078D000E2D15446002CE4D1E0BCBA46B146A846F9
:1078E000F0BDE468F6E7B34320006383FEF71EFFB4
:1078F000E2E7022213436383200003F03FF80322F0
:10790000638B93436383D5E7ABC60020A9C60020F1
:107910005CC6002010B5FFF7B1FF054A13780133AC
:10792000DBB21370DB0700D410BDFFF7E9F8FBE70B
:10793000AAC6002030B5040085B0002800D198E028
:10794000037D012B00D16FE01021428B0A4342835B
:10795000042B36D1A36F002B44D0238B626A216D98
:107960000293E38A20000193231D0093230002F079
:10797000D3FE237D012B04D90A2B02D02000FEF771
:1079800001FF3F4A13689C4218D1E368136000234B
:107990000122E3603B4B1A703B4B1B689C4229D091
:1079A000237D012B33D021000120FEF7C5F80020F4
:1079B00005B030BDDA68944233D01300002BF9D102
:1079C000E5E7072BC6D0022B17D00FD8C38A002BB0
:1079D000E9D02E4A1368984220D1C368136000236F
:1079E000E360E0E72A4B228D9A42B6D12000FEF7F1
:1079F0009DFEDDE701F002FFD9E721002048FFF7F7
:107A00007BFB01221F4B1A70237D012BCBD1214818
:107A1000F9F726F8DA68944228D01300002BF9D140
:107A2000DDE7E268DA60B2E71B4900200D000C35A3
:107A30004B681B68002B05D0DA6F944211D0DB68CD
:107A4000002BF9D104318D42F2D121001348FFF708
:107A500053FB237D012B0FD021000220FEF76CF891
:107A6000A5E7D867DB68002BE6D1EBE7E268DA60D0
:107A7000B5E7102040429BE70948F8F7F1FFC04600
:107A80005CC60020A9C6002064C6002060C6002095
:107A9000A02D0000FC4D0110FC51011068C6002013
:107AA0009C51011010B5002806D0054B054A1868F6
:107AB00012688018186010BD0348F8F7D1FFC0465F
:107AC000A00500206CC60020B851011010B5002A96
:107AD00010D000290DD08A8D002A0AD0131C282A24
:107AE00000D22823283B1A1C9BB2834200D9021CD7
:107AF00090B210BD0148F8F7B3FFC046D451011051
:107B000070B504000D00002802D00368002B00D1DE
:107B100070BD1F4A1068002805D00268934226D025
:107B2000C0680028F9D11B4B1868002806D02368CC
:107B300002689A4224D0C0680028F9D1002DE7D00D
:107B40002B68002BE4D0144B1A68002AE0D023687D
:107B50001168994205D0D268002AD9D0116899429B
:107B6000F9D12B681360D268002AF0D1D0E7C6683B
:107B70000121FFF725FB002ED5D030002368CCE78C
:107B8000C6680121FFF71CFB002ED7D03000CEE7DE
:107B90005CC6002060C6002068C6002070B5446F37
:107BA0000600002C18D06068256800280CD0FEF76D
:107BB0008FFB21000320FDF7BFFF002D0AD02C0012
:107BC000606825680028F2D121000320FDF7B4FF8A
:107BD000002DF4D10023736770BDC046F0B5DE46BA
:107BE00057464E464546E0B583B0002800D1C3E075
:107BF000634B1D88002D30D0624B63499C460023A7
:107C000062461380614B00221F68614B88461C88C6
:107C10000023002F28D01600954200D89FE0531C67
:107C2000B1B29BB28C423DD8191B0139C9B2795C03
:107C300001293DD002293FD000290CD09C4200D917
:107C400075E01B1BDBB2FB5C012B00D890E09A189F
:107C500092B20123DFE76246138003B0F0BCBB465B
:107C6000B246A946A046F0BD4749019109688A4637
:107C7000142189469144954271D951464E46895DF9
:107C8000531C9BB2012964D002295FD00029E2D0A5
:107C900001990968CB181B7D012B69D99A1892B2FA
:107CA0000123B6E7414609688919097D0129C1D137
:107CB0001A0001360123AFE7911C89B29C4221D8FA
:107CC0001B1BDBB2FB5C042B4FD14B1C9D424CDDDC
:107CD000D31C9BB28C4231D8091BC9B2795C0432E7
:107CE000090292B29C4225D9274E3668F618337D98
:107CF0000B43591E274E89B2B14200D9264B438609
:107D0000012386E7204E0196019E3668F3181B7DFD
:107D1000042B2AD14B1CAB4227DAD31C9BB2002F79
:107D2000D8D17118097D0432090292B2DEE71649F2
:107D30000191ADE71B1BDBB2FB5CD9E7124E0432AD
:107D4000366892B27118097D0902CBE7911C89B29D
:107D5000DAE7012293461A00D94401238BE7002B6E
:107D600000D17AE763461A8077E76346198074E7A3
:107D7000634602321A8070E70848F8F771FEC04681
:107D80009AC6002096C6002074C6002078C600203F
:107D900098C60020B3050000B4050000245201106D
:107DA000F0B5D6464F46464605000C00C0B5002843
:107DB0005CD0C368587B1A7B00021043FDF7BEF805
:107DC000C0074FD401239A46FE339846294E3268A5
:107DD000E36894465A79197912020A4399792889F5
:107DE00009041143DA792789120660440A43811A8B
:107DF000C91B2DD4587B1A7B00021043FDF79EF857
:107E00005346034207D127682000FFF72FF9002FC0
:107E100017D03C00DBE7EB68587B1F7B0002074371
:107E20000120FDF78BF841463843EA6883B22768A2
:107E300008401B0A107353732000FFF717F9002F37
:107E4000E7D100242C60E0BCBA46B146A846F0BD9C
:107E5000101AF7D56346D21A91B268682981FEF7E5
:107E600075F9EFE72000FFF7E5F8EAE70248F8F7D1
:107E7000F7FDC04650C5002040520110F0B55746EE
:107E8000DE464E464546E0B583B007000C1E019223
:107E900046D02D4B9B46662398462C4B9A465B4614
:107EA000E1681D684A790B7912021A438B79C87907
:107EB0001B04134300061843FDF744F8238906000A
:107EC0009946E368AD1B587B1A7B00021043FDF70F
:107ED00035F84B46ED1A03231840431E98412D1ADE
:107EE0002AD460682568FEF7FFF94346FB5A98429A
:107EF00027D842461B1ABB525246238912882000BB
:107F00009B1852461380FFF7B1F84346FB5A002BEB
:107F10000ED0002D01D02C00C1E7019B002B0DD00D
:107F2000002003B0F0BCBB46B246A946A046F0BD57
:107F3000002DF5D02C00B2E72000F2E70448F8F756
:107F40008FFD0448F8F78CFDE408002094C600205B
:107F50009052011068520110F0B5DE4657464E4669
:107F60004546E0B5017D040083B0032901D800F047
:107F7000AFFCA64B1B78DB0653D4A54BA54F019352
:107F80003B889C46002B00D19AE0019B217D1A681A
:107F9000062900D996E0636A991A481E00D549E17E
:107FA00065468146D01A461EEE4200D544E19A4D00
:107FB0006868002801D100F0C1FC984B994201D9B2
:107FC00000F0B9FC028989B28A4201D200F0B0FC0B
:107FD0002B89521A5B1A2B81438992B299420AD992
:107FE0000026B446C91A634602814381006889B2FB
:107FF00043898B42F6D3FEF717F9636A019A190A8F
:108000001360EA68517119021371090E1B0E917108
:10801000D371238D002B00D067E2200002F088FC92
:1080200058E06023C35A7A4A9946836D01929A4672
:108030001268436D7A4D981A00D5CAE028689342B9
:1080400000D166E14B46D346824500D166E1666CBD
:10805000B046371A4AD46F4F3E88B446002E00D13E
:10806000C9E0636B002B93D0A26B121A00D487E790
:108070006C4A9DB212883C23E15E94466346CA1066
:1080800092B29B1A5B1B9BB2591808B219B2A08717
:10809000002903DA6346D21AAB189BB23E22A15ED6
:1080A000C0108A10891A40225B189BB2E3871B1804
:1080B000A352002363633B889C46002B00D064E7F7
:1080C000019B1A68636AD11A0BD4218D013BCB182E
:1080D0009B1A06D403B0F0BCBB46B246A946A046E4
:1080E000F0BD0222638B13436383F3E7821B012AF3
:1080F00000D51EE1236D1B1A00D51AE104210E00E4
:10810000638B1E40B446194200D0A0E13C26A75F15
:108110004631E68F615AB146884640264821FF1015
:108120004F44615AA7534227664692B2E6536064B1
:10813000884500D8A0E18020000103405842434117
:10814000608E01335843031C80B2904200D9131C47
:10815000CB189BB28B4200D298E14822A352E26E28
:10816000216F2000FFF78AFEE16E020020672000E9
:10817000FFF784FE276FE0667B427B415B422386EC
:1081800000232377002800D185E16421264A635A21
:1081900012889B186352638B1A0500D4CCE0002F21
:1081A00000D1D6E2F9684A790B7912021A438B7929
:1081B000C8791B04134300061843FCF7C3FEE36CA5
:1081C000C01A00D5B8E0638B184A124F134063837E
:1081D000B3E02868164B1B689F7BDB7B1B023B438D
:1081E0006027E3530237E65B9E4200D2E3538346A7
:1081F0006265A0652BE749465B4451448B4200D140
:108200000CE1636B002B00D02EE75BE7A3C60020D8
:1082100050C500209CC6002040190020FEFF000031
:10822000E40800206CC6002094C60020FFF7FFFF82
:1082300074C600208146D01A002800DAE9E04846DA
:10824000218DC14200D5E8E6934200D14CE1656F33
:10825000002D00D182E2E868437901791B020B43CB
:10826000817909041943C3791B060B43934200D15A
:1082700014E1561EB446D11A00D5B2E2A8462D68C4
:10828000002D60D0E868437901791B020B438179A6
:1082900009041943C3791B060B43934200D1FFE045
:1082A0004146C9688A460979894651464E46497908
:1082B00009020E435146897909040E435146C97992
:1082C000090631436646711AD8D4991A0129D5D4C2
:1082D000C448FEF7D9FE071E00D19EE6019B19682F
:1082E0004346D868437902791B021343827912040A
:1082F0001A43C3791B06134342461289D2188A1ABD
:1083000000D5A5E24346290038001F60FFF748FD6D
:1083100083E653461B1A00D494E65BE7B24B1B6816
:108320009F7BDB7B1B023B43994500D258E74B46C2
:108330008DE6200002F0FCFAAC4F636B002B00D1FD
:108340001EE6286890E69B1A00D466E6037B407B15
:1083500000021843FCF7F2FDC00700D55DE6A14816
:10836000FEF792FE43461860002800D155E6019BB7
:108370001A684346D8684179037909021943837919
:108380001B040B43C1790906194343461B895B183B
:10839000D31A00D59FE23988636A5B1A218D5B1876
:1083A0009B1A00D439E643461B68DB68587B1A7B6E
:1083B00000021043FCF7C2FD43461B68C00700D50E
:1083C00099E2019E228D31685868521A616A8918B3
:1083D00089B21981FDF7BAFE43461B681D89DB6827
:1083E000587B1A7B00021043FCF7A8FD0322030010
:1083F00013405A1E9341EB1832689BB23B80616A6E
:108400009B18228D5218934200D106E67848F8F75F
:1084100027FB0222638B13436383FEE53021635EF7
:10842000002B00DAEDE6804500D0EAE64321635CEC
:10843000FF2B00D1DEE10133DBB26354032B00D903
:10844000D8E100D0DDE6200002F034F975E78B4377
:1084500063834A230027E15A023BE1522233E75269
:108460003C26A35FE68FDB10B44640266344A3534B
:10847000422392B2E75260646A27E05B83189BB2A2
:10848000984225D88B4224D2E35368E60122482340
:108490005242E25263E66833E05276E600239846A1
:1084A00050482B8902899A4200D8B6E52B68002BE8
:1084B00000D1B2E5FEF7E8FD002800D1ADE5434666
:1084C000002B00D194E118602900FFF769FCA4E5B6
:1084D000484B6A225B1AA352638ECB189BB28B4225
:1084E000D4D3223AA3523AE63E4D2B899846EB6804
:1084F000587B1A7B00021043FCF720FD0323034046
:108500005A1E934143449BB23B80228D934200D933
:1085100032E1616F002900D129E1EB68587B1A7BB9
:1085200000021043FCF70AFDC00769D4636F984648
:108530000123994601339A464346002B0BD1D4E1DF
:1085400043461B6840469B46FEF790FD5B46002B6A
:1085500000D160E1D846019A3B8812689C46934658
:108560004246D268DC44517910790902014390797E
:10857000664600040843D179090601434046008954
:108580004018301A00D540E1507B137B000218439D
:10859000FCF7D4FC4B460342D2D0EB68587B1A7BE5
:1085A00000021043FCF7CAFC53460342C8D1EB68F3
:1085B00001201A7B5B7B1B0213439B46FCF7BEFC2E
:1085C0005B46EA68034398B21373030A53732B891B
:1085D0009B46FCF7B3FC032303405A1E93415B44C4
:1085E0003B80ADE74019002074C600209CC60020E7
:1085F000FC520110FFFF000003686367FEF736FDC1
:10860000606F0028F8D1019A3B8812689446228D49
:108610009C4461466162934200D986E1D21A228568
:108620002000FEF7F5F96B681A89002A03D0C54AC5
:10863000136000236B60EB68587B1A7B00021043C9
:10864000FCF77CFCC00704D52021BF4A13780B43FC
:108650001370656F002D73D0BA4B03279946BA4B40
:1086600098461FE0FDF75EFE00236B60EB68587BC9
:108670001A7B00021043FCF761FCC0070AD5434691
:1086800020221B78134342461370237D042B01D113
:10869000033323752B6828006367FEF7E7FC656FDB
:1086A000002D4DD0EA68537911791B020B43917963
:1086B00009041943D3791B060B43616A8B423FD1EE
:1086C00001990B602B89507B9A46137B000218435B
:1086D000FCF734FC3840431E9841636A5344C01889
:1086E000238D60629A462B899B46EB68587B1A7BE8
:1086F00000021043FCF722FC3840431E98415844C6
:10870000824500D20EE12B899A46EB68587B1A7B92
:1087100000021043FCF712FC3840431E9841238DA1
:1087200050441B1A23852000FEF772F969680B89F3
:10873000002B9BD04B461868002893D1196093E713
:108740000122638B1A420ED09343022213436383A8
:10875000C0E4002800D137E5C16824E57B48FEF776
:1087600093FC606759E4012213436383B2E40199E7
:1087700009688C469C444CE7EB68587B1A7B0002E6
:108780001043FCF7DBFBEB681A7BC0074BD4587B2C
:1087900000021043238D2B81FCF7D0FB2989800731
:1087A00002D5013989B229816868FDF7CFFC2B8990
:1087B0009846EB68587B1A7B00021043FCF7BEFB1F
:1087C000032303405A1E9341434401999BB23B80CB
:1087D0000868228D616A18185118884200D198E6FD
:1087E00014E65A48FEF750FC002801D1FFF715FCAB
:1087F000606769E64822638EA15ACB189BB2994202
:1088000001D901235B42A3521DE68A1B28D44246AC
:108810006267228DFDE6019A3B8812689446002229
:108820009C449046F3E75B7B1B0213431800984679
:10883000FCF784FB3E231840FCF780FB4246444B88
:1088400013400343EA6898B21373030A5373A1E712
:10885000C91A434689B258681981FDF777FC51E57A
:108860005B46C91AEB682981587B1A7B00021043CA
:10887000FCF764FB800702D52B89013B2B812989FA
:108880006868FDF763FC2B899946EB68587B1A7B77
:1088900000021043FCF752FB032303405A1E93418E
:1088A00042464B44D0689BB23B8041790279090231
:1088B0001143827912040A43C17909061143019ACE
:1088C0008C4612689A188A42A1D02248F8F7C8F854
:1088D0002148F8F7C5F84346511A89B258681981FA
:1088E000FDF734FC019B1A6855E5019A3B88126834
:1088F00094469C448BE7DB685D7B1A7B2D02154315
:108900002800FCF71BFB3E231840FCF717FB4346EF
:108910000F4A1B6815402843D96882B2120A0873AF
:108920004A734EE50D48F8F79BF80D48F8F798F8AC
:108930000C48F8F795F80C48F8F792F80B48F8F758
:108940008FF8C04644C50020A7C60020401900206B
:10895000FFC0FFFF34530110B052011090530110BB
:1089600070530110EC520110DC520110CC52011076
:10897000F0B5DE4657464E464546E0B5040091B098
:10898000002801D100F097FDAE22954D954FAB5ACE
:108990000133AB5243683B604389132B11D8B62295
:1089A000AB5A0133AB52B222AB5A0133AB52200067
:1089B000FDF78EFC11B0F0BCBB46B246A946A046FE
:1089C000F0BD894E3168706905F0ACFB002816D106
:1089D000F02273691340E02B11D0310033001431C1
:1089E00022892000009110330621FCF77FFD80468C
:1089F000002809D0B422AB5A0133AB52D3E7BC22D2
:108A0000AB5A0133AB52CEE73B68587B1A7B00026E
:108A10001043FCF793FA010B8900C9B21329BED9A0
:108A200023898B42BBD30B004046704A143B9BB258
:108A3000138091466E4A1060924662898A4200D342
:108A400000E32368002B01D100F08FFE14212000E9
:108A5000FDF7EAFB6389200098464246654B414694
:108A60001A804B461B8899469B1A9BB29B46FDF782
:108A7000DBFB206843895B4500D290E752464368A0
:108A800059461360FDF7D0FB4A46238943449B1A9D
:108A900062899BB22381002A01D000F025FE226862
:108AA00012899A4201D000F01CFE3B68984642466B
:108AB00050781B7800021843FCF740FA43461870C0
:108AC000000A58703B6898464246D0789B7800026E
:108AD0001843FCF733FA43469870000AD8703B6895
:108AE0009846424652791B7912021A4343469B79B3
:108AF0001B0413434246D07900061843FCF722FAC0
:108B0000434642461871030A5371030C9371030ED6
:108B1000D371394B099318603B6898464246527AA4
:108B20001B7A12021A4343469B7A1B0413434246A4
:108B3000D07A00061843FCF705FA434642461872FD
:108B4000030A5372030C9372030ED3722B4B0893D8
:108B500018603B6898464246D07B9B7B00021843D6
:108B6000FCF7ECF943469873000AD8733B68587BCE
:108B70001A7B00021043FCF7E1F9C3B205933F23CF
:108B80001F4A034007930A92137023899B4680076C
:108B900000D15DE21B4A01339BB20D930C9213800E
:108BA0009B4500D9FBE6184B19680B93002901D1AE
:108BB00000F068FC326973689246726999460692C1
:108BC0003822002094465A46A0460E924C460A008F
:108BD000A946BB4655463B68B2460F9106001BE0CE
:108BE0007419002074C60020541900209AC6002071
:108BF00078C6002098C6002050C50020E408002058
:108C0000A3C600209CC600205CC60020D1681600C8
:108C1000002900D1FBE00A00117D002901D100F0FC
:108C20005AFC0A2901D100F053FC012901D100F0BE
:108C30004CFC107A002805D06146615C0131C9B254
:108C40008842E3D159781F78108B09023943884252
:108C5000DCD1D9789F78D08A090239438842D5D1AE
:108C60005168A942D2D1116806988142CED14446BA
:108C700090460E9A5F4693464246D2684D460F99FB
:108C8000424501D100F00AFD002E01D100F05FFC49
:108C9000F26042464046D1600B9A1060414501D1D6
:108CA00000F0D8FC00225946914EF360914B32609F
:108CB0001A609A46904B31811A7099468F4B7460B6
:108CC0009B461A80059B1B0703D50122637B134338
:108CD000637343469B6F002B11D04046FEF792FD15
:108CE0000D3000D13CE243469B6F002B04D00C9B1F
:108CF0001B88002B00D033E20A9B1B780793434666
:108D00007F4C079923600A0004231A400B4200D1CC
:108D1000D7E143461A7D022A00D18BE309995B6AA9
:108D200009688B4200D126E2CA1A00D588E3424680
:108D3000128D5B1ADA4200D582E343465A8B022336
:108D40001343424653834B4608221B781340002BA3
:108D500000D01FE25B461A88002A0BD080234146D0
:108D6000CB58002B03D0086998470D3043D000231F
:108D70005A4613804B4610211B78194200D072E3EB
:108D800053461A68002A1ED043469B6F002B01D021
:108D900000F07AFC4346588B03000B40084200D099
:108DA000ACE3842140464558002D00D1D5E341462F
:108DB0000069A84703000D331DD0002803D0534697
:108DC00042461B6893674B461A7820231A4207D005
:108DD0004246926F002A00D1A2E3517B0B435373AA
:108DE000002323604B461A7810231A4200D075E303
:108DF000404601F0C3FD00255346706825601D60A4
:108E0000002800D1D6E5FDF763FA7560D2E5444647
:108E10004D465F4656463B4A1068002850D072685F
:108E200029009446326965469146A2463822B846E2
:108E30008C4602E0C06800283FD0017D0A2900D09E
:108E400063E3047A002C04D0A95C0131C9B28C42DE
:108E5000F0D159781C78078B090221438F42E9D160
:108E6000D9789C7809022143C48A8C42E2D14168B6
:108E70004945DFD101688B4671698B45DAD1059A86
:108E8000A0465446530700D591E5930700D43FE32D
:108E9000099B1A68436AD51A04D4058D9B1AEB42C4
:108EA00000D4DAE30D9B002B00D180E50223428B36
:108EB0001343438301F062FD79E554466546474616
:108EC000114A11680792002900D1CBE07268A846C8
:108ED0009446726906919346002291463832924632
:108EE0004D460A00B9465F46B3466646A44613E0BF
:108EF0004019002044C50020A7C6002094C60020C9
:108F000064C6002070C6002068C60020D168150025
:108F1000002900D1A2E00A00107A002805D05146AD
:108F2000715C0131C9B28842F0D1D9789C78D08A7D
:108F3000090221438842E9D11168B94201D00029D0
:108F4000E4D14F46A946454690464A4664460699AE
:108F5000B4465E46002A00D1AEE042464846D2689A
:108F6000C2604246D16007990A6005994A0700D558
:108F70001DE5CA0600D5D9E00B009B0700D416E515
:108F80004346587DFEF704FA8146002800D17BE273
:108F900033697269436043460260DB8A099DC3827C
:108FA0003B681A785B781B02134303830323037522
:108FB0002B6801334362C362FEF774FD4B464A4699
:108FC000986518655864D8652B684946013B536518
:108FD00043461B6913614B464246DA670C23527ABB
:108FE00013404A46537243461B7A13720B9A136816
:108FF0001160CB6002F0D0F80122D14B48461A70C4
:10900000FEF7ECFD3B689A7BDB7B1B0213431A04E3
:1090100013434A46151D13662800568E04F034FC8F
:109020002A0001003000FEF751FD4B461221588600
:10903000484601F01FFA002800D036E2484601F009
:109040009DFCB4E4BF4A20001380FDF7EDF82CE549
:109050005A46BD4B0D920C931A80A4E564464546D2
:109060004F465E46587B1A7B00021043FBF766FFB3
:10907000400700D59BE4BC22AB5A09990133AB529F
:109080000A3AAB5A38680133AB520C9A0968128815
:10909000057852184178AD4B090229430291C178F5
:1090A0008578090229430191A949009108997068BE
:1090B000096801F0A5FB7AE4C2216A5A01326A52BA
:1090C00053E7080002231940034274D04146097D4A
:1090D0000239012900D9C3E14346598B1023080006
:1090E0001840194200D0E9E142469A4B1B681362CE
:1090F000A223D0524046FEF771FD43461B7D9A1EC7
:10910000012A00D91FE6032B00D080E04346099ACC
:109110005B6A1268013B934200D014E6404601F0BE
:109120007BFA4B4608221B78134010E60D995878BD
:1091300088461E78099A0899000230431268096827
:109140000290D8789E78814D000230430190281F0C
:1091500000902B006046424401F052FBFFF727FCD1
:1091600043465B8D002B00D16FE1B222AB5A7A4CA3
:109170000133AB523FE6002A00D182E24B4608227F
:109180001B7813434A461370434601225B8B93437B
:109190004246538390234246D358002B03D00E21DE
:1091A0001069494298470B984146FDF7A5FF404694
:1091B000FDF75AFB1FE61022434610005B8B184058
:1091C0001A4200D045E14246624B1B681362A2235B
:1091D000D0524046FEF702FD43461B7D092B00D9C5
:1091E000B1E55E4A9B00D3589F464046FEF7B4FE69
:1091F0004B461B789A0656D54246518B02220A43AB
:1092000041464A8307220A75013213409FE5122323
:10921000079A1340122B00D1BDE1079BDB0600D457
:1092200091E50C9A09993D680968128828785218C6
:109230006978464B090201430291E978A87809024E
:10924000014301914249404600910899096801F0A3
:1092500063FA42234246D35C052B00D973E5002311
:109260004046138601F0C8FD4B4608221B78134088
:109270006DE54046FEF770FE10220A9B1B781342F4
:1092800000D160E54346196D089B1B68994200D0E8
:1092900059E54346DB6E002B00D054E54B4649466A
:1092A0001B781A430A700822134050E54046FEF727
:1092B00053FE4B461B789A06F5D543465A8B02233C
:1092C0001343424640465383FDF70AFF0B9B41463A
:1092D0001B68434505D1CFE1DA688A4200D1E0E15D
:1092E0001300002BF8D188460122154B41461A7015
:1092F00042460A2313751A4B1A681960CA6001F0B6
:109300004BFF20E54046FEF727FE4B461B789A06AA
:1093100000D428E10A9A1278D20606D54246116D89
:10932000089A1268914200D1BFE14246518B022255
:109330000A4341464A8308220A75134007E5C0469E
:10934000A9C6002098C600209CC6002068190020ED
:10935000641900206CC6002064C6002094550110DA
:1093600070C600204046FEF7F7FD0A9B1B78DB061F
:1093700000D4E8E443461A6D089B1B689A4200D06B
:10938000E1E44346DB6E002B00D0DCE44046FDF711
:10939000A7FE0B9B41461B68434505D16CE1DA688B
:1093A0008A4200D17DE11300002BF8D19BE7079B97
:1093B000DB0600D4C7E4089B196843465B6CDB43BB
:1093C000CB4200D5B5E143461B6D5B1A00D5B0E139
:1093D000042342461375D36F002B00D191E09B69A3
:1093E000002B00D1A2E141460022086998470028DD
:1093F00000D096E14046FEF7AFFD5B461B88002B90
:1094000002D05A46013B138043465B8EDA485A002D
:1094100011009B00824200D201008B4200D336E152
:109420009BB2482241468B524B461B789A0600D588
:10943000E2E638E71A6D089B1B689A4200D19DE668
:109440004B461A780823134081E4404601F070FA35
:109450008BE6A22342464046D152FEF7BFFBBBE655
:109460004246528B6CE443465B8B0B4200D09AE63B
:1094700090234246D358002B00D194E610691F393F
:10948000984790E63B68C6E4B822AB5A0133AB522A
:1094900043469B69002B01D1FFF789FA4046002122
:1094A000B93A00699847FFF782FA00214846FDF76C
:1094B00087FEFFF77CFAB148F7F7D2FAA2234146BC
:1094C0004046CA52FEF78AFB17E6AD48F7F7C8FADE
:1094D000AC48F7F7C5FAAC48F7F7C2FA4246528BE8
:1094E0001A4200D05FE642468033D358002B00D1A9
:1094F00059E60F2110694942984754E61000FCF7DD
:10950000E7FE4046FDF72EFF75E4A048F7F7A8FAFE
:10951000059BDB0700D4C5E49D4B1B680362C1E4D7
:1095200043469C4A1B8D934202D042460133138529
:1095300084234246D558002D00D151E400234146F2
:109540001A000869A8470D3000D049E453E4C2214D
:109550006A5A01326A52FFF7A5FB2B0041462800E8
:10956000FEF7EAF826E40A9A1278D20600D49AE6C0
:109570004246116D089A1268914200D093E6424625
:10958000D26E002A00D08EE6062241460A750232CB
:109590001340FFF7DCFB089B1A6843465B6C013302
:1095A000934200D039E64046099A436412683B680A
:1095B000511C4162C162997BDB7B013A1B020B4368
:1095C00019040B4303660423051D0375478E42658A
:1095D000280004F059F92A0001003800FEF776FA55
:1095E000434642005886830063481100824200D2FD
:1095F00001008B4200D3F0E09BB2482241468B52DF
:109600001E328B5A002B00D1E4E0086F013B8B52D5
:10961000002800D1D8E003680B67FDF727FD43461B
:109620001B6F002B00D1A3E00023422241468B5444
:10963000424613868823D358002B01D1FFF77DFBC8
:1096400041460022086998470D3001D0FFF775FBAD
:10965000FFF7D1FB5048F7F703FA41460D9D019102
:10966000AC464E490297009108994D4B09686244F7
:1096700001F052F8FFF79BF943460B9ADB68136041
:1096800032E64848F7F7ECF94748F7F7E9F93A497D
:109690000B008A4200D8C4E693B2C2E64348F7F70B
:1096A000DFF9CA688846DA601EE64246D26E002AB2
:1096B00000D03AE643465A8B0223134342464046C3
:1096C0005383FDF70DFD0B9B41461B68434504D1B9
:1096D00023E0DA688A420AD01300002BF9D18846C9
:1096E00008E03348F7F7BCF93248F7F7B9F988468C
:1096F000CA68DA600122304B41461A700A2342469A
:1097000013752E4B1A681960CA6001F045FD4B466F
:1097100008221B781340FFF71AFBCB680B9A1360E3
:10972000E8E70D3001D1FFF766FBEAE62448F7F7DA
:1097300097F90C9A099D38682D6812880778521994
:109740004578174B2D023D4302958578C07800027D
:109750002843019011480090404600F0DDFF4B4641
:1097600008221B781340FFF7F2FA1648F7F778F94A
:1097700001235B425CE7C0461C110000B45301109A
:109780005C5401103054011008540110DC540110D5
:109790006CC60020A02D0000B054011064190020F8
:1097A000681900200C5501107855011084540110DF
:1097B000E8530110DC530110A9C6002070C6002038
:1097C00058550110CC530110C86E00280CD0036806
:1097D000CB6622E70648F7F743F906490B008A42B1
:1097E00000D80AE793B208E70348F7F739F9C0460B
:1097F0002C5501101C110000445501101021024A83
:1098000013780B4313707047A7C60020F0B54F467E
:109810004646D646C0B5994608AB80460E009246ED
:109820001F7800285FD000295AD00425BB000320F0
:109830001D40FCF753F9041E4DD0002387720360CE
:1098400046603389AB4251D35B1B03811421300046
:10985000FCF7C2FC061E34D16368AD025F68434664
:10986000E760D88AFBF76AFB43463870000A7870D5
:10987000188BE768FBF762FBB870000AF87048467F
:10988000E768FBF75FFB030EFB71E368020A98468B
:10989000A023DB0138717A71020CE81853460343A8
:1098A0001800BA71FBF74AFB43461873000A587355
:1098B000E3689E74DE742000E0BCBA46B146A84658
:1098C000F0BDC0210B4B20005A5A002401325A52DD
:1098D000FDF7CCFBEFE73000FCF7FAFC0024EAE7E9
:1098E0000548F7F7BDF80548F7F7BAF80448F7F761
:1098F000B7F8C04674190020DC550110BC550110A2
:1099000000560110F0B54746CE4680B505000C0064
:1099100090461E0085B000294DD0002838D0007A2E
:1099200000282BD1180003F0AFFF071E2AD0636870
:10993000228999460621434620000096FBF7D6FD72
:109940004B461874000A5874EB7AAD7AAC211B4868
:10995000425A01324252062200950192414632009B
:109960002000029704F048F905002000FCF7B0FC45
:10997000280005B0C0BCB946B046F0BDFCF7AAFA55
:10998000071ED4D104252000FCF7A2FC6D42EFE7AE
:10999000180003F079FF071EF4D06568434622895A
:1099A000062120000096FBF7A1FD2874000A6874C8
:1099B000FF230025CAE70248F7F752F87419002080
:1099C0002C560110F8B54E464546DE465746E0B5E2
:1099D0000500160000284DD0A022436A1431984695
:1099E000C38A89B29A46038B92009946438D2220FE
:1099F0009B46FCF7F1FA071E35D04389132B3CD95F
:109A000044685046FBF79AFA2070000A6070484696
:109A1000FBF794FA330AA0702671000A6371330CC5
:109A2000360EE070A3714046E671FBF78BFA030A2D
:109A300020726372030C000EA372E0721048FBF7F1
:109A40007DFA2073000A60735846FBF777FA00230B
:109A5000A073000A23746374A374E374E0736A8DC3
:109A60006B6A9B18EB623800F0BCBB46B246A94655
:109A7000A046F8BD0348F6F7F3FF0348F6F7F0FFFA
:109A8000105000005856011080560110F0B54E4697
:109A90004546DE465746E0B58FB080469146049174
:109AA0000993002800D136E36223C35A428E5B0833
:109AB000191C934200D991E08BB20193002B00D185
:109AC0008AE0049B002B00D125E343461B7D9A1EB0
:109AD000022A0AD9072B08D00B2040420FB0F0BC55
:109AE000BB46B246A946A046F0BD4B46002B00D16E
:109AF00071E164234246D35A4B4500D204E3662306
:109B0000D35A02931F2B00D9F9E2002B6DD0136FAB
:109B1000002B00D127E24346DF6E002F00D120E367
:109B20003B003F68002FFBD1190004220B939B7A66
:109B300001989B001A400B899918884200DA08E3C3
:109B4000C11A8A1A91B2404668220591855A002DA1
:109B500000D045E14A46002A00D158E2059A002A81
:109B600000D1FDE1002B00D162E14B465E1B964225
:109B700000DD1600099BB4B2DB0700D574E20B9B35
:109B80005F683B003F68002FFBD11A7B3F2A06D855
:109B90005A895B689B18049A9A4200D145E20122D7
:109BA00021000020FCF718FA071E00D19BE2049B5D
:109BB0005B194360FCF798FB029B9C46604483B2B0
:109BC0000293002305936419AA46A5B20B9CA945EC
:109BD0001DD8002203923EE1019272E7111C8BB264
:109BE0000193002B00D06CE7F6E7136F002B00D039
:109BF000ACE2D76E002F00D0A8E26823D55A002D22
:109C000000D0B9E200220023924605930B920999F5
:109C10000122080010400132114000220A916946D9
:109C200093460392019A0D93CA8352464B460C9277
:109C3000029A06909246089700937BE0059B002BC2
:109C400000D072E2012239003620FCF7C5F9041E6B
:109C500000D13FE1A022049B00215B1943609200E8
:109C60003620FCF7B9F9061E00D183E12100FCF78C
:109C700059FB3000FCF738FB504483B29A46202B46
:109C800000D9A2E04346DB6D0320EB180293FBF7FB
:109C900025FF041E00D198E0002346608372036014
:109CA0003389142103813000FCF796FA061E00D098
:109CB000E3E063685B689946E3604346D88AFBF754
:109CC0003DF94B461870000A5870E36899464346C0
:109CD000188BFBF733F94B469870000AD870E3688D
:109CE00002989946FBF72EF94B464A461871030A2B
:109CF0005371030C9371000EE368D071A020994654
:109D0000C001FBF71BF94B461873000A5873E36850
:109D10009E74DE74039B002B00D18DE05B46002B0C
:109D200000D105E21C60ED19009BADB2AB4200D83A
:109D300089E0A3465B1B019A1F1C9BB2934201D989
:109D40006B46DF8B069BBFB2002B00D176E7019BF1
:109D50003900BB4217D90A9B002B0BD143465B8BC2
:109D60005B0610D4039B002B04D14346DB6E002B13
:109D700000D1B2E1B54BF91803239943019B9942F5
:109D800000D9190089B2A02236209200FCF724F9EC
:109D9000061E00D19EE00368002B00D0CDE1438970
:109DA0003A00DB1B9BB205933B043B438360049B5F
:109DB00040685919F8F712FE3000FCF795FA504444
:109DC00083B29A46202B00D85CE73000089FFCF74E
:109DD0007FFA9F4D5AE066234246D35A02939AE691
:109DE0008D4200D9ACE12A1C4D451BD8059891B293
:109DF00081420FD892B2AD1AADB29246002D00D179
:109E0000CAE0914500D09EE14B46002B00D0A3E173
:109E10000B9CFEE0021C92B2AD1AADB29246002D30
:109E2000EFD1B9E04A46059891B28142E2D9F1E713
:109E30000022AA460592EAE6ED19009BADB2039412
:109E4000AB4200D975E71A005346914602930C9B2A
:109E5000089F9A460D9B5246002A00D190E00B9A2B
:109E60005568002D48D056469A462B89F3182B8109
:109E70002B68002B31D01D00F7E7C022744D200065
:109E8000AB5A089F0133AB52FDF7F0F843468022EE
:109E90005B8B134342465383B822AB5A0133AB5218
:109EA000002F02D03800FCF713FA039B002B02D0DE
:109EB0001800FDF7BFF866234246D35A002B06D0A0
:109EC000136F002B03D1D36E002B00D1AAE0012029
:109ED000404203E6089F5E4DD8E76B896868320010
:109EE000C0180499F8F77AFD6B89F3186B812B6819
:109EF000002BC0D15346B2460B9905980A895244AB
:109F00000A81682241468852002F63D00B9D390098
:109F10006868FCF707FA2B893A899B182B810B9B01
:109F2000039A1A6043464246DB6D49464B44D3656B
:109F3000642243469B5A5B1A41468B526623029A1F
:109F4000CA52002A02D00B6F002B68D0002C05D01B
:109F5000E368002B02D0099A92072CD50020BDE5BA
:109F60000023AA4653E6D76E002F00D0D8E5394823
:109F7000F6F776FD2000089FFCF7AAF9344D85E737
:109F80006822414605988852002F57D00B9B002B22
:109F9000BCD13148F6F764FD5146059A5546521A30
:109FA00092B20592D14500D9D8E5002300220B9C3E
:109FB0000393059253E7587B1D7B0002054308205D
:109FC000FAF7BCFF2843E26883B21B0A107353738D
:109FD000002083E5002BA2D00B9A5068002832D0D5
:109FE0000168002901D1A6E0110002899A180281B6
:109FF0000A680800002AF7D10A899A180A814A8952
:10A000009A184A810B990A899B180B8187E70025CA
:10A01000002468234246D552002303937FE7CB6E8A
:10A02000002B93D10D48F6F71BFD00230593230069
:10A03000002D00D1C7E50A48F6F712FD002B6DD0C0
:10A040000B9A002AC8D10748F6F70AFDB7050000A9
:10A0500074190020B05601100C5801107C580110E2
:10A060008C57011044580110059B21009C4212D2CC
:10A07000099B9B0703D443465B8B5B060BD4404B89
:10A0800031049C460323090C61449943059B994282
:10A0900000D9190089B2A02200209200FBF79CFF92
:10A0A000071E20D00368002B47D1438932041B1BB5
:10A0B0009BB20593230423438360049B120C59191C
:10A0C0004068F8F78BFC3800FCF70EF9029B9C46C1
:10A0D000604483B20293002375E543461B6F002B57
:10A0E00000D047E64FE6434680225B8BB8211343FE
:10A0F00042465383234B5A5A01325A52DBE6B82167
:10A10000204B5A5A01325A52434680225B8B1343EA
:10A1100042465383DBE610204042DFE40B9B002BDA
:10A1200000D0FCE6039ACA66FCE61748F6F798FCEE
:10A130001648F6F795FC01005EE71548F6F790FC27
:10A140001448F6F78DFC1448F6F78AFC1348F6F726
:10A1500087FC1348F6F784FC00230B9C03930595BA
:10A160007DE668234246D55A002D05D13B00BA460C
:10A170003C0005970B972AE50A48F6F771FCC046A4
:10A18000B705000074190020E8570110F8570110B6
:10A19000785701103857011058570110EC5601102C
:10A1A00020570110B8570110F0B54E46DE4657460D
:10A1B0004546E0B50C00060083B0002800D1BFE0A2
:10A1C000C56E002D00D1AFE0002900D1B5E02B898C
:10A1D0009A468B4200D88EE0438E8B4200D2B2E08A
:10A1E0000422AB7A36209B469B001A4053465F1AE6
:10A1F000BFB2D1199146A02289B29200FBF7ECFEC2
:10A200008046002800D192E068682A8903899B1A59
:10A2100042465168E3183A009BB24944FCF788F97A
:10A22000B84200D078E0EB68587B1A7B00021043FC
:10A23000FAF784FE08230700C2B21F40184262D119
:10A240003733134099460122012349460B4202D07D
:10A25000994389461700E9684A790B7912021A4333
:10A260008B79C8791B04134300061843FAF76AFE7A
:10A270005A462318009241463A003000FFF7C6FACA
:10A28000071E54D06868FCF72FF8662398464246AC
:10A29000F35A1B1AB35253466868E41A0189A4B2F0
:10A2A000611889B2FBF752FF2B894846E418EB6826
:10A2B0002C811C7B5B7B1B021C43FAF73FFE204377
:10A2C000E96882B2120A08734A736868FCF70CF8EE
:10A2D0004346F35AC0184346F0527868FCF704F836
:10A2E0004346F35AC0184346F0522B683B602F6038
:10A2F0003B68002B0DD0002003B0F0BCBB46B2463B
:10A30000A946A046F0BD37231340994609220827E5
:10A310009AE76822B352EEE7B8210C4B40465A5AEE
:10A3200001325A52FBF7D4FF01204042E4E7B82142
:10A33000064B5A5A01325A52F6E70548F6F790FB97
:10A340000448F6F78DFB0448F6F78AFB74190020E1
:10A35000C05801109C580110E458011070B5040059
:10A3600082B0002800D171E0C36E002B0CD01D001C
:10A370001B68002BFBD1EB68587B1A7B0002104353
:10A38000FAF7DCFD400740D0A022002136209200E1
:10A39000FBF722FE011E4BD00022E36D200000924D
:10A3A0000132FFF733FA002842D0C3689B0750D12F
:10A3B0000389002B50D1E36E002B24D01A001B68B8
:10A3C000002BFBD1106068230022E2522022E36DB3
:10A3D00040680133E365638B13436383FBF784FFBA
:10A3E0006623E25A801880B2E052002802D1002091
:10A3F00002B070BD236F002BF9D1E36E002BF6D1B4
:10A400001748F6F72DFBE066DDE7EB68587B1E7B0F
:10A41000000206430120FAF791FD3043EA6883B257
:10A420001B0A107353732022638B13436383DEE78D
:10A430008022638BB82113436383B8230120094A28
:10A440004042D35A01339BB25352D1E70648F6F744
:10A4500007FB0648F6F704FB0548F6F701FBC04684
:10A460005459011074190020F458011010590110AA
:10A4700028590110F0B5C646032700B504000D00A9
:10A4800082B00F4265D0002860D0A0228B07DB0F7E
:10A490009E003100362092009846FBF79DFD011E7C
:10A4A00040D04389B34257D34246E36D2000009227
:10A4B0002A00FFF7ABF9002834D0C3683B4242D1F1
:10A4C0000389002B3CD1E36E002B29D01A001B68B6
:10A4D000002BFBD1106068230022E252E36D0133B0
:10A4E000E365ED0703D52022638B13436383406844
:10A4F000FBF7FAFE6623E25A801880B2E052002889
:10A5000004D1002002B080BCB846F0BD236F00200B
:10A51000002BF7D1E36E002BF4D11148F6F7A0FA27
:10A52000E066D8E78022638BB82113436383B823A6
:10A5300001200C4A4042D35A01339BB25352E1E707
:10A540000948F6F78DFA0948F6F78AFA0848F6F747
:10A5500087FA0848F6F784FA0748F6F781FAC04602
:10A560005459011074190020285901101059011074
:10A57000D45901107C590110F4590110F0B5C646A8
:10A58000050000B5002841D0026F002A39D0140020
:10A59000636826689B7B002E07D0012B31D13400E5
:10A5A000636826689B7B002EF7D1012B29D1EB6EC7
:10A5B000E16823608023EA666A8B1B0113432E67E0
:10A5C0006B834A790B7912021A438B79C8791B0481
:10A5D000134300061843FAF7B5FC23890700984691
:10A5E000E3684744587B1A7B00021043FAF7A6FC45
:10A5F000032303405A1E9341DB190020EB646E6372
:10A6000001E00620404280BCB846F0BD0148F6F7A4
:10A6100027FAC046305A0110F8B5071E45D0066F1C
:10A62000002E3CD073689B7B012B38D1050033682A
:10A630006C350367C36E002B04D121E02D682B68B5
:10A64000002B1DD0D9684A790B7912021A438B79F5
:10A65000C8791B04134300061843FAF773FCF1682A
:10A6600004004A790B7912021A438B79C8791B04CA
:10A67000134300061843FAF765FC241ADED42B684E
:10A6800033602E603368002B0CD04222BB5CFF2B62
:10A6900001D00133BB54002300207B6301E006207E
:10A6A0004042F8BD6822BB52EFE70148F6F7D8F9FF
:10A6B000545A011070B5041E28D0036F002B02D02D
:10A6C000438B5B0700D570BDFFF7A6FF0028FAD1CA
:10A6D00060234821E25A605A131C824200D9031CAD
:10A6E0004A209BB25D105B082352628E51008D425E
:10A6F00001D28BB2235252189B184822A352042233
:10A70000638B1343638300232386DCE70148F6F75A
:10A71000A7F9C0466C5A0110F0B55746DE464E46C2
:10A720004546E0B583B01F000CAB904604CB0190CA
:10A730001B8808009B460EAB1B8891469A46002F4B
:10A740004BD0002A4CD0FAF7FDFBA02205001421C3
:10A7500022209200FBF740FC061E37D04389132BC2
:10A7600041D944685846FAF7E9FB2070000A607046
:10A770005046FAF7E3FB2B0AA0702571000A6371BB
:10A780002B0C2D0EE070A3714046E571FAF7DAFB51
:10A79000030A20726372030C000EA372E072134866
:10A7A000FAF7CCFB2073000A60731148FAF7C6FB76
:10A7B0000023A073000AE07323746374A374E3742A
:10A7C0003A004B4631000198FFF79CF803B0F0BC0B
:10A7D000BB46B246A946A046F0BD0648F6F740F98A
:10A7E0000548F6F73DF90548F6F73AF91450000028
:10A7F0002DA000008C5A0110A85A0110805601109B
:10A80000F0B557464E46DE464546E0B587B01F00D8
:10A8100010AB059204CB06001B880800994612ABCA
:10A820001B8892469B46002E65D0002F00D16CE01D
:10A83000002A67D0FAF786FBA02280461421222046
:10A840009200FBF7C9FB051E55D04389132B5FD936
:10A8500044684846FAF772FB00232070000A6070D3
:10A8600058469946FAF76AFB434623711B0A6371FF
:10A8700043461B0CA3714346A0701B0E000AE070F8
:10A88000E3710598FAF75EFB030A20726372030C0A
:10A89000000EA372E0722048FAF750FB2073000A02
:10A8A00060731E48FAF74AFB4B4623746374A37423
:10A8B000E3745346A073000AE0732A896C6806218A
:10A8C000009328003B00FAF711FEAC212074144BD2
:10A8D000000A60745A5A280001325A520623019322
:10A8E0004B465246009339000296FF3303F084F939
:10A8F0002800FBF7EDFC07B0F0BCBB46B246A9460A
:10A90000A046F0BD0748F6F7ABF80748F6F7A8F8F9
:10A910000648F6F7A5F8C046145000002DA0000028
:10A9200074190020A85A01108C5A01108056011089
:10A9300010B5041E1DD0006DFAF704FB00210200C3
:10A940002000FFF73FF8011E0DD02200231D20003C
:10A95000FEF7D8FF0322638B002802D19343638361
:10A9600010BD1343FBE703220220638B40421343D5
:10A97000F5E70148F6F774F8C45A0110F0B5DE4661
:10A9800057464E464546E0B5040089B0002800D140
:10A9900013E2037D012B00D10CE2C94B1B688342FB
:10A9A0003ED04823C56EC65A1833C75A002D30D042
:10A9B000031D007A9846002800D0DFE1180002F05D
:10A9C00063FF81464B46002B00D1EAE12368002B50
:10A9D00002D14B465B682360331CBE4200D93B1C4E
:10A9E000E9689FB24A790B7912021A438B79C879C8
:10A9F0001B04134300061843FAF7A4FA2B89626C70
:10AA00009B1A1B18BB4213D96023E35ABB4200D1E7
:10AA100006E1638B9A0700D5FEE0802293436383AF
:10AA2000002009B0F0BCBB46B246A946A046F0BD26
:10AA3000A1230022E254236F002B00D100E11A0071
:10AA40001B68002BFBD192469E4B06939E4B0793AF
:10AA50004346B84605939FE0EE686B689F7B012FE5
:10AA60005ED1606AFAF76EFA030A30727372030CF1
:10AA7000000EB372F072608DEE68FAF75FFAB07391
:10AA8000000AF073628D636AEE689B18E362AB7A2A
:10AA90001F4200D01AE114239B46B3443022A35E28
:10AAA000002B01DA00232386636B002B00D1F4E036
:10AAB000686843684289F31A9BB2D21A42810289BC
:10AAC0004660D21A002392B2028133747374A97A59
:10AAD00001330B400321013B8B431833F3189B4593
:10AAE00000D064E1059F230006210097FAF7FEFCE1
:10AAF000AC2230740699000A70748B5A686801336E
:10AB00008B524A46E37A029206220192A27A2100EF
:10AB100000923A0003F070F8002800D037E1EE68A8
:10AB20002B68E366237D022B03D00322638B9343C0
:10AB300063837279337912021A43B379F0791B0473
:10AB4000134300061843FAF7FDF92B8906009B46CC
:10AB5000EB685E44587B1A7B00021043FAF7EEF96B
:10AB6000032303405A1E93419E19236D9B1B00D55E
:10AB70002665EB682E89587B1A7B00021043FAF792
:10AB8000DDF980075FD1002E5DD12800FCF76EFA59
:10AB9000E56E002D00D1FFE0E9684A790B791202D9
:10ABA0001A438B79C8791B04134300061843FAF73C
:10ABB000C9F9636CC01A2B89C018404500D9E3E07D
:10ABC000EB68587B1A7B00021043FAF7B7F940078D
:10ABD00000D5E9E0236F002B0BD04422638B1A428F
:10ABE00007D1E26E002A00D185E01168002900D16A
:10ABF0007CE0237D022B00D12EE7EB6810201F7B29
:10AC00005B7B1B021F43FAF799F93843EE6883B266
:10AC10001B0A3073737320E72000FFF789FE00E7FB
:10AC2000236F002B00D0F4E6A133E35C002B00D0AF
:10AC3000EFE68021A0224900A1520232A354E8E6A7
:10AC400000239A4600E700232B60236F002B21D0BE
:10AC5000E9684A790B7912021A438B79C8791B0487
:10AC6000134300061843FAF76DF95346D9680600F6
:10AC70004A790B7912021A438B79C8791B04134362
:10AC800000061843FAF75EF9361A48D45346AA4626
:10AC90001D607DE7AA4625677AE7079B1B6863630B
:10ACA0007279337912021A43B379F0791B04134392
:10ACB00000061843FAF746F9EE68A063F8E6C046C6
:10ACC00064C60020741900206CC600204946059A0D
:10ACD0003B48FCF7FBFE81239B041843FAF732F94B
:10ACE00018239B467061B344EE68D7E61089618EE5
:10ACF000884200D37DE76421615A002900D178E7BA
:10AD00006621615A1F2900D973E7A021194200D09A
:10AD10006FE7002A41D080229343638380E670234B
:10AD20009B46236FA3445F46002B04D122E03F687B
:10AD30003B68002B26D0D9684A790B7912021A4356
:10AD40008B79C8791B04134300061843FAF7FAF805
:10AD5000E96806004A790B7912021A438B79C8799F
:10AD60001B04134300061843FAF7ECF8361ADED436
:10AD7000BB463B682B605B461D6009E7FBF7AAF802
:10AD800081461FE6BB46F5E7E26E638BC1E7802292
:10AD9000638B1343638344E6638B68220021A152D3
:10ADA0003BE6042040423CE60648F5F759FE0648DB
:10ADB000F5F756FE0548F5F753FE0548F5F750FE42
:10ADC000B4050000245B011018560110FC5A011054
:10ADD000E45A011010B5002808D04222835CFF2BF2
:10ADE00001D001338354FFF7C9FD10BD0148F5F7C9
:10ADF00037FEC0463C5B0110F0B5C646040000B506
:10AE0000002846D0026F002A40D015006B682E68DB
:10AE10009B7B002E07D0012B38D135006B682E6844
:10AE20009B7B002EF7D1012B30D1E36EE9682B60BC
:10AE30008023E266628B1B011343266763834A7992
:10AE40000B7912021A438B79C8791B04134300064D
:10AE50001843FAF777F82B8907009846EB684744C0
:10AE6000587B1A7B00021043FAF768F8032303406B
:10AE70005A1E93414222DB19E3646663A35CFF2BF5
:10AE800001D00133A3542000FFF778FD80BCB84601
:10AE9000F0BD0148F5F7E4FD605B0110F8B54546EB
:10AEA000DE4657464E46E0B5051E59D0006D0138C6
:10AEB000FAF748F8A0226B6A06009946EB8A14213B
:10AEC0009B462B8B22209A466B8D92009846FBF76F
:10AED00083F8071E41D04389132B44D94468584650
:10AEE000FAF72CF82070000A60705046FAF726F83E
:10AEF000330AA0702671000A6371330C360EE070BD
:10AF0000A3714846E671FAF71DF8030A20726372CE
:10AF1000030C000EA372E0721448FAF70FF82073C6
:10AF2000000A60734046FAF709F80023A073000A8C
:10AF3000E07323746374A374E3746A8D6B6A3900DD
:10AF40009B18EB622A0028002B1DFEF7DBFCF0BCEF
:10AF5000BB46B246A946A046F8BD01204042F6E7EE
:10AF60000348F5F77DFD0348F5F77AFD1050000022
:10AF70007C5B011080560110F0B5C646040000B598
:10AF8000002800D179E0C56E002D00D170E0A2222A
:10AF9000835CFF2B01D001338354EB68587B1A7B11
:10AFA00000021043F9F7CAFFC00736D4E968200051
:10AFB0004A790B7912021A438B791B041343CA791D
:10AFC000012112061A43FEF7FDFC061E52D07768D7
:10AFD000390068682A89038914319B1A9BB20122BF
:10AFE000FBF7A6FAE9684A790B7912021A438B79C2
:10AFF000C8791B04134300061843F9F7A3FF236D18
:10B0000001301B1A00D52065220031002000231DCD
:10B01000FEF778FC80BCB846F0BD2B89E9689846FD
:10B020004A790B7912021A438B7920001B041343CF
:10B03000CA79414612061A434B1E994189B2FEF75E
:10B04000C1FC061E16D043464768002BC0D17B7B4F
:10B050003A7B1B0213430A4A112013409846F9F722
:10B060006DFF4346184383B21B0A38737B73B9E7FD
:10B070000020CFE701204042CCE70248F5F7F0FC82
:10B08000FFC0FFFF985B011010B5FCF743FC164BA7
:10B090001B68002B1DD0F9F769FBFA30040007206C
:10B0A000FAF71CFD00281BD000231049104A03604A
:10B0B000C3600B6882604460002B04D107E0190074
:10B0C0001B68002B02D05A68A21AF8D503600860EA
:10B0D00010BD084B1B68002BDDD1074A1360F7E752
:10B0E0000648F5F7BDFCC0465CC6002068B50020E8
:10B0F00089B0001070C600207CC60020BC5B011027
:10B1000070B5050043689847F9F730FB1E4B2A6875
:10B110001C681419231ADE0F002B1ADA14180720E2
:10B12000FAF7DCFC00282BD0002318490360184BE9
:10B13000C56083600B684460002B04D107E01900F0
:10B140001B68002B02D05A68A21AF8D50360086069
:10B1500070BD0720FAF7C2FC002811D00C4B0B4938
:10B1600083600B680660C5604460002B04D1EEE785
:10B1700019001B68002BE9D05A68A21AF8D5E5E738
:10B180000448F5F76DFCC046440B002068B500206C
:10B1900001B10010BC5B0110184B10B51A68002AF1
:10B1A00022D1174A1268002A1FD001221A60F9F72B
:10B1B000DDFAFA3004000720FAF790FC002819D0D5
:10B1C00000231049104A0360C3600B68826044602A
:10B1D000002B04D107E019001B68002B02D05A682D
:10B1E000A21AF8D50360086010BD084A1268002A48
:10B1F000DBD1F9E70648F5F733FCC0467CC60020F2
:10B200005CC6002068B5002089B0001070C6002020
:10B21000BC5B0110F8B52023CE46994680234746F3
:10B22000DB059846194D80B5194E1A4FA9442C6874
:10B23000444525D2F9F79AFA24180720FAF74EFC6C
:10B24000002820D00023036033688760C560446015
:10B25000002B03D05A68A21A0BD503603060083562
:10B260004D45E4D1C0BCB946B046F8BD5A68A21AF3
:10B2700003D419001B68002BF8D103600860EEE7C7
:10B280000548F5F7EDFB0548F5F7EAFB3C5C0110D6
:10B2900068B5002001B10010FC5B0110BC5B01101F
:10B2A000F8B5CE46474680B5F9F760FA134E05006B
:10B2B000134C144F12E02168002917D04B68EA1A8A
:10B2C00014D40A68072022608A683B609046CA68E6
:10B2D0009146FAF731FC4346002B0BD13378002B13
:10B2E000E9D0FAF75FFE21680029E7D1C0BCB94672
:10B2F000B046F8BD4846C047F0E7C046A6C60020A5
:10B3000068B50020440B002010B5084C2368002BC2
:10B3100008D0F9F72BFA23685B68181AC30F013BB2
:10B32000184010BD01204042FBE7C04668B5002030
:10B3300010B5F9F7BBFD044A80049446034B800C1A
:10B340006044188010BDC04600C0FFFFA605002065
:10B35000F0B54E46DE4657464546E0B504000E00C1
:10B3600089B0002800D11AE1002900D114E1962209
:10B370008C4DAB5A0133AB524389072B00D8C6E042
:10B3800043689846884B19685869994602F0CAFE86
:10B3900042464346070050781B7800021843F9F7ED
:10B3A000CDFD424643460490D0789B780002184376
:10B3B000F9F7C4FD7D4B9C461B689B46002B00D1D2
:10B3C000DDE04B465B68614605934B465B690022B6
:10B3D00003935B469246B446A3460791069305E065
:10B3E000D9681A00002900D175E00B00598A814202
:10B3F000F6D11C7A002C06D038260599895D0131DA
:10B40000C9B28C42ECD11968002F51D0002909D063
:10B41000039C013400D194E06446039EA4684E402E
:10B420003442DDD11C7C640706D45446002C4BD03A
:10B43000039C013400D18BE0998A049CA142CFD1B6
:10B440005968002903D04C462469A142C8D1069905
:10B450005C468B4607998C46002A00D193E0D96858
:10B460009A46D1605A46DA606246136043469A793A
:10B47000DB791B0213433AD108212000FAF7D4FEEE
:10B48000002800D085E05346002B4CD01D6A002DCB
:10B4900045D05246506A049A51460092444B2200CD
:10B4A000A84709B0F0BCBB46B246A946A046F0BDCD
:10B4B000002903D0039CA14200D091E7197C4907E1
:10B4C000BAD451460029B7D1998A049C9A46A14220
:10B4D00000D085E7B4E753465C466646002BC5D1ED
:10B4E0007368039A9A421AD100239A46BEE7304BFA
:10B4F0002289191D009120001121F9F7F7FF00287A
:10B50000BAD09C22AB5A0133AB52023A04E0083263
:10B51000AB5A0133AB52043AAB5A0133AB52200061
:10B52000FAF7D6FEBDE7002F05D14B46F0225B6946
:10B530001340E02B17D1A422AB5A0133AB520A3A85
:10B54000EAE71C7C640700D576E75446002CBBD0A4
:10B550006446564664683668A64200D16CE78C4261
:10B5600000D069E7B0E74B4699892000083109B25D
:10B57000FAF778FE0321200001F0C6F9DBE74B461D
:10B580005B690393ACE7AA216A5A9A4601326A5270
:10B590006CE70848F5F764FA0748F5F761FA0748D9
:10B5A000F5F75EFA741900205419002088C60020AF
:10B5B00064190020905C0110745C01105C5C011047
:10B5C000F0B5C64600B5002900D169E0002800D1D9
:10B5D0006BE0394E3568002D20D02B00A84202D1F7
:10B5E0004AE0984248D0DB68002BFAD19C46002AFA
:10B5F00018D00C682B00002C03D12EE0DB68002B48
:10B600001FD09842FAD0598A9142F7D119688C42DA
:10B6100001D00029F2D10820404218E0002A25D1AB
:10B6200000239C468027254BFF0198461A88244B0F
:10B630009A4237D0013292B2002D28D143460C688D
:10B640001A80634604604282002B12D0002080BC26
:10B65000B846F0BDDB68002BF3D09842FAD0598A87
:10B660009142D8D0DB68002BF7D1EAE70B68428221
:10B670000360C5603060E9E70123B7E7013FBFB26F
:10B68000002F15D00E4B9A42D4D1C02212022B00AB
:10B6900002E0DB68002BD1D05C8A9442F9D1EDE75F
:10B6A000084993E7C0221202C6E710204042CEE7C5
:10B6B00043461A80AFE7C04688C60020A605002092
:10B6C000FFFF0000D4600110F0B5CE46474680B5BC
:10B6D00004000E009046994685B0002800D191E004
:10B6E000002900D18EE0002A00D18BE00D9B002BB9
:10B6F00000D187E00C9B002B00D183E0438A002B14
:10B7000059D03289444B9A4200D97EE0082130005A
:10B71000FAF762FD3700002856D17B89072B00D845
:10B7200076E0608A7D68F9F709FC2870000A687085
:10B730004846F9F703FC0023A870000AE870AB71D3
:10B74000EB71237C1B072BD43889F9F7F7FB2871A1
:10B75000000A6871237CDB0745D54346F0221B684D
:10B760001340E02B2ED0E37A0C9A3800029211227B
:10B770000192A27A0D990092424602F013FC050054
:10B78000B74202D03800FAF7A3FD9421234B5A5A4E
:10B7900001325A52280005B0C0BCB946B046F0BDCF
:10B7A0004346F0221B681340E02BCDD104227B7B63
:10B7B00013437B73C8E700220100FFF701FF051E5A
:10B7C0009FD0E7E7637FCFE7A022082122209200E5
:10B7D000FAF702FC071E18D03389002B9DD03100E8
:10B7E000FAF7CAFD99E743463A89112100933800D8
:10B7F0000D9BF9F77BFE002800D10948A871000ACB
:10B80000E871AAE710256D42C4E701256D42C1E742
:10B810000448F5F725F9C046F7FF00007419002029
:10B82000FFFF0000AC5C0110F0B504000E00150035
:10B830001F0083B000283DD000293BD0002A39D01A
:10B84000007A002830D11368F0221340E02B0FD18A
:10B85000207F00282BD1A369002B09D01B4A126836
:10B86000934205D02000183002F00EF8002804D1D1
:10B87000280002F009F800281FD02368002B0AD105
:10B88000031D019300903B002A0031002000FFF7C8
:10B890001BFF03B0F0BDF0221A40E02AF0D042684E
:10B8A00093420FD12300ECE7FAF714FBE3E7FAF732
:10B8B00011FBDBE710204042EBE7A221044B5A5A70
:10B8C00001325A5204204042E3E7C046D0600110E2
:10B8D00074190020010010B5002810D00B4A13681D
:10B8E00083420DD0002B07D01A00DB68002B03D059
:10B8F0008B42F9D1CB68D3600020FAF71DF910BD57
:10B90000C36800201360FAF717F9F8E788C600202B
:10B9100010B5002811D00268002A0ED000290CD0E2
:10B920000B68002B09D0094B1B68002B05D01C6845
:10B93000944203D0DB68002BF9D110BD0A681A606D
:10B94000DB68002BF9D00268F1E7C04688C600200A
:10B95000F0B557464E46DE464546E0B5AC4C0600CF
:10B96000170085B0002800D1EAE0002A00D151E19B
:10B9700000239A46039301930A33250000200A22EC
:10B9800099469B46029300912B7D0A2A60D0002B9A
:10B990000CD0316888466968884560D0012B00D199
:10B9A0007CE06B8A9A4501D89A468146013083B281
:10B9B00000B20A2B00D1BAE10A2A00D1B3E1009B00
:10B9C00051469046B4469A46009745002B18DB0036
:10B9D000E3181A7D002A0FD066465F683668BE42BB
:10B9E00000D173E02D18ED00012A47D065196B8A4C
:10B9F000994201D819008146013083B200B20A2B66
:10BA0000E3D14246664651461000009F012900D00E
:10BA1000FAE00A2860D043001A18D200A218127D5A
:10BA20000500002A00D07BE1002E04D05A193168AD
:10BA3000D200A218516000225B19DB00E3185A8281
:10BA40009F6005B0F0BCBB46B246A946A046F0BD1B
:10BA5000002B0AD069688846316888459ED1A9685C
:10BA60008F42EED0012B9CD118E0431C9BB20A2BD5
:10BA700045D01BB202001835180085E763596519D7
:10BA8000002B16D06B8A019A9A42B5D802900130E9
:10BA9000019383B200B20A2B97D1B2E72B68002B37
:10BAA00046D06B8A0199994200D97FE701930290B1
:10BAB0007CE76B8A039A9A429ED8834601300393AF
:10BAC00083B200B20A2B00D07FE79AE79B68009E02
:10BAD0009E4200D086E7B4E74B460A2B11D05B00AC
:10BAE0004B44DB00E3584D46002B00D015E100210C
:10BAF0006B005A19D200A2184846117594E70099B4
:10BB000084E75B460A2B0ED05D466B005B44DB008E
:10BB1000E0589846002804D0FAF7DAFB00234246A2
:10BB2000A350D946E3E7029B0A2B6DD09B46EBE777
:10BB30006B8A0399994200D938E78346039335E726
:10BB400000239C469A4698460A33220000200A2584
:10BB500099469B460293137D0A2D2AD0002B06D0CE
:10BB6000012B3BD0538A634501D39C468146431C3D
:10BB700098B21BB20A2800D1C9E00A2D00D1D9E041
:10BB800052468A4600925A00D218D200A018017D6F
:10BB9000002906D0012918D0428A944501D894463C
:10BBA000994601339AB21BB20A2AECD151462800B9
:10BBB0002CE7002BD4D1431C9BB20A2B00D125E7E4
:10BBC0001BB2050018321800C5E7A258002A0ED093
:10BBD000428A9045E5D890460293E2E71368002B2D
:10BBE0000CD0538A9845C2D898460290BFE7428A43
:10BBF00000999142D5D89B460092D2E7538A9A4544
:10BC0000B5D89A468346B2E70120404219E7C046BC
:10BC1000F008002000229246019203920A3223008B
:10BC200000200A2591469346029200911A7D0A2D22
:10BC300038D0002A0CD0316888465968884500D130
:10BC4000FFE6012A4AD05A8A524501D392468146DC
:10BC5000013082B200B20A2A58D00A2D59D0009B76
:10BC6000B8469C463700009543001B18DB00E218DD
:10BC7000157D002D0BD03E6851688E4200D1E0E664
:10BC8000012D21D0538A9A4501D89A468146013028
:10BC900083B200B20A2BE7D1009D3E0061464746C1
:10BCA0002800B3E6002A05D05968884631688845DF
:10BCB000C7D1C6E6421C92B20A2A00D11FE712B2CF
:10BCC000050018331000B1E7E358002B10D0538A59
:10BCD000039A9A42DBD803930290D8E71A68002AA5
:10BCE0000DD05A8A03998A42B2D303920290AFE7E9
:10BCF000538A019A9A42CAD883460193C7E75A8A5F
:10BD000001998A42A4D383460192A1E700992800B1
:10BD10007CE602001833100088E70848F4F7A0FE1C
:10BD20000748F4F79DFE0300183518002CE61000B4
:10BD300000996BE6180018320DE7C046DC5C011074
:10BD4000F45C0110F0B54F464646D646C0B582B009
:10BD50009A460DAB0700884691461E88002854D0AD
:10BD6000A0221C210E209200FAF736F9051E45D0BC
:10BD700043891B2B4FD944683000F9F7DFF834238F
:10BD8000A071000AE071FE5C062E41D1200006225F
:10BD900051460830F6F722FE200006220B99123099
:10BDA000F6F71CFE200004220A990E30F6F716FE64
:10BDB000200004220C991830F6F710FE002301220F
:10BDC0002370E37004336371144B62700732A27006
:10BDD000290042462671380000934B4602F09AFA39
:10BDE0000F4A2800138B01331383FAF771FA0020EE
:10BDF00002B0E0BCBA46B146A846F0BD0120084AF0
:10BE00004042938C01339384F2E70648F4F728FE0E
:10BE10000548F4F725FE0548F4F722FE0608000061
:10BE200074190020205D0110645D0110305D011067
:10BE3000F0B546464F46D6465400C0B5A418314F1B
:10BE4000E4003B1998461B7D05000E0084B0012BD1
:10BE500055D9022B14D02E230C34A2469946BA444D
:10BE6000A94480231B0100934A4653463100280011
:10BE700002F050FA04B0E0BCBA46B146A846F0BDA4
:10BE800043468E225B8A520093421ED8872252007C
:10BE90009342E0D323000C339A462E2399462D3B40
:10BEA0000393194B04348144BA44E4190193031DEC
:10BEB000009352464B4649460294FFF743FF002841
:10BEC000CFD1032342461375CBE72E2399462D3B52
:10BED0000393231DDB1902930B4B81440193031D34
:10BEE000009349464B46094AFFF72CFF002802D130
:10BEF0000323424613750C34A246BA44B1E7044802
:10BF0000F4F7AEFDF00800200C610110146101107F
:10BF1000A85D0110F0B5C646204C962726000023E8
:10BF200000B5984684B0F0367F000AE0012D21D09C
:10BF3000032D30D0042D01D1022323751834B442CF
:10BF400014D0257D002DF9D0638A01339BB2638222
:10BF5000BB42EBD32068002803D0FAF7B9F9434677
:10BF60002360434623751834B442EAD104B080BC40
:10BF7000B846F0BD042BEDD8A068231D0100029344
:10BF8000074B2E310193031D0093064A0B000395C6
:10BF9000FFF7D8FED2E704232375CFE7F00800208F
:10BFA0000C6101101461011070B5604C0500237D17
:10BFB000002B02D0A368984253D02C23E35C002BC3
:10BFC00002D0236A9D4256D04423E35C002B03D069
:10BFD000A36B9D4200D17BE05C23E35C002B02D08D
:10BFE000236D9D425DD07423E35C002B03D0A36ED0
:10BFF0009D4200D183E08C23E35C002B03D080239F
:10C00000E3589D4242D0A423E35C002B03D0982345
:10C01000E3589D4267D0BC23E35C002B03D0B023E0
:10C02000E3589D4248D0D423E35C002B04D0C823BE
:10C03000E3589D4200D16DE0EC23E35C002B03D07C
:10C04000E023E358AB4200D070BDD82560590028EA
:10C0500003D0FAF73DF900236351EC230022E254A8
:10C06000F2E72068002803D0FAF732F900232360B2
:10C0700000232375A1E7A069002803D0FAF728F967
:10C080000023A3612C230022E2549DE7A06F002827
:10C0900003D0FAF71DF90023A3678C230022E25492
:10C0A000B1E7A06C002803D0FAF712F90023A364CB
:10C0B0005C230022E25496E7A826A059002803D06A
:10C0C000FAF706F90023A351BC230022E254AAE7A1
:10C0D000206B002803D0FAF7FBF8002323634423E6
:10C0E0000022E25478E79026A059002803D0FAF7FE
:10C0F000EFF80023A351A4230022E2548BE7206E23
:10C10000002803D0FAF7E4F8002323667423002202
:10C11000E25470E7C026A059002803D0FAF7D8F8F7
:10C120000023A351D4230022E25485E7F008002025
:10C13000F0B54546DE4657464E46E0B504000D00D4
:10C140008BB0002915D08022466852007378317870
:10C150001B020B43934202D13379062B10D05F4B65
:10C1600020001A8D01321A85DA8B0132DA83FAF750
:10C17000AFF80BB0F0BCBB46B246A946A046F0BD36
:10C180007379042BEBD1F378B2781B021343082B9D
:10C19000E5D1524B310099464A465B8B0E31013353
:10C1A000538308A80422F6F719FC31000422183141
:10C1B00009A8F6F713FC6B68002B5FD108339C4687
:10C1C000B4446346059300230793069302339846CD
:10C1D0003423EB5C062B7DD1089800283AD0290047
:10C1E00001F0A0FF071E35D1F022089B1340E02B81
:10C1F00030D02A00414608A8FFF7AAFB002829DB17
:10C20000374B05999A4643001B18DB009846D346E6
:10C210004046C3445A4602230C301375956050447F
:10C220000622F6F7DBFB5A46404657825246125822
:10C230009346002A0ED05246802387502A001B01C5
:10C24000009359462800059B2E3202F063F85846A9
:10C25000FAF73EF8F379B2791B02134380225200B9
:10C2600093421DD09218934204D04B464A469B8D70
:10C27000013393852000FAF72BF87AE7089AD21A4F
:10C2800051424A41D2B2079208229446B4446246CF
:10C290000592099A934218D101239846069397E78D
:10C2A000069B002BE6D0079B002BE3D1290002332D
:10C2B000059A039308AB2E3102932B1D009328009F
:10C2C0000B000192FFF73EFDD4E7002306930233F3
:10C2D00098467DE70348F4F7C3FBC0467419002075
:10C2E000F0080020F85D0110F0B54E464546DE46E8
:10C2F00057460400E0B508680E0085B0210090465E
:10C3000001F010FF002800D0AFE0F02332681340A6
:10C31000E02B00D1A9E0002A00D1A6E022000121F3
:10C320003000FFF715FB051E5BDB7E2800DDA6E075
:10C330002E239B46534BA344994643001F18FF00EE
:10C340004F449A463B7D002B18D04246002A59D0D4
:10C35000012B30D14446402106E0237B194266D1AF
:10C360002468002C00D17CE0628923899A42F4D1B0
:10C370002368002BF1D04448F4F772FB0123BC6022
:10C380003B750393414B59460193231D00932000B5
:10C390005B463F4A0296FFF7D5FC00282AD0434669
:10C3A000002B17D053465B19DB004B441B7D012B40
:10C3B00001D80FD1CEE7374B80221D702B0053449C
:10C3C000DB0012010C33009241465A4620004B44D8
:10C3D00001F0A0FF05B0F0BCBB46B246A946A0469E
:10C3E000F0BD4346002B03D02B4A938C013393843A
:10C3F00068B2EFE73B7D012BD1D14346002BA9D199
:10C400000020E7E701230393204B59460193231DA6
:10C41000009320005B461E4A0296FFF793FC031E22
:10C42000D8D13A7D012AEBD100207B82D2E7A0212E
:10C4300042460E208900FAF751F980464346002B08
:10C4400016D053464A465B19DB00D058002801D06D
:10C45000F9F73EFF4B4642465544ED0000205A5145
:10C46000B8E74046F9F74AFFE8E710204042B1E755
:10C470000120094A4042938C01339384AAE707487C
:10C48000F4F7EEFAF00800202C5E01100C610110A8
:10C4900014610110A2C60020741900201C5E011056
:10C4A000F0B5CE46474680B504000E00150085B0B5
:10C4B000002800D106E1002900D100E1002A00D1C6
:10C4C000FAE02100106801F02DFE002800D09AE06B
:10C4D000F0232F683B40E02B7AD06368A2687B4052
:10C4E0001A420AD0794A3B041B0C934205D0E768F4
:10C4F000002F00D1DDE025000C35754B9C461B78E4
:10C5000099464A465100734B4944C90059180A7D5F
:10C51000012A03D98A68A24200D176E01A7D012A55
:10C5200003D99A68944200D17DE02C229A5C012ABA
:10C5300003D91A6A944200D181E044229A5C012A0C
:10C5400003D99A6B944200D17FE05C229A5C012A65
:10C5500003D91A6D944200D17DE074229A5C012ABD
:10C5600003D99A6E944200D17BE08C229A5C012A16
:10C5700004D980229A58944200D178E0A4229A5C8F
:10C58000012A04D998229A58944200D175E0BC221D
:10C590009A5C012A04D9B0229A58944200D173E0DF
:10C5A000D4229A5C012A04D9C8229A58944200D114
:10C5B00071E0EC229A5C012A04D9E0229A58A24246
:10C5C00000D16FE0320029002000FFF78DFE15E05A
:10C5D000012202AB69781A805D329A7021320A40DA
:10C5E000DA70AA781A71EA785A718021220009015A
:10C5F0000091200031002E3201F08CFE05B0C0BC4D
:10C60000B946B046F0BD344BEFE749688F4200D0E1
:10C6100084E732494A46CB8D20000133CB85310077
:10C62000FFF706FCEAE75A68974200D07DE76346C9
:10C630000200187031002000FFF7FAFBDEE7DA692C
:10C64000974200D079E70120F1E75A6B974200D07A
:10C650007BE70220EBE7DA6C974200D07DE703200E
:10C66000E5E75A6E974200D07FE70420DFE7DA6FF4
:10C67000974200D082E70520D9E794229A58974242
:10C6800000D084E70620D2E7AC229A58974200D027
:10C6900086E70720CBE7C4229A58974200D088E764
:10C6A0000820C4E7DC229B5809209F4200D089E77C
:10C6B000BDE704204042A1E70948F4F7D1F9094851
:10C6C000F4F7CEF90848F4F7CBF9C046A9FE00000C
:10C6D000A2C60020F0080020146101107419002087
:10C6E000D85D0110485E0110205D0110030010B5F7
:10C6F000012484B0029106492E330191011D00915D
:10C70000044A19000394FFF71DFB04B010BDC04696
:10C710000C61011014610110F0B54E46DE4657461B
:10C72000454662220F24E0B5714E724FB35A0500A0
:10C730000133B352BB688B4699461B7885B01C40C9
:10C74000A400132C15D94389032B12D943681B78F5
:10C75000002B24D0082B1AD17869E8330340E02B52
:10C7600024D0396801F0DEFC00281FD12B89072B6B
:10C7700024D82800F9F7ACFD6A22B35A0133B3522A
:10C7800005B0F0BCBB46B246A946A046F0BD70223B
:10C79000B35A0133B3520A3AB35A0133B3522800A1
:10C7A000F9F796FDECE75046F9F792FD2800F9F706
:10C7B0008FFD7422B35A0133B352E1E72800F8F732
:10C7C000E3FE00287CD10E239A46A244514628005D
:10C7D000F9F702FD00287BD02B89191989B28B4209
:10C7E000E4D8A0220E209200F9F7F6FB824600283A
:10C7F000DCD02300428908339A42D4D34946220030
:10C800004068F6F7EBF821005046F9F70DFD0028D7
:10C810006AD129005046F9F77FFE0028C3D12800CD
:10C82000F9F756FD55466B68210028009A46F9F73E
:10C83000D3FC0028B3D16B6899464A463B7D1373FD
:10C840007B7D5373BB7D9373FB7DD3733B7C1374F0
:10C850007B7C5374BB7C9374FB7CD37453461870FD
:10C86000E8739A78DB781B021343234A934238D942
:10C8700009339BB200229046524693701B0AD37034
:10C880004A46FF2313724B46424621009A72DA72DF
:10C890004846F8F733FE4B4660229872000AD87279
:10C8A000B35A28000133B3525B460293012301932C
:10C8B0004346002200931149FF3301F09DF96EE7D2
:10C8C0002800F9F705FD6822B35A0133B35257E740
:10C8D00051462800F9F7A8FC0028A4D00848F4F72E
:10C8E000BFF808339BB2C5E70648F4F7B9F8C0466D
:10C8F0007419002054190020F7FF00006819002067
:10C90000885E0110545E0110F0B54746CE4680B5F2
:10C91000038906000F0087B01A1C1C2B00D91C22AB
:10C9200093B21D00A0220835ADB22900222092004A
:10C930009846F9F751FB041E40D04389AB4242D3DD
:10C940007368456899466F7003230027310042469B
:10C950002B702F7105336F71AF71EF71F9F744FDD3
:10C960004B461A7B5B7B05A81B0213434A46927B0E
:10C9700012041A434B46DB7B1B061343059300F05E
:10C9800083FF061E17D0AF70EF7061892800F8F79B
:10C99000B5FD6021A8700D4B000AE8705A5A2000BE
:10C9A00001325A5201230021019302960097FE336F
:10C9B00005AA01F021F92000F9F78AFC07B0C0BCF4
:10C9C000B946B046F0BD0248F4F74AF874190020A1
:10C9D000BC5E0110F0B54746CE4680B5038906001F
:10C9E0000F0087B01A1C1C2B00D91C2293B21D000B
:10C9F000A0220835ADB22900222092009846F9F70E
:10CA0000EBFA041E40D04389AB4242D373684568B9
:10CA100099466F700B230027310042462B702F710F
:10CA2000033B6F71AF71EF71F9F7DEFC4B461A7B78
:10CA30005B7B05A81B0213434A46927B12041A43F0
:10CA40004B46DB7B1B061343059300F01DFF061EC0
:10CA500017D0AF70EF7061892800F8F74FFD6021A3
:10CA6000A8700D4B000AE8705A5A200001325A5241
:10CA700001230021019302960097FE3305AA01F0DD
:10CA8000BBF82000F9F724FC07B0C0BCB946B0469B
:10CA9000F0BD0248F3F7E4FF74190020BC5E0110FA
:10CAA000F0B5CE4647469146A02280B52F4B89B0BF
:10CAB0001B6807000E003620082192000693F9F744
:10CAC0008BFA051E49D043894468072B4BD97B68F4
:10CAD00006934B46162B0AD0337923717379637111
:10CAE000B379A371F379E371214B98460BE0331DC1
:10CAF00098463379237173796371B379A371F379AC
:10CB0000E3710123337200264B4608212370200075
:10CB10006670A670E670F8F7F1FC7821154BA070EE
:10CB2000000AE0700793144B28005A5A01325A52F7
:10CB30000423049307AB0393022342460193029715
:10CB40000096013B06A901F01DF92800F9F7C0FB8A
:10CB500009B0C0BCB946B046F0BD8221064B5A5A56
:10CB600001325A52F4E70548F3F77AFFD460011016
:10CB7000E80800209404000074190020E85E011009
:10CB8000034B044A1A60044B044A1A607047C046BB
:10CB9000EC080020E0000001E8080020E0000002AE
:10CBA00070B5846A0500002C26D01B4E326802E066
:10CBB0002468002C11D063689342F9D1237B0133A0
:10CBC000DBB2022223736272EB6B002B03D03100C5
:10CBD0002800013A9847002070BD0620F8F77EFF34
:10CBE000002806D033688460436004730B48F3F771
:10CBF00037FF01204042EFE70620F8F76FFF041EE1
:10CC0000F7D0054E336843600023836003730360ED
:10CC1000A8620133D5E7C046EC080020245F01106C
:10CC2000002370B5846A06008362002C18D0F36B71
:10CC30002568002B0ED0211D0022300098472100CE
:10CC40000620F8F779FF002D0AD02C00F36B256839
:10CC5000002BF0D121000620F8F76EFF002DF4D153
:10CC6000002070BD836A70B5002B19D01C68002CA1
:10CC700016D0012504E0012B13D02468002C0FD01E
:10CC8000637A022BF7D1F8F711F90521F5F7D8FAF5
:10CC9000002900D10131618165722468002CEFD137
:10CCA00070BD6389013B042BE7D9ECE7806A00285B
:10CCB00007D00A6802E00068002802D04368934267
:10CCC000F9D17047F8B54746CE4680B517007A22AD
:10CCD0006A4E0C00B35A05000133B352418907294B
:10CCE00026D9436818009846F8F708FC002860D158
:10CCF000A16A00292CD00C003A6802E02468002CBC
:10CD000026D063689342F9D143461B78112B27D074
:10CD1000162B14D18C22B35A0133B352637A012BF0
:10CD200012D02800F9F7D4FAC0BCB946B046F8BD15
:10CD3000F9F7CEFA8022B35A0133B352F4E78422D2
:10CD4000B35A0133B352ECE780239B00A360E8E7BA
:10CD50002800F9F7BDFA7C22B35A0133B352E3E756
:10CD6000474B1B6893422CD043461A795B791B02D0
:10CD700013434246927912041A434346DB791B0659
:10CD80001343DCD08822B35A0133B35243465E7852
:10CD9000637A022B06D0012BC3D16389002B01D00B
:10CDA000B342BED90127022E5ED801236781637288
:10CDB000B7E72800F9F78CFA7E22B35A0133B35251
:10CDC000B2E743461A795B791B02134342469279D4
:10CDD00012041A434346DB791B06134326D143460C
:10CDE0005F78002F3BD18622B35A0A370133B35202
:10CDF0000A234246537001230C689946002C08D13F
:10CE00008FE7012B17D02468002C00D189E7434617
:10CE10005F78637A022BF4D10126022F11D84B469A
:10CE200066816372EFE70968002913D04A689A4265
:10CE3000F9D10C00A6E76389002BEDD0BB42E2D903
:10CE4000EAE7F8F733F83900F5F7FAF90029E6D000
:10CE50008EB2E4E77C22B35A0133B35261E78A22EF
:10CE6000B35A0133B352C6E7F8F720F83100F5F7AB
:10CE7000E7F9002999D08FB297E7C04674190020CE
:10CE8000EC080020F0B5C646194B00B51D68002D12
:10CE90002AD002239846174E174FAC6A002C03D1B4
:10CEA0001FE02468002C1CD06389002BF9D0013BC3
:10CEB0009BB26381002BF4D1637A012BF1D16268BC
:10CEC00033689A42EDD0434692226372BB5A2100E6
:10CED0000133BB5228007C3AFFF7E2FD2468002CA6
:10CEE000E2D12D68002DD8D180BCB846F0BDC04637
:10CEF00064B50020EC0800207419002010B5041E51
:10CF000009D04069002801D0F9F7E2F92100052095
:10CF1000F8F712FE10BD0148F3F7A2FD685F01109B
:10CF2000F8B5CE4647468946804680B5814200D155
:10CF30006CE0002902D00B68834264D143465C68F0
:10CF400000266068437902791B02134333D080279F
:10CF50007F022500616828004A780B7812021A4384
:10CF60008B78CC781B04134324061C43F9F7BCF9D7
:10CF70003618BE4244DA2800B6B2F9F7A9F9002CF7
:10CF8000E7D1274B1A68904536D04B46002B43D04B
:10CF900043464A461B68136041460420F8F7CCFD1F
:10CFA000204A1388B34234D39B1B30001380C0BC8B
:10CFB000B946B046F8BD437802781B021343827825
:10CFC000414612041A43C37808311B0613434246F4
:10CFD00053601422F5F702FD01212000FFF7FAFC4F
:10CFE0002000F9F781F906002000F9F771F94346AE
:10CFF0005C68002CABD1C4E7424612681A60CBE7EC
:10D000000948F3F72DFD0948F3F72AFD0848F3F71F
:10D0100027FD0848F3F724FD0748F3F721FDC04634
:10D0200040C5002090C60020945F0110805F011071
:10D03000745F0110D05F0110B45F0110F0B5454678
:10D040004E46DE4657460023E0B583B00193304B91
:10D0500005008946984643461B68002B4FD0697BE4
:10D060002A7B09021143AA7BEE7B12040A4336068F
:10D070001643002294465A69002400210020B2423F
:10D0800011D00134002804D0DA7F9246C27F924545
:10D0900001D88C4618001A681900002A20D0130005
:10D0A0005A69B242EDD12A7C924657466A7C1202F6
:10D0B0001743AA7C12041743EA7C12063A439F697D
:10D0C0009742DED12A799F899346BA465F466A79AC
:10D0D00012023A439245D4D11A681900002ADED1CF
:10D0E000002807D06146FFF71BFF019B9C46844444
:10D0F00063460193019B4B4501DA012CABDC01989F
:10D1000003B0F0BCBB46B246A946A046F0BDC0463F
:10D1100040C500200C4B70B51868002813D0C37FA1
:10D120000025002B09D00468013BC377002C0AD0EE
:10D1300005002000C37F002BF5D104682900FFF70C
:10D14000EFFE002CF5D170BD40C50020F0B557466C
:10D150004E464546DE460F24E0B5C64D47686B8E09
:10D16000060001336B863B7889B02340052B00D045
:10D170009EE0F879BB7900021843F7F7DFFE83469B
:10D18000F878BB7800021843F7F7D8FE3B781C40CC
:10D19000A400844200D97CE0001B83B230000293DB
:10D1A000F9F7A2F88446B44B019098461B88634473
:10D1B0000A2B00DD3CE1B14B1C689946002C00D1E4
:10D1C00081E07A7B3B7B12021A43BB7BF97B1B0419
:10D1D00013430906194303E02468002C00D172E0D0
:10D1E00063698B42F8D17B7C3A7C1B021343BA7C87
:10D1F00012041A43FB7C1B061343A2699A42EBD12B
:10D200007B793879A2891B0203439A42E4D14622F2
:10D21000AB5A0133AB52F879BB7900021843F7F7E8
:10D220008DFEC00400D1FCE05B46DB04190C0491C8
:10D23000BA7920231000184003901A420AD10B003B
:10D240000A0002998C4663449BB29A4212D88C4AD7
:10D2500093420FD873689B465A46D0789B78000259
:10D260001843F7F76BFE5B461A780F2313409B00B9
:10D27000984241D26368002B0BD14B461B68A342F6
:10D2800000D0F3E14A462368210004201360F8F738
:10D2900053FCEB8E30000133EB86F9F719F80027C9
:10D2A000380009B0F0BCBB46B246A946A046F0BD66
:10D2B0004422AB5A30000133AB52EB8E0133EB8684
:10D2C000F9F706F8EBE70420F8F708FC041E00D194
:10D2D000C2E01C220021201DF5F77AFB0F23E37723
:10D2E0004B461B6823604B461C602000142239000B
:10D2F0000830F5F773FB97E7C01A5A4683B29A468F
:10D300005B46D0799B7900021843F7F717FEC004FB
:10D31000030C9C46002377683B707B70BB70FB70EE
:10D3200063463B711B0A7B71534663449AB2BB71DF
:10D33000130A0592FB7194459CD8616806910029F7
:10D3400000D1F0E00123BA4600220F00AB4661464F
:10D35000A4461C001FE0A94200D17BE0D079977958
:10D3600000023843814275D3002B08D09F79DB79C6
:10D370001B023B43EB1A5D426B415B421C405378FE
:10D3800015781B021D439378D7781B042B433F0667
:10D390001F4300D176E013007A68507915790002B6
:10D3A0000543A942D7D2079464468C4639005746B4
:10D3B0009A460A0A7A700A0CBA700A0EFA70524635
:10D3C0002B0039705D46002A00D1BDE09079D279FA
:10D3D00012020243944500D25BE70599994200D9B5
:10D3E00057E7534651461E70330A4B70330C360EC6
:10D3F0008B70CE70944552D0039B002B00D09BE0E5
:10D40000019A4346944642461B8863441380029A1D
:10D41000049B944601226344A383A37F1343A37711
:10D420003DE7E089F7F78AFDC00400D1FCE65CE740
:10D43000040001003800FFF701FE002806D0434633
:10D44000A4461B8863440A2B00DCB4E6AB8F01338F
:10D45000AB871EE75D461CE7019C38002100FFF703
:10D46000EDFD8442F2DC0420F8F738FB041E00D006
:10D470002FE7EBE77419002090C6002040C500207C
:10D48000EBFF0000330A5370330216701B0E360E8A
:10D490000794574664469370D6708142ACD1039B83
:10D4A000002B3CD0A37FDB0746D5079B002B43D046
:10D4B000069B5D686B792A791B02134300D0C1E09B
:10D4C0007A783B7812021A43BB781B041343FA782C
:10D4D00012061A4300D1C3E005990EE05A78197874
:10D4E00012020A43997809041143DA7812060A43B2
:10D4F00031D0D97998790902014353685A7918795A
:10D50000120202439142E9D04346019A1B88D71880
:10D5100043461F80039B002B00D178E7BFE6079BA3
:10D52000002BC5D16CE7039B6660002B00D195E012
:10D53000A37FDB0700D591E0019A4346944642461B
:10D540001B8863441380AAE6059A9A4200D9A0E694
:10D5500066600696A3E79D4200D184E0019A4346A7
:10D56000944642461B8863441380039B002B0AD1D8
:10D57000029A049B944601226344A383A37F13432E
:10D58000A37763685D6821006A782B7812021A43DA
:10D59000A78BAB78EE7814371B04134308311422A1
:10D5A000BFB2280036061E43F5F718FA3800F7F721
:10D5B000C5FC0023A870000AE87014212800AB7194
:10D5C000EB71AB72EB72F7F799FFA872000A67680C
:10D5D000E872002E13D0756814213000F8F724FE8D
:10D5E00031003800F8F79EFE6A782B7812021A4351
:10D5F000AB78EE781B04134336061E43EBD14B4643
:10D600001B68A34204D119E01A68A24205D0130096
:10D61000002BF9D11848F3F723FA22681A60210089
:10D620000420F8F789FA3800F8F75EFE43461B88B5
:10D6300083421ED342461B1A138031E64A462368B2
:10D640001360ECE7019A4346944642461B886344C4
:10D650001380039B002B00D1D9E620E6069627E72E
:10D66000AF4200D07AE70548F3F7FAF90448F3F738
:10D67000F7F90448F3F7F4F9B45F0110F45F01100F
:10D680004460011028600110F0B54E46DE46574652
:10D6900045460723E0B58DB008910A928A8D0600B1
:10D6A000143AD1170B409B18DB109BB206930F2343
:10D6B00041680A7807911340052B00D0D3E04389D5
:10D6C000132B00D8CFE0C8798B7900021843F7F705
:10D6D00035FCC304DB0C059380239B0118400B90A1
:10D6E0003289143A92B2002A00D19EE0069B0024AF
:10D6F000DB009BB29A461423984647465E4B049241
:10D700000393049A5346924500D9131CA0229BB25E
:10D7100014210E2092009946F8F75EFC83460028FB
:10D7200000D196E04389132B00D8A2E01422406870
:10D730000799F5F753F95B465B6809934B46002B55
:10D7400000D18DE07289D31B9BB2BA4200D28DE02A
:10D75000D0464D46BA462C1C9D4200D91C1CA4B292
:10D76000002C6AD00520F8F7B9F9071E00D16DE04A
:10D770000194736841225344009321000300002068
:10D78000F8F7C8FC029000285CD03000F8F7B6FD2E
:10D79000039B2D1B584602997E613B61ADB2F8F7A1
:10D7A000C1FD002D49D15746C2463F19BFB2059B66
:10D7B000049AD804089BC00C9B8D133B93424BDC0E
:10D7C00080239B011843F7F7B9FB099DA871000A54
:10D7D000E8714846143080B2F7F7B0FB0023A87018
:10D7E000000A1421E870AB72EB722800F7F786FE8E
:10D7F000A872000AE8720898594643690A9A98473D
:10D800001E4A5846138E01331386F8F761FD4A46C7
:10D810000699049B8C469B1A9AB2059B049263441A
:10D820009BB20593002A00D06BE700200DB0F0BC3E
:10D83000BB46B246A946A046F0BD002236689246D5
:10D84000738988E739000520F8F776F95846F8F724
:10D850003FFD01204042E9E70B9B002BB3D0AFE72F
:10D86000E719BFB2A3E706204042DFE70448F3F719
:10D87000F7F80448F3F7F4F8FDCE0010741900200F
:10D880008460011064600110F023F0B505682B403E
:10D89000E02B34D01C4B1868002817D0352101220A
:10D8A0000227435C1A420ED09C0822420BD04468E7
:10D8B000002C08D086686C40264218D01F4202D146
:10D8C000C3689D4213D000680028EAD10F4B186846
:10D8D00000280DD03523C25C303B1340052B07D107
:10D8E0004368002B04D0FF232B407F2B00D0F0BDDA
:10D8F0005621074B00205A5A01325A52F7E7054B7E
:10D9000018680028F3D1C5E764B5002060B5002091
:10D910007419002050190020F8B557464E46454668
:10D92000DE464A22E0B5B04D4668AB5A04000133EA
:10D93000AB5233780F001A09042A10D0F8F7C8FC4C
:10D940005C22AB5A0133AB520E3AAB5A0133AB52A5
:10D950000020F0BCBB46B246A946A046F8BD0F2148
:10D9600019408B00F0789846B37800021843F7F717
:10D97000E5FA23898146834200D98CE063894345D7
:10D9800005D323894B4502D34346132B0BD82000E4
:10D99000F8F79EFC5222AB5A0133AB52043AAB5A11
:10D9A0000133AB52D4E741463000F7F7A7FD00281A
:10D9B00000D0F9E0737C327C1B021343B27C12046A
:10D9C0001A43F37C1B061343884A92465361717BCA
:10D9D000327B09021143B27BF07B12040A4300063A
:10D9E000104352461061F0221A40E02A58D13523E4
:10D9F0000022FB5C91469B0600D5B7E0390000F0A1
:10DA000091FB002800D0C7E05346F0221B69134069
:10DA1000E02B00D1C0E04B46002B00D1D5E0F379DC
:10DA2000B2791B021343C022934306D02000FFF7B4
:10DA30008DFB041E00D18BE7466853464A465F6063
:10DA40001A609E600F2332784146134052469B0075
:10DA500020009381F8F7E8FB737A062B00D196E05B
:10DA600012D8012B5BD0022B5ED152463900200028
:10DA70001432FFF727F90023524613605360936076
:10DA800093811361536163E7112B4DD1390020005D
:10DA9000FDF75EFCEFE701002000F8F757FB6DE7AC
:10DAA0003522BA5CD2072AD4FF221A407F2A00D13D
:10DAB00086E04F4B1B689946002B00D180E0352350
:10DAC0009B4609E0494600F02DFB002814D14B4647
:10DAD0001B689946002B0FD04F45F8D05A464B464D
:10DAE0009B5C01221A42F2D04B465B68002BEED0C1
:10DAF000524650698342E5D1534618697EE77A68F9
:10DB0000002AD1D0B946934200D177E718003900F6
:10DB100000F008FB53460028EFD15B69C4E73900E9
:10DB20002000FEF7F9FDA6E753464946586900F084
:10DB3000F9FA00280ED15346F0225B691340E02B1E
:10DB400008D04346200019B2F8F78CFB02212000D0
:10DB5000FEF7DAFE5822AB5A20000133AB520A3AE4
:10DB6000AB5A0133AB52F8F7B3FB84E751463800A8
:10DB70001431FFF79BF881460028BDD052461D4B5B
:10DB800052699A4229D05346B946186936E7390096
:10DB90002000FAF7EDFE6EE72000F8F799FB4E2221
:10DBA000AB5A0133AB52D3E62000F8F791FB502279
:10DBB000AB5A0133AB52023AAB5A0133AB52C7E610
:10DBC000534618690023994618E74E22AB5A2000A5
:10DBD0000133AB52F8F77CFBBAE653461869B946F5
:10DBE000002800D11BE709E7741900205419002010
:10DBF00064B50020E0000001F0B54E464546DE4623
:10DC00005746E0B583B01D000CAB1B780600994663
:10DC10000DAB1B788846171E9B4600D17FE000297C
:10DC200002D00B68002B02D10E9B04339846B37BC5
:10DC3000012B00D097E014213000F8F7CDFA82468E
:10DC4000002800D085E073897468132B00D88DE01C
:10DC50005B46257263722D021D433B681A0A62748B
:10DC60001A0EE274452222704A4662701002452262
:10DC7000190C23741B041B0C5B180243D2182B02D3
:10DC80002D12A1742B439BB23089D518F7F756F9A2
:10DC9000030AE3705346A371E371364B8346A070C9
:10DCA00018889A46F7F74AF9030A637153465246B1
:10DCB0001B8820710133138043461B681A0A190E12
:10DCC000237362731A0C1B041B0C5B199B185B44B7
:10DCD0001818030C0004000C1B18A2731A0C9B18D4
:10DCE000DB439AB2120AE173A372E2724821224B1B
:10DCF0005A5A01325A520E9B9B8D002B02D0328908
:10DD00009A4220D80E9B3A0031005B690E989847E2
:10DD100003B0F0BCBB46B246A946A046F0BD837B2B
:10DD2000012B20D14389132B13D9416801AF4B7CC0
:10DD30000A7C1B0213438A7C12041A43CB7C1B0609
:10DD400013430193D2E73A0030000E99FFF79CFC91
:10DD5000DEE75C235C210220074A4042D35A0133AC
:10DD60009BB25352D4E70548F2F77AFE0448F2F723
:10DD700077FEC0468EC60020741900209460011002
:10DD8000A0600110F0B54E464546DE465746E0B568
:10DD900087B01D0010AB1B780600019311AB1B78F8
:10DDA00089469B4614AB90461C88002A00D1B0E0FF
:10DDB000002902D00B68002B02D1129B0433994634
:10DDC000B37B012B00D0DCE0002C00D1B6E0282C86
:10DDD00000D9CEE06E4FE31C1F403B0014339BB2D2
:10DDE000390030000293F8F7F7F9002800D0B6E0C8
:10DDF000220070681399F4F7F1FDBC4200D2A1E053
:10DE000079080023002770685A00825A0133BF182E
:10DE10008B42F9DB14213000F8F7DEF98246002846
:10DE200000D09CE073897468132B00D8ACE05B468B
:10DE300025722D0263721D4343461B681A0A6274E1
:10DE40001A0E190C2374E2741B042A022D122A43A1
:10DE50001B0C5B1892B2D31803934023029AA1744F
:10DE600095081D43019BEDB22570637030892D022A
:10DE70001D43F7F763F85246A271E271454A030A5F
:10DE800092468346A070E3701088F7F757F8524621
:10DE9000030A637113882071013313804A461368A3
:10DEA000190EE17303991A0A8C46237362731A0CD4
:10DEB0001B041B0C63449B18A2732A022D121543EA
:10DEC000DB19ADB25B195B44C018030C0004000CF5
:10DED0001B181A0C9B18DB439AB2120AA372E27247
:10DEE00048212D4B5A5A01325A52129B9B8D002BBE
:10DEF00002D032899A422CD8129B424631005B698B
:10DF00001298984707B0F0BCBB46B246A946A04657
:10DF1000F0BD837B012B34D14389132B1FD941687A
:10DF20004B7C0A7C1B0213438A7C12041A43CB7C71
:10DF30001B061343059305AB9846D1E7142300272E
:10DF4000029367E7706800213A1B0019F4F740FD5F
:10DF500056E7424630001299FFF796FBD2E75C2362
:10DF60005C2102200C4A4042D35A01339BB25352E7
:10DF7000C8E75C210620084B40425A5A01325A52E7
:10DF8000C0E70648F2F76CFD0548F2F769FDC046A8
:10DF9000FCFF00008EC60020741900209460011060
:10DFA000A0600110F0B557464E46DE464546E0B546
:10DFB00083B01D000CAB1B7806009A460DAB1B7896
:10DFC00089469B46837B1700012B00D09AE0002AEC
:10DFD00000D176E01421F8F7FFF88046002800D041
:10DFE00086E073897468132B00D88EE05B46257237
:10DFF00063722D021D433B681A0A62741A0EE274A2
:10E00000452222705246627010024522190C237478
:10E010001B041B0C5B180243D2182B022D12A17497
:10E020002B439BB23089D518F6F788FF030AE370BB
:10E030004346A371E371364BA07045191888984682
:10E04000F6F77CFF030A6371434642461B88207142
:10E05000013313804B464519002B2FD01B68180E37
:10E06000E07318041A0A000C627340191A0CA273A8
:10E0700012182373130C1204120C9B181A0C9B1801
:10E08000DB439AB2120AA372E2724821214B5A5A18
:10E0900001325A520E9B9B8D002B02D032899A423C
:10E0A00020D80E9B3A0031005B690E98984703B068
:10E0B000F0BCBB46B246A946A046F0BD164B1B6855
:10E0C000CDE74389132B13D9416801AF4B7C0A7C00
:10E0D0001B0213438A7C12041A43CB7C1B06134396
:10E0E0000193D2E73A0030000E99FFF7CDFADEE750
:10E0F0005C235C210220074A4042D35A01339BB281
:10E100005352D4E70548F2F7ABFC0548F2F7A8FCF8
:10E110008EC6002074190020D46001109460011094
:10E12000A0600110421E030010B5033214D802246F
:10E13000352220008A5C104014420CD04A689A4272
:10E140000CD089685A40114208D1CA438B439B1AAC
:10E150005A425341D8B210BD0120FCE70020FAE733
:10E16000F0B5DE4657464E464546E0B5036885B0F5
:10E17000039300239A4603AB90468B469946019140
:10E180004B4600261D7828000A21F4F759F828008C
:10E19000CCB20A21F4F754F8330030340136E4B23B
:10E1A00002AA2F00F6B2C5B2D454092FEBD84A46C2
:10E1B00000211170002E3AD05246511CD04518DD76
:10E1C0005A4614705A1ED2B2002B33D05046023039
:10E1D00088450EDD5C4602A9895C023B6170DBB2BA
:10E1E000002A2AD0404504DA02AAD25CA270002B91
:10E1F00007D0002005B0F0BCBB46B246A946A046F9
:10E20000F0BD51465B46033103334A1C92468845B4
:10E21000EFDD5A1C93462E221A702D3A944604AA1A
:10E22000E1449145ACD1002201981A70E2E75146D1
:10E230005B46EAE75B460133E7E75B4601000233F2
:10E24000E3E7C04670B5438904000E000E2B20D9C9
:10E250004068457B037B2D021D43E37B002B03D1EC
:10E260003833CB5C0133E3730378DA070BD5012B2A
:10E270003CD00622254905F0D9FC002803D108220C
:10E28000637B13436373082D21D0C123DB009D42C0
:10E290000BD01F4B1A8D01321A85DA8B0132DA83CB
:10E2A0002000F8F715F8002070BD3523F35C1B073C
:10E2B000F6D50E212000F7F7B7FF002821D0144B28
:10E2C0005A8C01325A84DA8B0132DA83E8E735233B
:10E2D000F35C1D42E4D00E212000F7F7A5FF0028D3
:10E2E000DED131002000FFF717FBDCE74378002B7D
:10E2F000C9D183785E2BC6D11022637B134363732D
:10E30000C1E731002000FDF713FFCCE714610110D5
:10E3100074190020F8B5CE46474680B5994608AB3B
:10E32000070018880E009046F6F708FE0E2104003C
:10E330003000F7F751FF002819D1756806222C73B9
:10E34000240A494628006C73F4F748FB062241462C
:10E35000A81DF4F743FB3423FB5C062B0ED13100E0
:10E360003800BB699847C0BCB946B046F8BD02202A
:10E37000044A4042538901335381F4E70248F2F7DB
:10E380006FFBC04674190020D8600110F0B54E46EE
:10E390004546DE465746E0B587B00593109B834659
:10E3A00099462D4B924698462C4B119C1E002C4DA5
:10E3B00004910021404604F09BF80700831C22D002
:10E3C0006B6A9C420DD8AA6A4A4501D29C4208D089
:10E3D0000220404207B0F0BCBB46B246A946A04668
:10E3E000F0BD306803689A6A002A02D0904730680E
:10E3F0000368196B4A4623008847002F26DB032F4A
:10E40000D7D10020E6E753465846002B18D005F038
:10E4100087FC0700504605F083FC0300059A0121A4
:10E4200001925246494203910499009202915A4640
:10E430003900404604F0ACFC0028CBD10127BFE7EF
:10E4400005F06EFC002207000023E8E7F81C4342B9
:10E4500058410838BEE7C046540B0020E0090020B0
:10E4600000400540014B18607047C046E00900209D
:10E4700010B5044B012200211B68034804F0C2FAC6
:10E4800010BDC046A8050020540B002070B585259E
:10E4900001260D4C2D01635D1E4204D10B4BE35848
:10E4A000002B0BD170BD0021200003F0B5FF635D90
:10E4B000B3436355054BE358002BF3D000212000F4
:10E4C00004F0E0FCEEE7C046540B00205C080000BE
:10E4D000F0B54F464646D646C0B584B007000E009C
:10E4E00090469946F3F7DCFA04000D003800002E40
:10E4F00034D005F015FC8246300005F011FC424690
:10E5000003000121494203910021019202913A0046
:10E5100051461548009604F03BFC002814D1FA221D
:10E520000023484600219200F4F7FCF980230019EB
:10E5300069411B0699420DD2009001914346320079
:10E5400000213800FFF722FF04B0E0BCBA46B14614
:10E55000A846F0BD012005494042EDE705F0E0FB8B
:10E56000002282460023CCE7540B0020FFFFFF7FF0
:10E5700010B5034B0A000100180004F0D5FC10BDD3
:10E58000540B0020014B18687047C046E00900207A
:10E59000044B10B5186803689B6A002B00D098479D
:10E5A00010BDC046E009002030B583B0FFF7EAFF98
:10E5B000041E0ED0200004F083FF05002000F6F7B3
:10E5C000A9F80300002D12D00020002B0FD003B0BB
:10E5D00030BD684605F0E2F90F4C6946200005F0B1
:10E5E000E3F9002815D02000FFF73CFFE2E7FFF732
:10E5F000C9FF040004F080FF2000F6F7A3F8064BE3
:10E600009C4206D1236820005B6B98470020FFF7EF
:10E6100029FF01204042DAE7F005002010B505206F
:10E62000F3F708FC030C642003495843F3F708FE92
:10E630000338FDD210BDC0469A3B0000184B70B5A0
:10E64000C4580500002C14D02168002906D0636846
:10E65000A268144804F02CFE002323600C202056EE
:10E66000002810DA0D202056002803DA00220C4B77
:10E67000EA5070BD04F058FE0D20205604F038FE1C
:10E68000FF236373F2E704F04FFE0C20205604F0E2
:10E690002FFEFF230D20237320560028E6DBE9E739
:10E6A0004C08000038610110F0B5C6463E4C3F4BA7
:10E6B00000B5C450002306212200012684B0236047
:10E6C000013BA381019112310500009138482100DE
:10E6D000231D0832029604F027FD00285DD06368F0
:10E6E00034485A1D1203DB011A43334B01681A40A8
:10E6F00030238B43314990460B60036830009843C8
:10E700000860802120682E4B4904C3181960A16855
:10E7100080224B005B18DB00C3181F009202C83731
:10E720003A60C0229202BA6042467A60254ADC33DF
:10E730001A601D220123009604F09CFC224B2168E4
:10E740009C466144090D06311820C9B2F2F7C8F899
:10E75000012200211820F2F7DDF801211820F2F73C
:10E76000EDF8A16823684A005218D2009B18174A96
:10E77000D8331A60002004F0C5FD2073002004F097
:10E78000C1FD237B40B2607318430437000604D4F4
:10E79000002004B080BCB846F0BD2800FFF74EFF53
:10E7A00006204042F5E7C046FC0A00204C08000065
:10E7B0003861011078C00140FFFFFF9F78D0014011
:10E7C0003820000018771C240000E0AF01E00000B2
:10E7D000F0B54E464546DE465746E0B5894616003A
:10E7E000984689B0002900D124E1964BC458964B35
:10E7F00021689C466144090D06311820C9B2F2F720
:10E800006FF8914B21689C466144090D06311D202B
:10E81000C9B2F2F765F8012200211D20F2F77AF85B
:10E82000D02380221B0692049A614346002B00D11C
:10E8300022E14B46002B00D1FAE001252A00A16815
:10E8400020688A4003689343036063689C464B00DA
:10E850005B18DB00C718CC3703933B689A466346C6
:10E860005A1D7A4B12039B46049253465A46134054
:10E87000049A1A436346DB011A433A60744A039BC5
:10E8800094468022C318634412061A601A608022DC
:10E89000002352040092019304F096FB2900A36820
:10E8A00027681A1D9140944680229201BA1811607F
:10E8B000190028000831884099001060F20079188A
:10E8C000013A0A615A00D218D2006248BA18D83206
:10E8D00010601298801BC000013808611F205E493B
:10E8E0001160616801401160A0210C22C9058A46AF
:10E8F000A25650469540594945509101080080253F
:10E900008346079156496D04594408682842FCD152
:10E910000D20012520565149854003905046455011
:10E92000A021C9058A464E4903988B46850180215E
:10E93000AA445D449B462B0049041D680D42FCD14E
:10E940005B46414903907D182D0DED005919C9030F
:10E950008B4658464349D2020A4002434248069534
:10E960000100A0201143C005624683464846079D2A
:10E9700092005D44049228600498B9468346D944C5
:10E98000484605912900B2086860AA60059DCD60DF
:10E990000399069DC8023349654408401299ED0366
:10E9A000890805438A1A314859462843554610318B
:10E9B00079182960414689196960AA6001229A4044
:10E9C0001300E86039680B433B600C22284B802120
:10E9D0009C46A25649049201624413680B42FCD142
:10E9E0000D22234B80219C46A25649049201624489
:10E9F00013680B42FCD1002132004046F3F7E8FFD8
:10EA0000A16823684A005218D2009B18194AD833CB
:10EA10001A60D02380221B0692045A61FFF7FEFD84
:10EA2000002009B0F0BCBB46B246A946A046F0BDE6
:10EA3000C14602E74346002B00D0D6E605204042FF
:10EA4000EFE7C0464C0800000000E0AF7F00FEFF8B
:10EA5000D01000002060000040600000440400006E
:10EA60000C000050FD7F00FF19004000290040000D
:10EA70001000005003A000004B46002BC0D001271F
:10EA80003A00A16820688A40036893430360636882
:10EA90009C464B005B18DB00C518CC3503932B68F4
:10EAA0009A4663465A1C484B12039B4604925346AF
:10EAB0005A461340049A1A436346DB011A432A60FC
:10EAC000424A039B94468022C318634412061A608C
:10EAD0001A608022002352040092019304F074FA19
:10EAE0003A00A0682168031D9A409A4680239B0142
:10EAF000CB181A6002003D000832954082001D606C
:10EB0000F3008A18013B136143001B18DB00304DF2
:10EB1000CB18D8331D60454615611F252D4A1A6054
:10EB200062682A401A600C23E356A0229F409C464C
:10EB3000294BD205D75063469B019B461700802581
:10EB4000264A5F445A446D0413682B42FCD1624646
:10EB5000D2029446224A234B904662464546CB1841
:10EB60001B0DDB001B182A40DB0313431E4AB608AB
:10EB700013434A463A60524695004D197D60BE6087
:10EB8000FB60012383400D68184A2B430B608021F2
:10EB90005A44490413680B42FCD10122A36821683E
:10EBA00018339A408A608B681A42FCD00122A1680F
:10EBB00020688A400368934303600023182200936F
:10EBC000013304F057FA1BE77F00FEFFD01000006E
:10EBD0002060000040600000440400000C00005071
:10EBE000FD7F00FF0000E0AF190040001000005062
:10EBF00010B51720F1F714FFD024802324061B043E
:10EC00000022012163621720F1F784FE1820F1F73A
:10EC100007FF80235B0463621920A361F1F700FF03
:10EC200080239B046362636110BDC04670B5D0242D
:10EC3000802524062D04A561142004F0E9FC6561FB
:10EC4000FA2004F0E5FC1820F1F7EAFE80235B04CB
:10EC5000A36270BD002300B585B003930A4BD202B6
:10EC60001A40082309071143084A00930A4302ABDC
:10EC700052BA002102920422FFF7AAFD002801D116
:10EC8000039840BA05B000BD00F8FF0F0400004033
:10EC900010B54C1E63425C41104BD2021A4009076A
:10ECA0000F4B0A4388B01343240102932300083317
:10ECB00000930422002102ABFFF78AFD00280AD14D
:10ECC00063425C41032364429C4308226B46053443
:10ECD000A4009B18185908B010BDC04600F8FF0FDB
:10ECE0000400004010B54C1E63425C41104BD20240
:10ECF0001A4009070F4B0A4388B0134324010293BB
:10ED00002300083300930422002102ABFFF760FDCB
:10ED100000280AD163425C41032364429C430822D9
:10ED20006B460534A4009B18185908B010BDC046A6
:10ED300000F8FF0F0200004010B54C1E63425C411A
:10ED4000104BD2021A4009070F4B0A4388B01343F5
:10ED5000240102932300083300930422002102AB14
:10ED6000FFF736FD00280AD163425C410323644269
:10ED70009C4308226B460534A4009B18185908B020
:10ED800010BDC04600F8FF0F01000040F0B55BBAAF
:10ED9000DE4657464E464546E0B5734CD202224009
:10EDA00009071143714A85B00A430393704B02A9C6
:10EDB000C458704B8A4652BA9C4621681820614458
:10EDC000090D0631C9B20292F1F78AFD694B21683B
:10EDD0009C466144090D06311D20C9B2F1F780FD42
:10EDE000012200211D20F1F795FDD023802201276B
:10EDF0001B0692049A613A00A16820688A40036861
:10EE00006568934303604B005B18DB00C618CC3683
:10EE100032689C4690466A1C1303574A9B469146AB
:10EE200042464B461A4013005A46ED011A432A4304
:10EE30003260524A634694468022C31863441206E5
:10EE40001A601A608022002352040092019304F099
:10EE5000BBF83A00A0682168031D9A4099468023B8
:10EE60009B01CB181A6002003D00083295401D60DE
:10EE70003F2382008A18136143001B18DB00404DBA
:10EE8000CB18D8331D60002515613E4A1F351A6026
:10EE9000626880262A401A600C23E356A0229F4015
:10EEA0009C46394BD205D75063469A01A023DB0517
:10EEB000D718364B7604D5182B683342FCD16546FB
:10EEC000ED02AC46324D2B4BA84665464646CB1864
:10EED0001B0DDB001B183540DB032B432D4D2B4353
:10EEE00055463D604D46AE0002258E197E60BD60E0
:10EEF000FB60012383400D682B430B60264B802170
:10EF00009C464904624413680B42FCD10122A36869
:10EF1000216818339A408A608B681342FCD0012222
:10EF2000A16820688A400368934303600023182285
:10EF30000093013304F09EF8A16823684A00521838
:10EF4000D2009B18154AD8331A60D02380221B06A2
:10EF500092045A61FFF762FB002005B0F0BCBB468B
:10EF6000B246A946A046F0BD00F8FF0F040000C05D
:10EF70004C0800000000E0AF7F00FEFFD010000052
:10EF80002060000040600000440400000C000050BD
:10EF9000FD7F00FF190040001000005003A000009A
:10EFA000F0B5DE4657464E464546E0B585B002AC64
:10EFB000A246724CD202224009070A437049012737
:10EFC0000A430292524653606E4BC4586E4B2168FE
:10EFD0009C466144090D06311820C9B2F1F780FC46
:10EFE000694B21689C466144090D06311D20C9B258
:10EFF000F1F776FC012200211D20F1F78BFCD023D4
:10F0000080221B0692049A613A00A16820688A4017
:10F0100003686568934303604B005B18DB00C61808
:10F02000CC3632689C4690466A1C1303574A9B466E
:10F03000914642464B461A4013005A46ED011A4388
:10F040002A433260524A634694468022C31863447E
:10F0500012061A601A608022002352040092019363
:10F0600003F0B2FF3A00A0682168031D9A40994658
:10F0700080239B01CB181A6002003D0008329540A6
:10F080001D603F2382008A18136143001B18DB00B8
:10F09000404DCB18D8331D60002515613E4A1F3501
:10F0A0001A60626880262A401A600C23E356A02268
:10F0B0009F409C46394BD205D75063469A01A02306
:10F0C000DB05D718364B7604D5182B683342FCD1B4
:10F0D0006546ED02AC46334D2B4BA8466546464689
:10F0E000CB181B0DDB001B183540DB032B432E4DCB
:10F0F0002B4355463D604D46AE0002258E197E607D
:10F10000BD60FB60012383400D682B430B60274BE0
:10F1100080219C464904624413680B42FCD10122C1
:10F12000A368216818339A408A608B681342FCD028
:10F130000122A16820688A4003689343036000238A
:10F1400018220093013303F095FFA16823684A0059
:10F150005218D2009B18164AD8331A60D023802246
:10F160001B0692045A61FFF759FA002005B0F0BC63
:10F17000BB46B246A946A046F0BDC04600F8FF0F08
:10F18000040000C04C0800000000E0AF7F00FEFF5C
:10F19000D010000020600000406000004404000027
:10F1A0000C000050FD7F00FF1900400010000050CF
:10F1B00003A00000F0B5DE4657464E464546E0B592
:10F1C00085B002ACA246724CD202224009070A4323
:10F1D000704901270A430292524653606E4BC4584D
:10F1E0006E4B21689C466144090D06311820C9B256
:10F1F000F1F776FB694B21689C466144090D0631A5
:10F200001D20C9B2F1F76CFB012200211D20F1F78E
:10F2100081FBD02380221B0692049A613A00A168E8
:10F2200020688A4003686568934303604B005B185D
:10F23000DB00C618CC3632689C4690466A1C130325
:10F24000574A9B46914642464B461A4013005A463F
:10F25000ED011A432A433260524A634694468022A3
:10F26000C318634412061A601A60802200235204F5
:10F270000092019303F0A8FE3A00A0682168031DE4
:10F280009A40994680239B01CB181A6002003D00EA
:10F29000083295401D603F2382008A1813614300A5
:10F2A0001B18DB00404DCB18D8331D6000251561BD
:10F2B0003E4A1F351A60626880262A401A600C2375
:10F2C000E356A0229F409C46394BD205D750634657
:10F2D0009A01A023DB05D718364B7604D5182B6886
:10F2E0003342FCD16546ED02AC46334D2B4BA8466C
:10F2F00065464646CB181B0DDB001B183540DB036B
:10F300002B432E4D2B4355463D604D46AE00022506
:10F310008E197E60BD60FB60012383400D682B4326
:10F320000B60274B80219C464904624413680B42C2
:10F33000FCD10122A368216818339A408A608B6847
:10F340001342FCD00122A16820688A4003689343DD
:10F350000360002318220093013303F08BFEA168A1
:10F3600023684A005218D2009B18164AD8331A60F4
:10F37000D02380221B0692045A61FFF74FF9002028
:10F3800005B0F0BCBB46B246A946A046F0BDC0469B
:10F3900000F8FF0F020000C04C0800000000E0AFC2
:10F3A0007F00FEFFD01000002060000040600000E1
:10F3B000440400000C000050FD7F00FF19004000D5
:10F3C0001000005003A00000F0B5DE4657464E4640
:10F3D0004546E0B585B002ACA246724CD20222404E
:10F3E00009070A43704901270A43029252465360B3
:10F3F0006E4BC4586E4B21689C466144090D063122
:10F400001820C9B2F1F76CFA694B21689C46614437
:10F41000090D06311D20C9B2F1F762FA012200215F
:10F420001D20F1F777FAD02380221B0692049A61FF
:10F430003A00A16820688A400368656893430360C6
:10F440004B005B18DB00C618CC3632689C469046F1
:10F450006A1C1303574A9B46914642464B461A4044
:10F4600013005A46ED011A432A433260524A63465A
:10F4700094468022C318634412061A601A608022E0
:10F48000002352040092019303F09EFD3A00A0680D
:10F490002168031D9A40994680239B01CB181A606E
:10F4A00002003D00083295401D603F2382008A180B
:10F4B000136143001B18DB00404DCB18D8331D608F
:10F4C000002515613E4A1F351A60626880262A4071
:10F4D0001A600C23E356A0229F409C46394BD2056C
:10F4E000D75063469A01A023DB05D718364B760424
:10F4F000D5182B683342FCD16546ED02AC46334D3E
:10F500002B4BA84665464646CB181B0DDB001B1847
:10F510003540DB032B432E4D2B4355463D604D4676
:10F52000AE0002258E197E60BD60FB600123834022
:10F530000D682B430B60274B80219C464904624495
:10F5400013680B42FCD10122A368216818339A404A
:10F550008A608B681342FCD00122A16820688A402F
:10F56000036893430360002318220093013303F0E0
:10F5700081FDA16823684A005218D2009B18164AE0
:10F58000D8331A60D02380221B0692045A61FFF7F9
:10F5900045F8002005B0F0BCBB46B246A946A046DF
:10F5A000F0BDC04600F8FF0F010000C04C0800008D
:10F5B0000000E0AF7F00FEFFD010000020600000E0
:10F5C00040600000440400000C000050FD7F00FF7C
:10F5D000190040001000005003A00000F0B5DE1C30
:10F5E0001D000323040083B09E43012924D004207E
:10F5F0002133164FD2023A4009072A430A43802199
:10F600000430C90580000A432018043642600021F6
:10F61000009604222000E318FFF7DAF8061E0FD147
:10F620002100089B2831994203D02A001800F3F7E3
:10F63000D5F9300003B0F0BD002010361133D8E703
:10F6400031000348F4F72AFFF3E7C04600F8FF0F44
:10F650001C610110F0B557464546DE464E469246BF
:10F660001A000333E0B50500180003238BB098435C
:10F67000804602AF022923D02800BB6C2830984274
:10F6800044D05346274CDB0209072340114319435A
:10F69000C0231B060B436B62B96CF3F79FF942461C
:10F6A000290000232800043224310093FFF790F84A
:10F6B000BD4609B0F0BCBB46B246A946A046F0BD67
:10F6C000194BFA24994688469346A4007860013C79
:10F6D00016D34B46BB600823042200930021280068
:10F6E000FB186E46FFF774F8002800D1F868B5469D
:10F6F0008006ECD57B6841465A469846002CBBD123
:10F700000A48F4F743FE06204042D1E75346090772
:10F710001143C0220348DB0203400B43120613438C
:10F720006B62BCE700F8FF0F044000406463011007
:10F73000836870B5CC0B0500E403A3420DD0802292
:10F7400063405204934219D2FF22120413420CD197
:10F75000FF221202134201D1AC6070BD01212800CA
:10F760000A4A230AFFF730FEF6E7230C012128009E
:10F77000074AFFF729FEAB686340E9E7230E012142
:10F78000044AFFF721FEAB686340DDE70A00010091
:10F790000B0001000C000100F0B5C646033000B5B7
:10F7A0008E1E840810D0631E072B03D90B00334331
:10F7B0005B0721D03200A4003419938855881B04BC
:10F7C0002B4308C2A242F8D10B885BBA73808B1C12
:10F7D0001A6813BA73608B1D186803BAB3600B0004
:10F7E0000A331B681BBAF3608A23DB059A421BD0DD
:10F7F000300080BCB846F0BDC3089C46DB0030003A
:10F800000D009846CF180CCD0CC0BD42FBD163460D
:10F810005F004346F518C818BC42D5D0438802881B
:10F820001B0413432B60CFE780231B059842DFD1D5
:10F830000B000A000D00B232AE3310681B882E3563
:10F840002A691C18944216D83A31C91808188142FE
:10F850003AD20027002404E0DD2A10D0C9188842DB
:10F8600020D94B780233CA189042F7D30A78302A4D
:10F87000F2D10C00F2E701235B42B360B8E78A1CC7
:10F8800090468A78002AE9D142465278502AE5D13A
:10F8900042469278F22AE1D14246D278012ADDD15D
:10F8A0000F00DBE7631E9C41A400002F01D0022261
:10F8B0001443AA8BD20601D5012214438422B15CE1
:10F8C000B1520432B45493E70024F2E7F0B5C646CF
:10F8D0000E0005000B0000B501211A4AFFF774FD68
:10F8E000330001212800174AFFF76EFD002E25D1B5
:10F8F00001230027984640240BE0012003F088FEF6
:10F90000013C3300012128000E4AFFF75DFD002C69
:10F910000FD0012128000B4AFFF70EFA0028ECDB7C
:10F9200042460240BA42E8D1FF28E6D080BCB84641
:10F93000F0BD31000448F4F7B1FDF7E703230327D6
:10F940009846D8E71F0001004C610110F0B5D6467B
:10F950004F464646C0B5C37C05008A46170082B0B4
:10F96000002B05D1006802F0BBFE012800D079E031
:10F97000280002F0BBFEAB7C002B05D10121280042
:10F98000FFF7A4FF0123AB74EB7C002B00D173E0E5
:10F99000FA24A40002E0013C002C63D008220021DC
:10F9A0002800FFF775F9431CF5D0C30558D5C022D0
:10F9B00003035B0D591ED200914200D3B3E08007D0
:10F9C00000D5B0E02C002834002202212800009449
:10F9D000FFF704FE00283BD1298D6A8D00293DD018
:10F9E0000123EB74614B9C460B005340634500D0F0
:10F9F000A3E0D24392B2914200D09BE00B2900D801
:10FA0000A2E0237AAB730F2362791340022B2CD828
:10FA1000627A944666466A7BB21AD2B2142A45D9F3
:10FA20000C2926D0012B52D0022B41D1102900D80D
:10FA300090E0E2790220A218D3789B000433D31817
:10FA400092781C1BD2070C1B1443524614603B6077
:10FA500002B0E0BCBA46B146A846F0BD002ABFD10C
:10FA60000023EB7401204042F2E70B2040420C29B6
:10FA7000EED104204042EBE7042200212800FFF7EA
:10FA800031F983B298463A4B040099461B884345A6
:10FA900002D0862303423AD14346002B3DD14B4648
:10FAA00042461A80A40600D572E7DBE76E73B7E71B
:10FAB0001B2955D9E3792D8AE3185A8995424CD1EF
:10FAC000524610331C1B0C1B14603B60C0E710290E
:10FAD00049D9E379E318DA78920004329B181A7B4B
:10FAE0001C1B091B882A32D15A7B6C2A2FD1DA7C45
:10FAF000002A26D11A7D102A23D15A7D182A20D116
:10FB0000524618391833116001203B60A0E7010408
:10FB1000090C1848F4F7C2FCBEE7042200212800B3
:10FB2000FFF748FBBBE7012301212800124AFFF73A
:10FB30004BFC95E7022040428AE71048F4F7AEFC00
:10FB400090E70A20404283E70320404280E70920F3
:10FB500040427DE7072040427AE70620404277E7AF
:10FB60000520404274E70820404271E7FFFF000093
:10FB700092C60020706101100D0001009C6101100F
:10FB8000F0B5DE46574645464E460400E0B585B022
:10FB90009A468846934602F0A9FDA37C002B05D126
:10FBA00001212000FFF792FE0123A374A37B002B09
:10FBB00024D02F4F2F4EBB6A99460EE0A17B00291F
:10FBC00003D1237B627B9A421CD14B46ED1AB5428E
:10FBD00045D8FA20800003F0E7FC200003AA02A920
:10FBE000BD6AFFF7B3FE0128E8D103990298FFF739
:10FBF000D3FD0100200002F07FFDDFE7237B627B65
:10FC00009A42D6D05A4651460C3292B20A80D2431A
:10FC10000B714A80524641465171002251468A7109
:10FC200041468E1E711E8E41012176428E43514601
:10FC300001330E360A814A81CE7123735B4603324B
:10FC40000F3393430091002202212000FFF702FDB1
:10FC500005B0F0BCBB46B246A946A046F0BD637BEA
:10FC6000227B0548F4F71AFC02204042F0E7C04628
:10FC70000040054040420F00C8610110F0B55746F2
:10FC80004E464546DE46E0B5294E9246B76A98464E
:10FC9000284AB36A0500894683B0DB1B93422ED8FD
:10FCA000254B9B4610E0022820D0002803DB0100F2
:10FCB0005846F4F7F3FBFA20800003F075FCB36AB2
:10FCC0001C4ADB1B93421AD86946280001AAFFF799
:10FCD0003DFE041E23D00128E5D101990098FFF7CD
:10FCE0005BFD0100280002F007FDE4E70099019B9D
:10FCF0004A0028685208C90F02F0AEFBDBE7434612
:10FD00005246494602240D48F4F7C8FB64422000DD
:10FD100003B0F0BCBB46B246A946A046F0BD009A6F
:10FD2000424500D9424601990C9803F0A1FFEEE745
:10FD3000004005403F420F00EC61011018620110C5
:10FD4000F0B54546904640225746DE464E46524262
:10FD500093469246E0B50024070083B08B449A4452
:10FD60004022230040349146444502D94246D31AEA
:10FD700099465B461D19BB68EE0BF6039E420DD0FB
:10FD8000802273405204934227D2FF22120413426E
:10FD90002FD1FF221202134218D1BE608022534697
:10FDA0006D041B196D0C1202009301214B463800A3
:10FDB0002A43FFF74FFC002801D14445D0D303B0BC
:10FDC000F0BCBB46B246A946A046F0BD01213800B2
:10FDD0000C4A330AFFF7F8FADFE700230A4A012149
:10FDE0003800FFF7F1FAFF22BB6812047340134298
:10FDF000CFD0330C01213800044AFFF7E5FABB6885
:10FE00007340C6E70A0001000C0001000B0001006E
:10FE1000F0B5CE46474680B5060083B00400080022
:10FE20001700894603F07CFF431C984644360500C2
:10FE30001A0049463000F2F7D1FD4346F2183B0A5A
:10FE4000177053703B0C3F0E9370D7702A008023BD
:10FE500021326F1D1B019A4225D80822238AFF32C6
:10FE600001339BB262639046063A2382FF3A1B0439
:10FE70001343E36300233A00310023643000A76397
:10FE800003F0F6FE2A00230000212000153228335B
:10FE9000FFF776FE002806D13B00424602212000F3
:10FEA0000096FFF7EBFE03B0C0BCB946B046F0BD0C
:10FEB000F0B5CE46474680B5060083B00400080082
:10FEC00099468846170003F02BFF4436451C3A003C
:10FED0004946701903F0CCFE2A0041463000ED1966
:10FEE000F2F77CFD2A0080231C321B019A4226D89F
:10FEF000218A0A9B013189B221821B03090419431B
:10FF00000223082719430023FF372A00E1632364F3
:10FF1000310030006763A56303F0AAFE23002A00C6
:10FF20000021200028331032FFF72AFE002806D1D6
:10FF30002B003A00022120000096FFF79FFE03B03D
:10FF4000C0BCB946B046F0BDF0B5D6464F464646B1
:10FF5000C0B50400060082B008001F009246894622
:10FF600003F0DEFE431C9846443605001A0049465D
:10FF70003000F2F733FD43465246F3181A70002260
:10FF80005A709A70DA706B1DF318390A5970390C6F
:10FF90001F7099703F0E2900DF702F0080232531DC
:10FFA00009371B01994224D80821238AFF310133E4
:10FFB0009BB26163884606392382FF391B040B43D9
:10FFC000E3633100226430003A00A76303F050FE7F
:10FFD0002A0023000021200019322833FFF7D0FD2A
:10FFE000002806D13B004246022120000096FFF780
:10FFF00045FE02B0E0BCBA46B146A846F0BDC046D8
:020000041001E9
:10000000836870B5CE0B04000D00F6039E420DD040
:10001000802273405204934239D2FF2212041342C9
:100020002CD1FF221202134221D1A66080226D043E
:100030006D0C12022A4301212000FEF77DFEC0252F
:10004000A36806006D05AB420FD080226B405204BE
:10005000934238D2FF221204134228D1FF22120207
:1000600013421CD1C0235B05A360300070BD012189
:100070002000194A330AFFF7A7F9D6E7330C01210C
:100080002000164AFFF7A0F9A3687340C9E7330EB2
:100090000121134AFFF798F9A3687340BDE7C02315
:1000A000012120000C4A5B03FFF78EF9DAE7C02339
:1000B0000A4A5B0101212000FFF786F9C023A268EC
:1000C0005B055340CAE7182301212000044AFFF7CB
:1000D0007BF9A3686B40BDE70A0001000B0001003B
:1000E0000C000100F0B5C646CE0B0D00816804007F
:1000F00090461F0000B5F6038E420DD0802371405C
:100100005B04994266D2FF231B04194259D1FF2395
:100110001B02194225D1A660802243466D046D0C56
:1001200012022A43012B23D03B0001212000FEF7BD
:1001300037FFC025A3686D05AB420FD080226B400E
:10014000520493421AD2FF221204134222D1FF22F8
:10015000120213422DD1C0235B05A36080BCB846B8
:10016000F0BD012120001F4A330AFFF72DF9D2E725
:100170003B0001212000FFF727F9DAE718231A4A8C
:1001800001212000FFF720F9FF22A36812046B4031
:100190001342DCD0C023154A5B0101212000FFF788
:1001A00013F9C023A2685B055340FF2212021342D9
:1001B000D1D0C023012120000A4A5B03FFF704F9D4
:1001C000C9E701212000094A330CFFF7FDF8A168B7
:1001D00071409CE70121044A330EFFF7F5F8A1684E
:1001E000714090E70A0001000C0001000B000100C3
:1001F000F8B5CE46474604000D0080B5012900D170
:10020000E4E1D74BC82798463F02C026414620006C
:10021000FFF78EFA3A0001212000FEF78DFDA3685A
:100220007605B34212D0802273405204934200D329
:10023000E7E0FF221204134200D0EFE0FF22120297
:10024000134200D0FAE0C0235B05A36041462000C2
:10025000FFF76EFA3A0001212000FEF76DFDC02283
:10026000A368520506009146934212D05340802263
:100270005204934200D39EE1FF221204134200D0A5
:100280008DE1FF221202134200D080E1C0235B0502
:10029000A360F60700D4A1E1012D00D19BE1B14D8F
:1002A000B14E31002000FFF743FA03232A00012159
:1002B0002000FFF789F8C022A368520591469342B7
:1002C00012D0534080225204934200D354E1FF22C3
:1002D0001204134200D037E1FF221202134200D071
:1002E0002AE1C0235B05A36031002000FFF720FA5C
:1002F0002A0001212000FEF71FFDC022A36852053D
:100300009146934212D0534080225204934200D32C
:1003100007E1FF221204134200D0F6E0FF2212028E
:10032000134200D0E9E0C0235B05A36041462000F2
:10033000FFF7FEF93A00C027002301212000FFF754
:1003400043F8A3687F05BB4212D080227B40520451
:10035000934200D3C8E0FF221204134200D0B7E05A
:10036000FF221202134200D0AAE0C0235B05A36063
:10037000C027012003F04CF931002000FFF7D8F925
:1003800001232A0001212000FFF71EF8A3687F0542
:10039000BB4211D080227B405204934200D386E0BE
:1003A000FF221204134200D075E0FF221202134212
:1003B00069D1C0235B05A36031002000FFF7B8F9C5
:1003C0002A00C02501212000FEF7B6FCA3686D05B8
:1003D000AB420FD080226B40520493424AD2FF229C
:1003E000120413423AD1FF22120213422ED1C0232B
:1003F0005B05A360012003F00BF9C0BCB946B04611
:10040000F8BD1823594A01212000FEF7DDFFFF2225
:10041000A36812047340134200D10FE7C023544A6B
:100420005B0101212000FEF7CFFFC023A2685B051E
:100430005340FF221202134200D104E7C0230121DE
:1004400020004C4A5B03FEF7BFFFFCE6C0230121FE
:100450002000484A5B03FEF7B7FFC8E7C023444AC1
:100460005B0101212000FEF7AFFFC023A2685B05FE
:100470005340B8E71823012120003C4AFEF7A4FFAF
:10048000A3686B40ABE7C02301212000394A5B031E
:10049000FEF79AFF8DE7C023354A5B01012120005A
:1004A000FEF792FFC023A2685B0553407DE7182347
:1004B000012120002D4AFEF787FFA3687B406FE7EC
:1004C000C023012120002B4A5B03FEF77DFF4CE790
:1004D000C023274A5B0101212000FEF775FFC023DE
:1004E000A2685B0553403BE71823012120001F4A07
:1004F000FEF76AFFA3687B402DE7C023012120009F
:100500001C4A5B03FEF760FF0DE7C023184A5B013E
:1005100001212000FEF758FFC023A2685B0553406D
:10052000FCE61823114A01212000FEF74DFF4A4640
:10053000A3685A401300ECE6C023012120000D4AB5
:100540005B03FEF741FFCCE6C023094A5B010121B2
:100550002000FEF739FFC023A2685B055340BBE6CD
:100560000048101808C40000084410180C000100CE
:100570000B0001000A00010018231A4A0121200083
:10058000FEF722FF4A46A3685A4013009FE6C023A5
:1005900001212000144A5B03FEF716FF76E6C02314
:1005A000124A5B0101212000FEF70EFFC023A26862
:1005B0005B05534065E618230A4A01212000FEF737
:1005C00003FF4A46A3685A40130055E6B827084B74
:1005D0003F02984619E6074D074E62E60748F3F7D3
:1005E000D5FE59E60C0001000A0001000B000100D5
:1005F0000038101808B400000834101840620110C8
:100600008022002352008281034A01608360837349
:10061000036183507047C0464C08000010B5FEF7D8
:100620000DF810BD70B5140004AA260005001800CE
:10063000137880221236120196421FD836222026C5
:10064000AE542A000026363256709170D670002BB8
:100650000DD10100280022003A3003F009FB2B00E5
:10066000022128002833A21DFFF78AFA70BD290055
:100670000023A2B23A31F5F75BFFF0E705204042D4
:10068000F4E7C04610B5040082B06946200001AA14
:10069000FFF75CF9431C14D0031DF6D0012812D0DB
:1006A0000228F2D10099019B4A0020685208C90F24
:1006B00001F0D2FE6946200001AAFFF747F9431C6A
:1006C000EAD102B010BD01990098FFF765F801006A
:1006D000200002F011F8D8E7F0B50227C646984688
:1006E0004B001F40802300B516001C32040082B06E
:1006F0004D081B019A422BD83304008A1B0CA363BC
:10070000089B013080B21B0320823B43000403435B
:10071000E3632000002332004146236465634430D4
:1007200003F0A6FA23003200002120002833103203
:10073000FFF726FA002807D143462A000093390024
:1007400033002000FFF79AFA02B080BCB846F0BD33
:1007500005204042F8E7C04610B50400002909D042
:10076000837C002B00D110BD002300218374FFF790
:10077000ADF8F8E701F0BAFFA37C002BF3D101211B
:100780002000FFF7A3F80123A374ECE7F0B50600FF
:100790000D004436082204007749300083B0F2F798
:1007A0001DF92A04E8B2120E2B0C00D1DAE07349CD
:1007B0002D0E2D020B402B434C216054013162540D
:1007C0004E250021615323655423E0540133E25444
:1007D0001422082725000133E152238AA263013342
:1007E0009BB22382123A1B041343FF37E363216455
:1007F0001232310030006763283503F039FA2B00DC
:10080000242200212000FFF7BBF9002806D1142381
:100810003A00022120000096FFF730FA322002F061
:10082000F7FE40210022238A616301339BB23C39E9
:100830002382A1631B0402390B4362643100E3632A
:1008400022643000043203F013FA2B00142200213A
:100850002000FFF795F9002806D104234022022149
:1008600020000096FFF70AFA002220004449FFF713
:10087000CFFA012220004349FFF7CAFA08222000DC
:100880004149FFF7C5FA042220004049FFF7C0FAAA
:10089000002220003E49FFF7BBFA3E4B60689B6A8E
:1008A0003D4A191A914260D920001322FF215A3083
:1008B000F2F78EF85C23E722E25403330732E25466
:1008C00001332F3AE2540233403AE25433496D3A4D
:1008D0003000F2F783F82922238AA26301339BB206
:1008E0002382273A1B0413430827E3630023FF37BF
:1008F0003100236427323000676303F0B9F92B001D
:10090000392200212000FFF73BF9002806D12923D6
:100910003A00022120000096FFF7B0F9322002F0E1
:1009200077FE02210022238A616301339BB2238276
:100930001B040B43A263E36322642B00002120000D
:100940001032FFF71DF9002806D100900023022283
:1009500002212000FFF792F9322002F059FE002018
:1009600003B0F0BD01235B4226E7C01A0C4B9C4646
:10097000604402F071FE97E754D70410FF00FFFFB8
:100980005C620110686201107062011080620110E7
:100990008C62011000400540EF4902009C6201108A
:1009A000F0490200F0B5C6460600040000B5443622
:1009B00082B014220F0030001849F2F70FF8238A92
:1009C000832201339BB223821B04E3630023520082
:1009D00062639046F23A3100A2632364300003F070
:1009E00047F923002422002120002833FFF7C8F80C
:1009F000051E0DD114234246002120000096FFF76A
:100A00003DF9051E04D1062231003800F1F7E6FF5A
:100A1000280002B080BCB846F0BDC04660D70410C4
:100A2000F0B55746DE464E464546E0B5B74B87B073
:100A30009B6A040043600F00FDF736FE002812D1C8
:100A4000FEF7D6F80A25FEF7F1F8B14E1422002180
:100A50002000FEF7FFF8B04212D00120013D02F065
:100A6000D7FD002DF2D1AB48F3F790FC06256D427F
:100A7000280007B0F0BCBB46B246A946A046F0BD70
:100A8000002200212000A44BFEF780F90028EAD1C3
:100A9000002200212000FEF7FBF810231D22002178
:100AA0002000FEF791FC0028DDD1992304220021CB
:100AB0002000FEF789FC0028D5D1BE2306220021A4
:100AC0002000FEF777FB0028CDD10823012120006C
:100AD000924AFEF779FC0A254026012120008F4A20
:100AE000FEF72AF9064209D10120013D02F090FDEE
:100AF000002DF2D18A48F3F749FCB7E70023874A73
:100B000001212000FEF760FC20008649FEF710FE60
:100B1000B822C025012120001202FEF70DF9A368BA
:100B20006D05AB4212D080226B405204934200D339
:100B30003DE3FF221204134200D02CE3FF221202F5
:100B4000134200D01FE3C0235B05A360200075495A
:100B5000FEF7EEFDB822012120001202FEF7ECF8AC
:100B6000C026A36805007605B34212D080227340E8
:100B70005204934200D3FDE2FF221204134200D03C
:100B8000ECE2FF221202134200D0AEE2C0235B056A
:100B9000A360ED0700D4C0E320006349FEF7C8FD61
:100BA000C822C025012120001202FEF7C5F8A36863
:100BB0006D05AB4212D080226B405204934200D3A9
:100BC0008AE2FF221204134200D016E3FF2212022F
:100BD000134200D009E3C0235B05A3602000524903
:100BE000FEF7A6FDC822012120001202FEF7A4F89C
:100BF000C026A36805007605B34212D08022734058
:100C00005204934200D3E7E2FF221204134200D0C1
:100C1000D6E2FF221202134200D0FAE2C0235B05A3
:100C2000A360ED0700D47CE3C02502212000FFF77C
:100C3000DFFAA3686D05AB4212D080226B405204EC
:100C4000934200D3FDE1FF221204134200D0ECE1F5
:100C5000FF221202134200D019E2C0235B05A360F9
:100C6000C025032301212000304AFEF799F9A3682B
:100C70006D05AB4212D080226B405204934200D3E8
:100C8000FCE1FF221204134200D0EBE1FF2212022A
:100C9000134200D0DEE1C0235B05A360C025002322
:100CA00001212000224AFEF77BF9A3686D05AB42C3
:100CB00012D080226B405204934200D3FBE1FF220A
:100CC0001204134200D0EAE1FF221202134200D0C4
:100CD000FAE1C0235B05A360164B174A9A46174BEF
:100CE00053449E5A1B3AFF3A964200DB99E1144A5C
:100CF0009B5C002B00D094E1502E00DC91E1114B65
:100D000050259946104B5344984623E00040054037
:100D1000ADBEEDFEB0620110B30402000E00010092
:100D200004630110003810180048101810C00000AB
:100D300044C000008C6401100E0300009E68030094
:100D40000D030000D0620110AB6B03000135AE4211
:100D500000DC66E1434609224946581B03F00EF8C1
:100D60000028F3D1534600212000E44AFEF7E8FFB3
:100D7000051E00D07CE6BA22E14BE2499200200039
:100D8000FEF7DEFFE04B04222000E049FFF7AAF95E
:100D900001212000FFF72CFA2000DD49FFF730F990
:100DA00003230340012B02D0DA48F3F7EFFA2000C7
:100DB000D949FFF725F9C00700D532E2FA2680238A
:100DC000B600984606E00120013E02F021FC002E0C
:100DD00000D198E201212000D04AFDF7ADFF434643
:100DE0000342F0D0F02304222000CD49FFF77AF926
:100DF000202301212000CB4AFEF7E6FAFA26202321
:100E0000B600984606E00120013E02F001FC002EEB
:100E100000D17DE2082200212000FDF739FF434682
:100E20000342F0D00121C04A2000FDF785FF0222D5
:100E3000C3B213430121BC4A2000FEF7C5FA0823C0
:100E4000F02200212000FEF7BFFA02230121B34A5D
:100E50002000FEF7B9FA01212000B44AFDF76CFF2B
:100E6000C30700D4E5E10F230121B14A2000FEF7BA
:100E7000ABFA00230121AE4A2000FEF7A5FA0121BA
:100E8000AB4A2000FDF758FF042200212000FDF7A7
:100E900029FFC30700D5D5E1C026A3687605B34274
:100EA00012D0802273405204934200D322E2FF22E8
:100EB0001204134200D011E2FF221202134200D0AA
:100EC00004E2C0235B05A360C02601212000994AEB
:100ED000FDF7DEFEA3687605B34212D08022734090
:100EE0005204934200D3E0E1FF221204134200D0E7
:100EF000CFE1FF221202134200D0DFE1C0235B05E5
:100F0000A360200001F0F2FBA37C002B05D101219E
:100F10002000FEF7DBFC0123A374874B2600190099
:100F2000443608222C3130009846F1F757FD834BA8
:100F3000F622DB21E3642000002392008902514461
:100F40002265636558309946F1F748FD0822FF3263
:100F500062639346FC2292009246A2630222238A95
:100F6000310001339BB223821B041343E3634B46DE
:100F700052462364300002F07BFE282399468022EB
:100F8000A1444B4600212000D200FEF7F9FD0028C5
:100F900006D153465A46022120000096FEF76EFE07
:100FA0004146132238313000F1F718FD238A83229D
:100FB00001339BB223821B04E3630023520062636C
:100FC0009246F33A3100A2632364300002F050FEEF
:100FD0004B46232200212000FEF7D2FD002806D137
:100FE00013235246002120000096FEF747FE636C53
:100FF000002B00D019E1002220005149FEF708FF24
:10100000012220004F49FEF703FF002F00D120E10D
:1010100000230622009320003B004B49FEF748FFC7
:1010200026E54A48F3F7B2F920E5C023484A5B01B8
:1010300001212000FEF7C8F9C023A2685B055340D8
:1010400006E6182301212000424AFEF7BDF9A368F5
:101050006B40F8E5C023012120003F4A5B03FEF707
:10106000B3F918E6C0233A4A5B0101212000FEF7DC
:10107000ABF9C023A2685B05534007E618230121A2
:101080002000344AFEF7A0F9A3686B40F9E5C023BD
:1010900001212000304A5B03FEF796F9DDE5C0230D
:1010A0002B4A5B0101212000FEF78EF9C023A268C4
:1010B0005B05534008E6182301212000254AFEF76E
:1010C00083F9A3686B40FAE5C02301212000224A7E
:1010D0005B03FEF779F9FCE51823012120001D4A86
:1010E000FEF772F9A3686B406BE5C0230121200075
:1010F000194A5B03FEF768F948E5C046C06B030078
:1011000064D4041014FD0700BA0045FFFCFF07007B
:101110000834101830630110003810180E00010058
:1011200024200018080001001E0001001F0001001B
:101130000F000100088500004CD7041006100200C3
:101140005C620110686201108C630110DC620110A6
:101150000B0001000C0001000A000100C023734ACB
:101160005B0101212000FEF72FF9C023A2685B0577
:10117000534006E51823012120006D4AFEF724F9AB
:10118000A3687340F8E4C02301212000694A5B038F
:10119000FEF71AF9D7E4C023644A5B01012120005D
:1011A000FEF712F9C023A2685B055340C6E418237A
:1011B000012120005E4AFEF707F9A3686B40B8E4FE
:1011C000C0235A4A5B0101212000FEF7FDF8C0232D
:1011D000A2685B0553401CE5182301212000544AF6
:1011E000FEF7F2F8A36873400EE5C023012120004A
:1011F000504A5B03FEF7E8F8EDE4C0234B4A5B017D
:1012000001212000FEF7E0F8C023A2685B055340EF
:10121000DCE4C02301212000464A5B03FEF7D4F83A
:10122000FCE44548F3F7B2F8C8E54448F3F7AEF8F4
:10123000E1E60123C0B2034301212000404AFEF74A
:10124000C3F810E683B2042200212000FDF7B2FFAC
:1012500022E642464346D26C4C3304929B8804AE4D
:1012600002AF39002000B380FFF79CFB00280BD1B0
:10127000029A049B9A4201D0FFF7FAFBBA88B3881E
:101280009A4201D0FFF7F4FB3900002002F05AF92E
:10129000BEE6C023254A5B0101212000FEF794F839
:1012A000C023A2685B05534023E6182301212000D8
:1012B0001F4AFEF789F8A368734015E6C023012191
:1012C00020001C4A5B03FEF77FF817E6C0230121CC
:1012D0002000184A5B03FEF777F8F2E5C023134AB3
:1012E0005B0101212000FEF76FF8C023A2685B05B7
:1012F0005340E1E51823012120000D4AFEF764F870
:10130000A3687340D3E50F48F3F740F8FFF7AEFB4F
:101310000D48F3F73BF8FFF7A9FB0C48F3F736F855
:101320003AE40A48F3F732F87EE4C0460B000100C5
:101330000C0001000A000100306301107463011009
:101340001F000100446301105C6301104062011042
:101350004423F0B5DE46574645464E469A46E0B52C
:101360006F4B8244070087B08846150019000B2296
:1013700050469B46F1F732FB4F239C46BC446346E4
:101380004022002118000393F1F722FB3B8A8324BB
:1013900001339BB23B821B044B22FB63002364009E
:1013A0005146BA633B6450467C6302F061FC2823DB
:1013B0009C46BC4463465B22002138000493FEF740
:1013C000DFFB8146002868D15346220000930021AC
:1013D0004B233800FEF752FC8146031E5DD14522A7
:1013E0004433BA5CFB5C12021A434623FB5C1B04C9
:1013F00013434722BC5C24061C433B004833002CAB
:101400005FD0002D66D152461E00BA460592029367
:1014100006224146300002F009FC002803D1671E75
:10142000BD4242D33C0001350636AC42F0D8059BA4
:10143000574626009A464022514603987E6402F0A1
:1014400017FC0B2259465046F1F7C8FA4B223B8A4B
:10145000BA6301339BB23B82493A1B04134308240D
:10146000FB630023FF3451463B64493250467C63A2
:1014700002F0FEFB5B2200213800049BFEF780FB9C
:10148000002807D153462200009302214B23380045
:10149000FEF7F4FB322002F0BBF8484607B0F0BC80
:1014A000BB46B246A946A046F0BD029B61009C46E1
:1014B000091949000639062230006144F1F78EFA15
:1014C000B0E70126002D24D0062241461800F1F78E
:1014D00085FAB0E71D00029343460026B846270070
:1014E0001C0003E001360635BE4207D0062221006B
:1014F000280002F09BFB0028CFD0F3E74746029B71
:10150000A0460A2E07D07200921952009B1801368D
:10151000DAE700268FE704235B429946BDE7C04621
:101520009C63011070B504000E001D0082B0C82A33
:1015300000D887E0C8229000821845492000520058
:10154000FEF766FC2A0020004249FEF761FC2000FD
:101550004149069AFEF75CFC20004049079AFEF7D5
:1015600057FC5622238A626301339BB2523A23828C
:10157000A2631B04023A134325006664E36326005A
:10158000002344352900236402322800283602F063
:101590006FFB3300142200212000FEF7F1FA00282F
:1015A00006D104235622022120000095FEF766FB97
:1015B00001236E226364238A626301339BB26A3A19
:1015C0002382A2631B04023A1343E363002329002E
:1015D00023640232280002F04BFB33001422002166
:1015E0002000FEF7CDFA002806D104236E22022146
:1015F00020000095FEF742FB8E210022238A6163C2
:1016000001339BB28A392382A1631B0402390B4345
:1016100062642900E36322642800043202F028FB9C
:101620003300142200212000FEF7AAFA002806D178
:1016300004238E22022120000095FEF71FFB0020CC
:1016400002B070BD002A00D075E7013273E7C046D2
:10165000A8630110B8630110C4630110D0630110C6
:10166000F0B557464E46DE464546E0B5A9B0339F35
:1016700089469246CC49082204000593FEF7C8FB30
:10168000002F1AD002233A009A43C84B9A4200D145
:101690004DE2C74B9F4200D155E2C64B9F4200D15D
:1016A00057E2C54B9F4200D04AE204230493002333
:1016B00003938023DB0298463EE20023984604937E
:1016C000039344230022862125002600E75401339A
:1016D000E2540133E2540133E254238A616301335B
:1016E0009BB282392382A1631B0402390B43443528
:1016F0002900E363226428000432283602F0B8FA95
:101700003300142200212000FEF73AFA002806D107
:1017100004238622022120000095FEF7AFFA3B0049
:1017200020005A1E9341A5490022FEF70DFC01231B
:1017300000225B422000A249FEF706FC1322A149C9
:101740002800F1F74BF9002257238821E254013396
:10175000E2540133E2540133E2540133E154753968
:101760000133E15408210133E2540133E254238A66
:10177000FF3101339BB261638B46EC392382A16355
:101780001B0419390B43E3632900226428001B3230
:1017900002F06EFA33002B2200212000FEF7F0F950
:1017A000002806D11B235A46022120000095FEF78F
:1017B00065FA002F00D011E18023DB02984500D1AB
:1017C00046E1012314226364238A626301339BB2DE
:1017D000103A2382A2631B04023A1343E3630023FB
:1017E000290023640232280002F042FA3300142256
:1017F00000212000FEF7C4F9002806D1042314229A
:10180000022120000095FEF739FA00224423E25419
:10181000002216210133E2540133E2540133E25431
:10182000238A616301339BB212392382A1631B04B3
:1018300002390B43E363290022642800043202F0DA
:1018400017FA3300142200212000FEF799F900282E
:1018500006D104231622022120000095FEF70EFA7D
:101860004346802B00D13AE1574A424453425A4101
:1018700020005649FEF7CCFA4423039A0499E25417
:1018800000220133E2540133E154A5210133E25433
:10189000238A616301339BB2A1392382A1631B04B4
:1018A00002390B43E363290022642800043202F06A
:1018B000DFF93300142200212000FEF761F900282F
:1018C00006D10423A522022120000095FEF7D6F9B7
:1018D0004A463F4B5146E2503E4BE018F1F77EF846
:1018E000349B002B00D1FCE04222002108A8F1F734
:1018F0006FF84B464A4651460C2708A80793F1F764
:101900006DF82423002204A9C919CA5415A8253B3F
:10191000349906321193129313931493F1F75EF8EE
:10192000359B013309D0012317938023359A5B013E
:101930001343442204A9C9198B522000462207A947
:101940004930F1F74BF8052223492800F1F746F812
:101950004B22238AA26301339BB22382493A1B04A0
:1019600013430827E3630023FF3729002364493228
:101970002800676302F07CF933005B22002120001D
:10198000FEF7FEF8002806D14B233A000221200082
:101990000095FEF773F9002029B0F0BCBB46B246B3
:1019A000A946A046F0BDC046706201100400400088
:1019B000020020000400000104004001E063011067
:1019C000F0630110086401100000FCFF2C6401109A
:1019D000280800002C08000030640110624B9F4270
:1019E00000D1E9E60123059A329907AF08A83A80A9
:1019F0007B80F0F7F3FF022001F00AFE8622238AA3
:101A0000520001339BB262639346C83A2382A263B9
:101A10001B04423A1343E363002339002364423238
:101A20002800F0F7DBFF3300542200212000FEF7EE
:101A3000A7F8002800D0BFE644235A460221200020
:101A40000097FEF71BF98023DB02984500D0B8E62B
:101A500004A884460E236344802200211800F0F776
:101A6000B7FF059B07AF04A884461A003B800E23EE
:101A7000634418003299F0F7B1FF022001F0C8FD6D
:101A8000002382229B462000384900933B00FEF74A
:101A90000FFA012314226364238A626301339BB229
:101AA000103A2382A2631B04023A1343E3635B46AA
:101AB000290023640232280002F0DAF833001422ED
:101AC00000212000FEF75CF8002806D10423142230
:101AD000022120000095FEF7D1F8032296E60122AC
:101AE000C6E61A22224B6263E718238A0A320133C0
:101AF0009BB22382A2631B04223A1343E363349B09
:101B00003900236422322800F0F768FF33003422C2
:101B100000212000FEF734F8002800D03BE7242302
:101B20001A22022120000097FEF7A8F833E70023CD
:101B30000493803398460393059B402B00D8C0E55F
:101B40000520404228E7002304930433984603937A
:101B5000F2E7059B802BF3D804230493002303931F
:101B60008023DB029846ACE5040000011C640110F0
:101B700028080000042230B5038A426401339BB276
:101B8000038282631B04023A13430500C363A52149
:101B900000230400443541630364290083B002320A
:101BA000280002F065F823001422002120002833C9
:101BB000FDF7E6FF002806D10423A522022120001C
:101BC0000095FEF75BF803B030BDC0461A2230B571
:101BD000134B4263C518038A0A3201339BB2038256
:101BE00082631B04223A1343C3630023040003648B
:101BF000290083B022324430F0F7F0FE2300342273
:101C0000002120002833FDF7BBFF002806D1242344
:101C10001A22022120000095FEF730F803B030BDF3
:101C200028080000F0B5D6464F4646460500C0B528
:101C30004435040082B00F009046C54904222800B4
:101C40001E00F0F7CBFE0123A3640633FF3363636A
:101C50009946FE3BA3630023208A0822013080B20C
:101C6000208200042900E0632364280002F000F8C9
:101C700028239A46A2445346182200212000FDF74B
:101C80007FFF002806D108234A4600212000009546
:101C9000FDF7F4FF4423E25C0133E35C1B021343D2
:101CA0004622A25C12041A434723E35C1B0613433B
:101CB00000D043E1002E07D0A64B9E4200D1E3E1C5
:101CC0000A9B402B00D9E3E102222000A249FEF743
:101CD0009FF8012363644B339946A14420220021DD
:101CE000A7644846F0F774FE3A0041464846F0F7CC
:101CF00075FE200028222900503001F0B9FF0C2287
:101D000096492800F0F76AFE3422238AA263013341
:101D10009BB22382323A1B0413430827E363002358
:101D2000FF372900236432322800676301F0A0FFE7
:101D30005346442200212000FDF722FF002806D14F
:101D400034233A00022120000095FDF797FF1E2260
:101D50000C9B62636364238A1A3A01339BB2238229
:101D6000A2631B04023A1343E363002329002364A4
:101D70000232280001F07CFF53461422002120008B
:101D8000FDF7FEFE002806D104231E2202212000BA
:101D90000095FDF773FF3300012220007049FEF724
:101DA000D3F86C4B9E4200D1CFE06E4BF7187B42CC
:101DB0005F41FFB204226C492800F0F70FFE482370
:101DC00000220821E75408270133E2540133E2548A
:101DD0000133E254238AA163013364499BB2238215
:101DE0001B040B43FF372900E363226428000832F9
:101DF000676301F03DFF5346182200212000FDF7E4
:101E0000BFFE002806D108233A00022120000095D9
:101E1000FDF734FF002E18D0554B9E4200D13AE119
:101E2000022332009A43534B9A4200D1AAE0494B15
:101E30009E4200D15CE1504B50499E4200D12DE1C1
:101E4000002301222000FEF77FF801236E22636445
:101E5000238A626301336A3A9BB2A263434A2382B4
:101E60001B041343E3630023042229002364280096
:101E700001F0FEFE5346142200212000FDF780FEF3
:101E8000002806D104236E22022120000095FDF7D0
:101E9000F5FE09223A492800F0F7A0FD4D2316224D
:101EA000E25400220D2108260133E2540133E254AA
:101EB0000133E254238AA16301332C499BB223826C
:101EC0001B040B43FF362900E363226428000D3214
:101ED000666301F0CDFE53461D2200212000FDF770
:101EE0004FFE002806D10D2332000221200000956C
:101EF000FDF7C4FE01234E226364238A626301332B
:101F00004A3A9BB2A263194A23821B041343E36338
:101F10000023042229002364280001F0A9FE53466F
:101F2000142200212000FDF72BFE002806D10423F7
:101F30004E22022120000095FDF7A0FE002002B0F5
:101F4000E0BCBA46B146A846F0BD022732E7C0461B
:101F5000A0D7041004000001706201103864011061
:101F600044640110FCFFBFFE2C640110021000004D
:101F700002002000040040000400400150640110F1
:101F80007464011084236D4901222000FDF7DCFFF9
:101F90000A9BDBB299460A9B1B0ADBB29846442790
:101FA0004B464246E3554523E25401220133E252B7
:101FB00002339846A044002140463F32F0F708FD26
:101FC0000A9A0B994046F0F709FD022001F020FB28
:101FD0008622238A520001339BB262639046584A9C
:101FE00023821B041343E363002344222900236458
:101FF0002800A76301F03CFE534654220021200034
:10200000FDF7BEFD002806D14423424602212000F0
:102010000095FDF733FE4B4B1E404B4B9E4200D0CC
:1020200013E7112249492800F0F7D8FC5523012273
:10203000E2540022152108260133E2540133E25410
:102040000133E254238AA163013341499BB22382C5
:102050001B040B43FF362900E3632264280015327A
:10206000666301F005FE5346252200212000FDF79E
:1020700087FD002800D0E8E6152332000221200069
:102080000095FDF7FBFDE0E60A9B802B00D81BE6E0
:102090000520404253E70423284975E72000012228
:1020A0002C4BFDF751FF0A9B2700DBB299464423D6
:1020B0004A46E2540A9B46371B0ADBB29846452340
:1020C00042460021E25438008022F0F781FC0A9A4F
:1020D0000B993800F0F782FC022001F099FA0123F5
:1020E0008222009320002B001B49FDF7E1FE56E7FA
:1020F0008023200001221149DB02FDF725FF442344
:102100000A9A2600E25445234636120AE254002178
:1021100080223000F0F75CFC0A9A0B993000F0F74F
:102120005DFC022001F074FA01238222009320005A
:102130002B000949FDF7BCFE73E7C046506401104F
:1021400002100000FFFFBFFF0400000160640110E7
:1021500002500000800004001C64011070B50500EE
:10216000443504000E0082B004221A492800F0F71A
:1021700035FC01230022A3640C214B33E6540826CE
:102180000133E2540133E2540133E254238AA16360
:1021900001339BB223820A391B040B43FF3629000B
:1021A000E363226428000C32666301F061FD2300C2
:1021B0001C22002120002833FDF7E2FC002806D174
:1021C0000C233200022120000095FDF757FD00206E
:1021D00002B070BD80640110F0B5040083B0022924
:1021E00046D801238B40002A3FD10027DEB22500CC
:1021F0004435082220492800F0F7F0FB4C23002248
:102200001021E65408260133E2540133E25401332D
:10221000E2540133E7540133E2540133E254013311
:10222000E254238AA16301339BB223820E391B043B
:102230000B43FF362900E3632264280010326663F3
:1022400001F016FD23002022002120002833FDF795
:1022500097FC002806D110233200022120000095AF
:10226000FDF70CFD002003B0F0BDDFB23E00BEE77D
:1022700001204042F7E7C0468464011010B50068B1
:1022800000F02EFA013843425841C0B210BDC0469A
:102290000C4B10B583610C4B3A2243610B4B04008D
:1022A00083853523C25402000233C15C2E3230399B
:1022B000406A00F08FFB34230622E254044B0020D6
:1022C000E36310BD19230110A1C40010DC05000058
:1022D000D522011030B583B06C4601236D462380B2
:1022E0005E24AC704D7821342C406D46EC708C78B7
:1022F000C978406A2C716971012A0AD81A40694666
:1023000000F070FB431E98410B234042984303B0FA
:1023100030BD06204042FAE710B50B000A8937218C
:102320000124415C82B0406A3039009400F0F2FA36
:1023300001000020002901D102B010BD0248F2F7CF
:10234000ADF80C204042F7E7C0D7041030B589B093
:10235000002923D10022264B04A904920593254A83
:10236000254B06920793254B254AC418254BC2528C
:10237000254B05AA0293254B00900193200006AB44
:10238000F3F734FC2000F3F73DFD2000F3F740FDA8
:10239000002007A9F2F756FF09B030BD1C4A144BC4
:1023A0007725049205931A4A134B06920793134A12
:1023B0008B019C180A002432920182189572154AEA
:1023C000C31894463031634419700F4B04190293BB
:1023D0000E4B0090019305AA06AB04A92000F3F769
:1023E00005FC2000F3F70EFD2000F3F711FDD3E705
:1023F000FFFFFF00C0A8000108080808D40800007B
:10240000773000000A09000045E200109122011017
:10241000C0A804010B0900000D4B89019C460D4B1F
:1024200061441B6870B54418002B06D00025352682
:102430009C4203D01B68002BFAD170BD2000F3F73B
:1024400095FC6560A5552368002BF1D1F5E7C046E2
:10245000D408000064B50020F0B50C00C646243452
:10246000A40104191F00637A05000E0000B55B0784
:1024700002D480BCB846F0BD94B2C1222100002035
:102480005200F3F7A9FD80460028F2D0390022005F
:10249000F4F782F8084BB601F118084B69189C460E
:1024A000AD19654440462B6898470028E1D0404666
:1024B000F3F70EFFDDE7C046D4080000E408000093
:1024C000044B10B59C46890161444018F3F7C8FCE1
:1024D00010BDC046D4080000044B10B59C468901CD
:1024E00061444018F3F7E6FC10BDC046D408000074
:1024F0000B0024339B01C3185A7A052310B51340EF
:10250000052B09D1064B89019C46401860440068A0
:10251000431E9841023010BD00F01CFCFBE7C04692
:10252000D808000010B5284B82B01B68002B17D0CC
:10253000264C2000FFF7A2FE00283CD1244BE25C91
:10254000002A2BD1234BE25C002A1DD1224BE25CF6
:10255000002A0CD1214B1B68002B03D000F09CFFFC
:1025600002B010BD01212000FEF7F6F8F6E70022C8
:102570002000E254FFF72AFB0122194BE250174BCF
:102580001B68002BEAD1EDE700222000E254FFF7A0
:10259000F1FA114BE25C002ADCD0E8E70022692165
:1025A000E254200000230092FEF796F8094BE25C0B
:1025B000002ACBD0E8E72000FEF764F8044BE25C89
:1025C000002ABFD0EAE7C0464C0B0020540B002085
:1025D000690800006B0800006A080000500B00202A
:1025E0005C08000070B58023D025802604002D06ED
:1025F0005B04AB623604002200211820EEF78AF952
:102600006E62002200211720EEF784F9AE612100EE
:102610002000FDF7F5FF8522002303211201A354BA
:10262000064AA350064AA3501432A152054AA354A5
:10263000054A13600122054BE25070BD58080000A6
:102640005C080000720800004C0B002068080000C5
:10265000F8B5040000F094FF1C4E3368002B32D014
:1026600000212000FFF7D8FE01212000FFF7D4FE53
:102670002000FDF7D3FFD025802380275B042D06A3
:10268000AB620022002118203F04EEF743F900223C
:10269000002117206F62EEF73DF921002000AF61A5
:1026A000FDF7AEFF8522002303211201A354084A3F
:1026B0003360A350074AA3501432A152064AA354D0
:1026C0000122064BE25000F065FFF8BD4C0B0020E4
:1026D000580800005C08000072080000680800004C
:1026E000D0231B065868C001C00F70473222014B2F
:1026F0001A607047500B0020784B70B5C358050026
:102700000C00DB0712D46368452B05D0312B07D8AA
:10271000734A9B00D3589F46724BEA58012A38D01F
:10272000714BEB58714A934225D070BDEFF7B8F961
:10273000002928D0FA2200239200EFF7BFFD010004
:102740006B4B62881800F1F7A9FE6168582900D91F
:1027500091E0684B8A00D358002B00D18BE0190020
:102760006548F1F79BFE2E23E268E35CA1686348AD
:10277000F1F794FEC7E701225B4B00212800EA50E5
:10278000FFF79EFED1E7FA218900EFF759FD01001E
:10279000D6E7A268082A7AD0002AC1D10232EA50CC
:1027A000514BEB58BEE70122554B5648EA5200F018
:1027B0007BFEB5E7A368062B74D00A2B06D8A222AD
:1027C000D200DA40130001221A425BD10422464BA8
:1027D000EA50AAE7A368002BA2D1E368082B9FD197
:1027E0000222474BFF32E0E7A368002B98D16388B1
:1027F000DB0764D52E23E15C002968D180233A4AA7
:10280000DB00A9580B43AB508CE700212800FFF7F1
:1028100063FE0022344BEA5087E7A368002B00D008
:102820007EE7E368022B00D07AE70122364BEA54B8
:10283000344800F039FE2C4BEB5873E7A368002BAB
:102840001DD1294BEA580F2319001140042902D148
:102850009A430E3B1A4380239B001343224AAB50FA
:1028600060E7A368002B00D15AE7032B21D0022296
:102870001D4BEA5059E72548F1F710FE73E7062B88
:10288000A4D14DE7E3680F2BA0D11D4BCFE78623E2
:1028900021001B01E8581E4B3031EB589847124B72
:1028A000EB583FE78023104A1B01A9580B43AB505C
:1028B00038E7E268002ADAD10B4AAB5035E72E231D
:1028C0002800E15CFFF708FE074BEB582AE72800D9
:1028D000FFF7F6FD044BEB5824E7C0465408000010
:1028E0000CD80410580800005C080000010E00001D
:1028F000E4D7041074D90410F8D7041000D80410D9
:102900006A0800002525011069080000FCD70410A2
:1029100064080000F0B557464E464546DE460400C2
:10292000E0B583B098460CAB1B780E009A461700B2
:1029300000F026FE234B00211D6899462000002D43
:1029400014D0FDF709FF53463A0000933100434687
:102950002000FDF767FE050000F01CFE280003B014
:10296000F0BCBB46B246A946A046F0BDFFF754FDF9
:1029700001212000FFF750FD85231B01E554802332
:10298000D0251B049B462D06AB61142000F040FEB1
:102990005B4632206B6100F03BFE00212000FEF719
:1029A0003FF8051ED8D1084B2000E118FDF7FAFFCB
:1029B0003222064B06481A604B46186000F074FD40
:1029C000C1E7C0464C0B002054090000500B00200A
:1029D0002525011010B50020110000F0C7FD0020D2
:1029E00010BDC04670B50D001600040000F0C8FD13
:1029F000320029002000FEF7ABFC040000F0CAFD05
:102A0000200070BDF0B54746CE4680B585B01600B3
:102A100004000D001F0000F0B3FD002E14D0852629
:102A20003601A35D002B29D0012D60D085273F0101
:102A3000E35D01262B411E424CD000F0ABFD05B0FA
:102A4000C0BCB946B046F0BD012DF6D100F098FDEE
:102A5000B74E002135682000002D00D1FDE0FDF7C4
:102A60007BFE00212000FFF779FB00F093FD85221B
:102A700002211201A35C8B43A354DEE700F080FD2A
:102A8000AB4B002198461B6820009946002B65D06F
:102A9000FDF762FE39002000FDF778FE060000F029
:102AA00079FD002EC9D100F06BFD43461E68002160
:102AB0002000002E00D1A6E0FDF74EFE0A23019370
:102AC000093B1422022120000093FEF72BFD00F0A9
:102AD00061FDA9E7AE4029002000FFF79DFC290019
:102AE0002000FFF733FCE35D1E43E655A5E700F049
:102AF00047FD8F4B00211E6898462000002E57D0BE
:102B0000FDF72AFE8B4A8C4BA15C013AA25CE3588C
:102B100002928A4A2000A2180192894AA25C00927D
:102B2000884AA218FFF77EF800F034FD85231B01C8
:102B3000E35C9B0700D4EBE000F022FD43461D68F8
:102B400000212000002D00D1B0E0FDF705FE01219D
:102B50002000FFF703FB00F01DFD6EE7FFF75CFCB4
:102B600001212000FFF758FC4B46A3558023D026B7
:102B70001B04994636061420B36100F049FD4B460C
:102B80003220736100F044FD00212000FDF748FF72
:102B90000028E0D16C4B2000E118FDF703FF322242
:102BA0006A4B6B481A604346186000F07DFC71E781
:102BB000FFF732FC01212000FFF72EFC85231B01CB
:102BC000E6548027D0263F0436061420B761994684
:102BD00000F01EFD3220776100F01AFD0021200078
:102BE000FDF71EFF002800D08AE0574B2000E118B7
:102BF000FDF7D8FE3222554B55481A6043461860FF
:102C000000F052FC7EE7FFF707FC01212000FFF7F0
:102C100003FC85231B01E6548027D0263F0436069B
:102C20001420B76100F0F4FC3220776100F0F0FC72
:102C300000212000FDF7F4FE002800D047E7424BBA
:102C40002000E118FDF7AEFE3222404B40481A60EA
:102C50004346186000F028FC30E7FFF7DDFB012158
:102C60002000FFF7D9FB85231B01E5548027D025E1
:102C70003F042D061420AF6100F0CAFC32206F61C2
:102C800000F0C6FC00212000FDF7CAFE002800D09D
:102C9000EBE62D4B2000E118FDF784FE32222B4B92
:102CA0002B481A60306000F0FFFBDAE6FFF7B4FB58
:102CB00001212000FFF7B0FB85231B01E55480268E
:102CC000D02536042D061420AE6100F0A1FC322080
:102CD0006E6100F09DFC00212000FDF7A1FE0028A0
:102CE00000D038E7184B2000E118FDF75BFE3222D8
:102CF000164B17481A604346186000F0D5FB26E7CC
:102D000000F048FC4B46E35C5B101D4200D013E72B
:102D100001212000FFF780FB01212000FFF716FBB7
:102D2000852202211201A35C0B43A35404E7C04691
:102D30004C0B0020710800006C0800009308000094
:102D4000720800007308000054090000500B0020B6
:102D5000252501100300081E0CD10C4A9B580F2298
:102D60001340012B08D0022B0AD0032B0BD0042BCD
:102D700004D070470020FCE70120FAE70338F8E7A9
:102D800001204042F5E702204042F2E75C080000E3
:102D9000F0B54646D6464F4685250400C0B52D0100
:102DA00084B098460E00170000F0EAFB635DDB0775
:102DB00057D52E4B00219A461B6820009946002BC0
:102DC00021D0FDF7C9FC0F9B3A0003930E9B310005
:102DD00002930D9B200001930C9B00934346FEF74A
:102DE0003FFC051E08D000F0D5FB280004B0E0BC75
:102DF000BA46B146A846F0BD0D9B002B2DD11C4B09
:102E00001C4AE250EFE7FFF707FB01212000FFF724
:102E100003FB4B4663558023D0251B0499462D06A2
:102E2000AB61142000F0F4FB4B4632206B6100F0E4
:102E3000EFFB00212000FDF7F3FD051ED3D10E4B63
:102E40002000E118FDF7AEFD32220C4B0C481A6051
:102E50005346186000F028FBB5E70122044BE2500E
:102E6000C1E7042500F096FB6D42BEE74C0B002045
:102E70005C0800000108000054090000500B00200D
:102E800025250110F0B5C646040000B582B00E003D
:102E900000F076FB204F00213D682000002D10D06F
:102EA000FDF75AFC00230022692120000096FDF75F
:102EB00013FC050000F06EFB280002B080BCB84691
:102EC000F0BDFFF7A9FA01212000FFF7A5FA85233D
:102ED0001B01E5548023D0251B0498462D06AB61C9
:102EE000142000F095FB434632206B6100F090FB0C
:102EF00000212000FDF794FD051EDBD1074B2000CB
:102F0000E118FDF74FFD3222054B06481A60386084
:102F100000F0CAFAC6E7C0464C0B00205409000076
:102F2000500B002025250110F8B54746CE46040079
:102F300080B58846160000F023FB1F4F00213D6836
:102F40002000002D0ED0FDF707FC32004146200086
:102F5000FFF742F9050000F01DFB2800C0BCB94690
:102F6000B046F8BDFFF758FA01212000FFF754FAE8
:102F700085231B01E5548023D0251B0499462D068B
:102F8000AB61142000F044FB4B4632206B6100F033
:102F90003FFB00212000FDF743FD051EDBD1074B61
:102FA0002000E118FDF7FEFC3222054B05481A60AF
:102FB000386000F079FAC8E74C0B00205409000093
:102FC000500B002025250110F0B5DE4657464E4631
:102FD0004546E0B51600DC22924685B04B000293D0
:102FE0005B18DB00C518AA445246834628001268C5
:102FF000CC30009202682B0001921C4A802094463B
:103000000E9C634480021860002C1CD08023DB04DB
:103010009946012398463300D8352E0055469A46E6
:10302000134F03912000EFF7DDF84A4643011343A5
:103030002B6053464246C34013403B433360631EFC
:103040001C40EFD10399029B5B18DB005B441A0024
:103050000099DC321160019ACC331A6005B0F0BCE3
:10306000BB46B246A946A046F0BDC046CC300000E3
:1030700080E00000F0B54E464546DE465746E0B5D6
:1030800083B089460CA984460D781F2A45D8494645
:10309000490088464944C900461837003400DC37E7
:1030A0003868CC3483462068310001901C48802465
:1030B0008246A40251440C6069424D411E216D427A
:1030C0008D4318498A465544052B0CD9A0201F2151
:1030D0004005D836540104430532053B3C600A40A4
:1030E0003560052BF6D852019B06134342464A44ED
:1030F000D20062441000DC3213600300D8331D603C
:103100005B461360019BCC300360002003B0F0BC31
:10311000BB46B246A946A046F0BD05204042F5E7B1
:10312000CC3000009FE00000F0B54E4645465746C3
:10313000DE46E0B58BB00393574B06009846574BDD
:103140000D009946564B574C9A4602924A46564BAA
:103150002C60E718BF0C009200213A004046FB1C8F
:10316000EDF7CEFCB84203DBC01B47B200060DD51D
:10317000544501D04A4CE9E7002300202B600BB0F6
:10318000F0BCBB46B246A946A046F0BDEDF780FCB8
:103190002B68454A9B46052305905A44307943499C
:1031A000120D92000490F356079106928A5801215D
:1031B000814094460139002B36DB2022121A9342BB
:1031C0004DDC0A0060469A40104248D1B07932681E
:1031D000002844D199406046089101423FD10498AB
:1031E00080260024B60100280FD0B84617005A46A2
:1031F00061007D5AB54200D2ED18E1181231890004
:1032000001348D50A042F3D847466246089906988B
:103210000A4307990A50029A05981760039A1360A7
:10322000EDF742FC0120AAE72022131A099316D4D5
:103230000800624698400890104226D01A005B466B
:103240000893049B6046A3469C460C0004E02100C2
:1032500091401300084210D0013AF8D25C4605981C
:10326000EDF722FC104B29689C466144090D89004A
:103270004046C919EDF792FC7AE762460492089A33
:10328000210084465C469346A0E7B279002AE6D145
:1032900004983268A4E7C046180B0020D8DA04105E
:1032A00000002050000030500000E0AFDC0800209B
:1032B00070B50125160002790C009540013D9D4036
:1032C000EDF7E6FB074B084A9C466444240DA40036
:1032D000A358AB43A350EDF7E7FBA1190348EDF763
:1032E0005DFC70BD0000E0AFDC080020180B002082
:1032F00010B5034B01001800EDF750FC10BDC0469F
:103300008CC6002010B5064B064C82B0010000931D
:1033100000220B232000EDF7F3FB02B010BDC046E6
:10332000FCDA04108CC600200300114982015118F8
:103330000868D90241400F4810B501400E48A0244A
:1033400010180160012098400C4BE40518600C4BEC
:10335000802118600B4B4904E0500B4B9C466244A3
:1033600013680B42FCD18023DB00E05010BDC04647
:10337000100000500178000010100050043400507C
:1033800014340050440400000C00005010B50368D1
:1033900001495B6A984710BDAC050020802010B53C
:1033A000402207494004EDF709FB012202211820C1
:1033B000EDF7D8FA0D200121EDF738FC002010BD03
:1033C000E533011010B5002202211820EDF7CAFAEA
:1033D000802003494004EDF713FB002010BDC046D8
:1033E000E5330110D0231B061B6810B55A42534128
:1033F0002F225B429343094A94466344DB6A9B074E
:1034000000D410BD002202211820EDF7ABFA044BC6
:103410000449186803685B6A9847F2E73041014045
:10342000480B0020AC050020164B70B51B6804004B
:10343000002B0ED0144D2A68002A01D0013A2A60D0
:1034400098472B68002B05D1236820000F499B6902
:10345000984770BDEEF724FB00230D4A0B4D8018F2
:1034600059410B008021020009068B4202D3012240
:10347000084B5242EB602368290020005B69AA6078
:103480009847E6E74C0B0020500B0020C0050020B9
:1034900050C30000FFFFFF7F10B50122022118205A
:1034A000EDF760FA10BDC046034B10B5186803492C
:1034B00003685B6A984710BD480B0020AC050020EC
:1034C00010B504000848FFF78DF8084B00221C6077
:1034D0002368200006491B69984723682000054996
:1034E000DB699847012010BD540B0020480B0020D9
:1034F0009D330110AC05002070B50D4D04002B6804
:10350000002B13D003680B499B69984723680A492D
:103510001B6A20009847236800221B690749200086
:1035200098470748FFF794F800232B6070BDC0460A
:10353000480B0020C0050020AC050020C533011059
:10354000540B002010B582B068460C00F1F7BAFCAD
:103550006B460622991C2000EFF740FA01222378DF
:10356000934302221343237002B010BD10B508002C
:1035700006220249EFF732FA10BDC046A814002017
:10358000034B10B5186803685B68984710BDC046C8
:10359000480B0020034B10B5186803689B689847D8
:1035A00010BDC046480B002070B50400EFF3058342
:1035B000002B14D1144B1D68EEF772FA2200002381
:1035C00012184B41802109068B4204D22968280039
:1035D000096B884770BD01220C4B5242F6E70A4B3B
:1035E0001D68EEF75DFA2200002312184B4180217E
:1035F00009068B4202D30122044B5242296828005B
:10360000C96A8847E6E7C046480B0020FFFFFF7FF6
:10361000F8B50F4B06001F68EEF742FAFA220400D5
:103620000D000023920030000021EFF77BF90B0022
:103630000200802112196B4109068B4202D301223C
:10364000044B524239683800C96A8847F8BDC04601
:10365000480B0020FFFFFF7F70B50400094B1D6879
:10366000EEF71EFA2200002312184B4180210906B2
:103670008B4202D30122044B524229682800C96AB6
:10368000884770BD480B0020FFFFFF7F10B530302A
:1036900000F06EFE10BDC0460022452310B50C00A0
:1036A000CA54013BC85CEDF7D3FA2000383000F073
:1036B0002FFE0020002110BD012310B504000B7265
:1036C0004333C05CEDF7C4FA2000383000F020FE30
:1036D00010BDC046F0B5304BD6464F4646461A6838
:1036E0005B6804009A462D4B904645259946C0B527
:1036F00084B02000F1F796F806000F00EEF7D0F93D
:1037000032003B00121A8B41002B29DD46452DD09B
:10371000635D002B08D0A26AE36A30003900801A8A
:103720009941002927DC33D0236C002B03DD216C69
:10373000206AEEF74FF80123A662E7626355002383
:10374000206A02934B463200009301943B00EDF750
:103750007FFF2064236C002B0DDC00236355C8E73A
:10376000002BC6D1002AC4D04645D1D15745CFD170
:10377000236C002B05DC04B0E0BCBA46B146A84679
:10378000F0BD216C206AEEF725F800232364F2E7F0
:103790000028C9D0EFE7C046D04501109936011086
:1037A000F8B5060017003036040030000D0000F0B8
:1037B000DFFD3800A84773790500012B04D03000E5
:1037C00000F0E6FD2800F8BD2000FFF783FFF6E7D4
:1037D00070B544250400405D002814D1236C002BF3
:1037E00003DD216C206AEDF7F5FF25003035280058
:1037F00000F0BEFD280000F0CBFD48220021200093
:10380000EFF7E6F870BD0021EDF710FA0449605DAE
:10381000EDF74AFB605DEDF79FFC00236355DDE7A4
:103820002538011070B5EFF305830C4A2A3B9B0045
:103830009C58002C0DD0250030350021280000F0C8
:1038400087FD002805D06B79012B03D0280000F0FC
:103850009FFD70BD2000FFF73DFFF7E7E409002062
:1038600010B5383000F09CFD10BDC04610001900A6
:1038700010B5EFF30583002B02D0EEF74FF910BD22
:10388000EDF7E2FFFBE7C04610B530304379002B7F
:1038900008D0D02300221B069A560423C3569A420E
:1038A00000D110BD0148EDF7DBF8C0461CDB041069
:1038B00010B5040030346379012B03D0200000F0F0
:1038C00067FD10BDFFF706FFF8E7C04670B50600BC
:1038D0000D0004003036300000F04AFD29002000C1
:1038E000F0F754FF73790500012B04D0300000F08D
:1038F0004FFD280070BD2000FFF7ECFEF6E7C04644
:1039000070B506000D0004003036300000F030FDC8
:1039100029002000F0F74CFF73790500012B04D03B
:10392000300000F035FD280070BD2000FFF7D2FE0A
:10393000F6E7C04670B506000D00040030363000D2
:1039400000F016FD29002000F0F746FF737905000E
:10395000012B04D0300000F01BFD280070BD2000BA
:10396000FFF7B8FEF6E7C04670B506000D0004008C
:103970003036300000F0FCFC29002000F0F73EFF5C
:1039800073790500012B04D0300000F001FD280000
:1039900070BD2000FFF79EFEF6E7C046FF230370D0
:1039A000002343607047C04670B504000D004422F8
:1039B00000210430EFF70CF81B4B23600323238313
:1039C000D0231B061B68A3766868002828D02062D5
:1039D0002000012201213830EDF7DEFB20003030DD
:1039E000EDF71EFC00202E78EDF7C0FB0300002051
:1039F000002B14DB190044250C4A1A398900FF30CA
:103A00008C50184063550A49EDF72AF90121605D91
:103A1000EDF70CF9605D3100EDF730FB012070BD72
:103A2000EDF712FED3E7C0463CDB0410E4090020AA
:103A300025380110F0B557464E46DE4645468446C9
:103A4000E0B583B01F000CAB1878634691460022A6
:103A50001B680190DA6601325960DA66002F4FDD8B
:103A60007A1E90466246127901269202802493467D
:103A70003A00464076028025370000204646102155
:103A8000A2469046AD00341A624254414A4664420E
:103A90003C4000945C46125C2243009C22431A6125
:103AA0005A6B1142FCD052469C58002C10D18642D1
:103AB00021D00022013093468045E4D16346019A2B
:103AC0001A7103B0F0BCBB46B246A946A046F0BD91
:103AD0005A6D012293465A6B2A42FCD01A6E5A46FE
:103AE000002AE6D0002C03D0E30701D42407E5D454
:103AF00001204042E2E7019A002ADAD19346EAE740
:103B00000020DBE7F8B5DE4657464E46454683467D
:103B1000E0B505200C00EEF78DF9060060082100E5
:103B20008019EEF78DFB430098468044070005217D
:103B30004046EEF785FB3B1A9A461E4B81467000C5
:103B400080199C4231D81C49EEF77AFB451C5B4634
:103B50001C680023E366226804335A400233134092
:103B600080225201A21813605346E3614B46236240
:103B7000434601204F2B03D950214046EEF760FB0E
:103B8000A023E050E36F39005D400C4B2D042D0C59
:103B9000E3181D6001233000E366EEF751FBF0BC33
:103BA000BB46B246A946A046F8BD0549EEF748FB1C
:103BB000451CCCE73F420F00809698007C10000027
:103BC00040787D01104A70B5821A53425A4107234A
:103BD00052429A430D4B10321A600D4B0D4C1A6035
:103BE000150023689D432B1EFAD166240268FF341A
:103BF0000571D5661460633C8833FF3CD5639563DB
:103C0000D450FFF77FFF70BDE005002000E00040CA
:103C100000F0004008C0004010B582B004AC247829
:103C20000094FFF707FF02B010BDC04630B5032A6D
:103C300019D903000B43551E9B0710D0002303E046
:103C40005A1C9D4212D01300C25CCC5CA242F7D039
:103C5000101B0CE0043A04300431032A03D9046831
:103C60000B689C42F6D0551E002AE7D1002030BDDB
:103C7000F0B588420AD98B18984207D2531E002A01
:103C800003D0CA5CC254013BFBD2F0BD05000F2A31
:103C90000AD8561E002AF8D00023CC5C1A00EC5437
:103CA00001339642F9D1F0E70324030026000B43C9
:103CB0001E401C4230D11500103D2D0903000C00A0
:103CC000AC462F013F1825681D6065685D60A568DA
:103CD0009D60E5681034DD601D001033BD42F2D1F7
:103CE00065460F230C2401352D0149191340451950
:103CF000144213D08C59AC5104369C1B032CF9D8B8
:103D0000043B9B0801339B00ED18C91803231A409C
:103D1000561E002AC0D1B8E7561EBDE71A00B8E704
:103D200010B583070AD00300032102E001330B42E0
:103D300005D01A78002AF9D1181A10BD03001968A5
:103D40000C4A0D4C8A188A4322420FD15968094AFD
:103D500004338A188A43224208D15968054A043339
:103D60008A188A432242F1D000E001331A78002AEF
:103D7000FBD1E1E7FFFEFEFE8080808030B5002AA7
:103D800028D003000B439B0713D1032A11D9134DED
:103D90000BE0043A002A1DD0114C1C199C432C4204
:103DA00018D104300431032A03D903680C68A342F4
:103DB000EFD004780D78A5420ED1012A0AD0012354
:103DC00006E0C45CCD5CAC4206D101339A4201D01E
:103DD000002CF6D1002030BD601BFCE78080808085
:103DE000FFFEFEFEF0B5DE46574645464E46E0B5C0
:103DF000AB4C8346A5448A4614001D00012B00D815
:103E000048E1012001260021012201238446764257
:103E100006E09A1B9446190001228B189D420ED988
:103E2000A019E75C805C8742F3D300D18EE00123C8
:103E300001220E0001319C468B189D42F0D863464A
:103E4000009301239C46023B9846280000214546EA
:103E50000122B04602336646844605E0190001227D
:103E60005E1B8B189C450CD9A718E05C7F5D8742D0
:103E7000F4D370D001220D0001318B1801269C452E
:103E8000F2D86346B4464646A8461D004346721C17
:103E900001339146934202D3624699460092FFAAAB
:103EA00002AB0C3220C39342FCD1002D0BD0230077
:103EB000681E2E1920181A78C11A920002AF013319
:103EC000B9509E42F7D1009B4A462000E118FFF707
:103ED000ADFE002800D07BE0002398465346591BD6
:103EE00080231B012B4301932B006F1E00264546A8
:103EF0000800984608E0002D04D0009A934201D2B1
:103F000043469B1A00259E19B04229D35B46991956
:103F1000CB5D02AA9B00D358002BECD12B004D4562
:103F200000D24B46BB4231D28446080002E0013346
:103F3000BB4229D2E15CC25C9142F8D001006046EC
:103F40009F4223D94A46B61A0136DBE7624500D1C3
:103F50009BE0013261E7964200D193E0013280E7B5
:103F600058460199504400F0BDF9824453464246F8
:103F7000981AB042CAD200204A4B9D44F0BCBB46BE
:103F8000B246A946A046F0BD010060464B46013B43
:103F90004D457DD28446080003E05A1E9D4210D054
:103FA0001300E15CC25C9142F7D00100604601332E
:103FB00001359D420AD8009B42469C46D51A66446C
:103FC000A2E70135010060469D42F4D90800D3E71D
:103FD0004B46EB1A4B4553D3013300935346591BC1
:103FE00080231B012B430026984608006F1EB04219
:103FF0000AD35B469919CB5D02AA9B00D358002BCC
:1040000014D09E19B042F4D258464146504400F0B4
:1040100069F982445346581BB042ACD35B469919A8
:10402000CB5D02AA9B00D358002BEAD14B46B94581
:1040300014D28446080002E00133BB420CD2E15C9A
:10404000C25C9142F8D001006046BB4206D24A46AB
:10405000B61A01369E19D5E7010060464B46013B72
:10406000B4D38446080002E0013B00D284E7E15C5F
:10407000C25C9142F8D0009B60469C466644B6E71D
:104080004B46A9E701228919EBE689180122C4E60B
:104090004B468DE70123009300239946FFE6C04677
:1040A000F4FBFFFF0C040000F0B5CE46474680B598
:1040B0000E0009780500040091B0002958D07278EC
:1040C000002A00D178E0B078002857D013020B43C3
:1040D00007041F43F3789C461B063B436746002FAB
:1040E00000D180E03279002A6AD03000FFF718FE54
:1040F0008021890007000143280000F0F3F887427F
:104100004AD8FE2F00D985E0C01B80464022684671
:10411000791CA844EEF75CFC002F0FD0BA19944626
:104120003F2233009146F8B2301849466C461A785F
:104130000A40C11A0133A1549C45F6D12C003F25F9
:104140006A46013CE35D2B40D35CE418A04503D2F2
:1041500024E04C44A04521D36A46E35D31002B4066
:10416000D35C20003A009946FFF760FD0028F0D1AB
:10417000200011B0C0BCB946B046F0BD09041143DF
:1041800000232A7806E02C001B04013513432A780B
:1041900099423DD0002AF6D10024E9E74346D819D8
:1041A000DB5D002BF8D08021090100F09BF88044F2
:1041B000A045C5D20024DBE700F034F80400D7E7BF
:1041C0002A78002AE8D019BA002301E0994208D0E1
:1041D0002C001B02013513432A78002AF6D199429C
:1041E000DAD1033CC4E71204090611432A7800021D
:1041F0000143002AD0D0002301E0002ACCD02C00BB
:10420000134301351B022A788B42F6D1023CAFE7FB
:10421000013CADE701003B0032002800FFF7E2FD62
:104220000400A5E7CAB2F0B5002A35D003248307FD
:104230002DD1FF2319400B025B181D041D432C00D8
:104240000168264E4C408B198B43A119A143244E83
:104250000B43334211D14168204F0C00CB196C4005
:104260008B43E119A1430B4304303342F3D003786D
:10427000002B05D09A4204D001300378002BF9D1ED
:104280000020F0BD9342FCD001302042D1D0037811
:10429000002BF7D10020F4E7830708D0032202E0C7
:1042A0000130104203D00378002BF9D1E9E702680E
:1042B0000A4B0B49D31893430B4206D14268074B74
:1042C0000430D31893430B42F8D00378002BD8D096
:1042D00043780130002BFBD1D3E7C046FFFEFEFE42
:1042E0008080808010B503004418002903D109E0C4
:1042F00001339C4204D01A78002AF9D1181A10BD53
:10430000201AFCE70020FAE7F8B5C04600000000DC
:1043100001B40248844601BC604700BF4901002047
:1043200001B40248844601BC604700BFF503002089
:1043300001B40248844601BC604700BFD50200209A
:1043400001B40248844601BC604700BFC504002098
:1043500001B40248844601BC604700BF85020020CA
:1043600001B40248844601BC604700BFC504002078
:1043700001B40248844601BC604700BF950100209B
:1043800001B40248844601BC604700BFE901002037
:1043900001B40248844601BC604700BFFD02002012
:1043A00001B40248844601BC604700BFE100002020
:1043B000B51F0010E11F0010D5210010C129001009
:1043C0005928001065290010FD200010FD1F001065
:1043D0001D20001031200010C911001039200010DC
:1043E0006D1500107D1F0010090C0010B54E001057
:0443F000FD020010BA
:1043F800474554202F70696E2F6F6E004745542033
:104408002F70696E2F6F6666000000005769466955
:1044180020696E6974206661696C00005769466995
:104428002074727920256400477138323034313471
:104438000000000068616D696D656C6F6E000000BA
:10444800426164417574680054696D656F757400E4
:104458004572723A256400005769466920666169A9
:104468006C65640044484350204661696C6564008B
:10447800523A256400000000495020446F6E6500E0
:104488002530327825303278253032782530327828
:10449800253032782530327800000000544350200F
:1044A800616C6C6F63206661696C00005443502036
:1044B80062696E64206661696C0000005443502094
:1044C8006C697374656E206661696C00496E697405
:1044D80020446F6E65000000485454502F312E312F
:1044E80020323030204F4B0D0A436F6E74656E7466
:1044F8002D547970653A20746578742F68746D6CE2
:104508000D0A0D0A3C21444F435459504520485444
:104518004D4C3E3C68746D6C3E3C686561643E3C45
:104528002F686561643E3C626F64793E3C68313E49
:104538005475726E206F6E2F6F6666205069636FB8
:104548002057204C45443C2F68313E3C612068721E
:1045580065663D222F70696E2F6F6E223E4F6E3C4E
:104568002F613E3C6120687265663D222F70696E3E
:104578002F6F6666223E4F66663C2F613E3C2F6277
:104588006F64793E3C2F68746D6C3E0004004000F7
:1045980006004000020020000A2A2A2A2050414E24
:1045A8004943202A2A2A0A004E6F20757365722013
:1045B800495251732061726520617661696C61624C
:1045C8006C65000000000000FFFFFFFFFFFFFF7F9A
:1045D800486172647761726520616C61726D202533
:1045E8006420616C726561647920636C61696D65D2
:1045F800640000004861726420617373657274001E
:104608006D697373696E6720646F75626C65206687
:10461800756E6374696F6E0052656C6561736500D1
:10462800626F6F74325F7732357130383000000056
:10463800322E322E300000007069636F5F77000001
:104648006D795F70726F6A656374000041707220E3
:10465800313920323032360006005250D3F07542DC
:104668002046011006005250E182887F284601103A
:1046780006005250ABB36053384601100600525042
:10468800BBFF3CB64046011006005250861C030290
:1046980048460110060052505422A29D544601106B
:1046A80005005250DE65F468ACE00410666E692BB4
:1046B80000000000666E69006E616E00666E692D0E
:1046C800000000007A350010303500103035001039
:1046D80072350010303500103035001030350010BC
:1046E80030350010303500103035001030350010EE
:1046F8006A35001030350010643500103035001070
:10470800303500105C350010D03600108C350010A4
:10471800C43600108C350010B23600108C350010ED
:104728008C3500108C3500108C3500108C3500103D
:104738008C3500108C350010823500108C35001037
:104748008C3500108C3500108C3500108C3500101D
:104758008235001012370010D4350010D4350010FF
:10476800D4350010D4350010D4350010D4350010DD
:10477800D4350010D4350010D4350010D4350010CD
:10478800D4350010D4350010D4350010D4350010BD
:10479800D4350010D4350010D4350010D4350010AD
:1047A800D4350010D4350010D4350010D43500109D
:1047B800D4350010D4350010D4350010D43500108D
:1047C800D4350010D4350010D4350010D43500107D
:1047D800D435001074360010E0360010743600101E
:1047E800D4350010D4350010D4350010D43500105D
:1047F800D4350010D4350010D4350010D43500104D
:10480800D4350010D4350010D4350010D43500103C
:10481800D4350010D4350010D4350010D43500102C
:104828002C390010D4350010D4350010D4350010C0
:10483800D4350010D4350010D4350010D43500100C
:10484800D4350010D43500102C390010263700104C
:104858002C39001074360010E03600107436001041
:10486800000000000000F03F0000000000002440AD
:1048780000000000000059400000000000408F4088
:10488800000000000088C34000000000006AF840F3
:104898000000000080842E4100000000D012634117
:1048A8000000000084D797410000000065CDCD418D
:1048B8000D0A00005541525420737464696E00005B
:1048C80055415254207374646F75740055415254A5
:1048D80020737464696E202F207374646F7574007C
:1048E8000600525053B4F4A1D448011008005250A5
:1048F800120000000800525092100000646E7320ED
:10490800736572766572206F7574206F66206172A8
:1049180072617900617272617920696E64657820CC
:104928006F7574206F6620626F756E647300000087
:10493800756E6B6E6F776E20646E735F7461626CF8
:104948006520656E7472792073746174653A00002D
:104958006D656D5F667265653A2073616E6974791D
:1049680020636865636B20616C69676E6D656E7442
:10497800000000006D656D5F667265653A20696CC0
:104988006C6567616C206D656D6F72790000000061
:104998006D656D5F667265653A20696C6C65676107
:1049A8006C206D656D6F72793A20646F75626C6505
:1049B80020667265650000006D656D5F66726565ED
:1049C8003A20696C6C6567616C206D656D6F7279F2
:1049D8003A206E6F6E2D6C696E6B65643A20646F59
:1049E80075626C652066726565000000706C75679D
:1049F8005F686F6C65733A206D656D203C2072614D
:104A08006D5F656E640000006D656D5F7472696D41
:104A18003A206C6567616C206D656D6F7279000076
:104A28006D656D5F7472696D2063616E206F6E6C69
:104A38007920736872696E6B206D656D6F7279008D
:104A4800696E76616C6964206E6578742070747222
:104A5800000000006D656D5F6D616C6C6F633A20DE
:104A6800616C6C6F6361746564206D656D6F7279DC
:104A7800206E6F742061626F76652072616D5F656C
:104A88006E642E006D656D5F6D616C6C6F633A20AE
:104A9800616C6C6F6361746564206D656D6F7279AC
:104AA8002070726F7065726C7920616C69676E65D1
:104AB800642E0000696E76616C696420706F6F6C9B
:104AC80020646573630000006D656D705F6D616CD7
:104AD8006C6F633A206D656D702070726F706572CF
:104AE8006C7920616C69676E656400006D656D7036
:104AF8005F667265653A206D656D2070726F7065CE
:104B0800726C7920616C69676E656400CC4B01102A
:104B1800BC4B0110AC4B01109C4B01108C4B01108D
:104B28007C4B01106C4B01105C4B01104C4B01107D
:104B38003C4B0110E4B40020FC0518005C1C00206C
:104B480044B50020D8B400201000100000AC0020AC
:104B580040B50020FCB4002010000500A8AD0020DE
:104B68004CB50020CCB4002010000800D81B002051
:104B78003CB50020C0B4002018000F006C1A0020BB
:104B880038B50020F0B400202000050004AD002056
:104B980048B5002020B500201000200018B20020E1
:104BA80058B5002014B500201C000800FCAD0020FA
:104BB80054B5002008B50020A4000500E0AE002090
:104BC80050B500202CB50020280004001CB400209B
:104BD8005CB500206E6574696620616C72656164FD
:104BE8007920616464656400746F6F206D616E790B
:104BF800206E65746966732C206D61782E2073753C
:104C080070706F72746564206E756D62657220696C
:104C18007320323535000000706275665F66726514
:104C2800653A20702D3E726566203E2030000000F7
:104C380070632D3E637573746F6D5F667265655F33
:104C480066756E6374696F6E20213D204E554C4C1D
:104C580000000000696E76616C6964207062756698
:104C68002074797065000000706275665F616C6C15
:104C78006F633A206572726F6E656F757320747911
:104C880070650000706275665F7265616C6C6F6359
:104C98003A207020213D204E554C4C0070627566BC
:104CA8005F7265616C6C6F633A207120213D204E04
:104CB800554C4C006D656D5F7472696D207265743A
:104CC80075726E65642072203D3D204E554C4C0037
:104CD8006D656D5F7472696D2072657475726E654D
:104CE80064207220213D2071000000007020213DC9
:104CF800204E554C4C000000706275662072656647
:104D0800206F766572666C6F77000000437265618C
:104D180074696E6720616E20696E66696E69746574
:104D2800206C6F6F70000000702D3E746F745F6CA4
:104D3800656E203D3D20702D3E6C656E20286F66A7
:104D4800206C617374207062756620696E206368D8
:104D580061696E29000000006F66667365745F7490
:104D68006F203C3D20705F746F2D3E6C656E0000B7
:104D78006F66667365745F66726F6D203C3D207068
:104D88005F66726F6D2D3E6C656E000070627566B1
:104D98005F74616B653A20696E76616C6964207036
:104DA80062756600646964206E6F7420636F707941
:104DB80020616C6C20646174610000006368656345
:104DC8006B20706275665F736B69702072657375AE
:104DD8006C740000706275665F636F70792066613D
:104DE800696C65640000000070636220213D204EFC
:104DF800554C4C007463705F667265653A204C4987
:104E08005354454E000000007463705F7570646110
:104E180074655F7263765F616E6E5F776E643A2069
:104E2800696E76616C696420706362006E65775F95
:104E38007263765F616E6E5F776E64203C3D2030F2
:104E48007866666666000000646F6E27742063618A
:104E58006C6C207463705F72656376656420666F3E
:104E680072206C697374656E2D7063627300000044
:104E78007463705F736C6F77746D723A20616374DA
:104E8800697665207063622D3E73746174652021B4
:104E98003D20434C4F534544000000007463705F4D
:104EA800736C6F77746D723A2061637469766520EC
:104EB8007063622D3E737461746520213D204C49F6
:104EC8005354454E000000007463705F736C6F7735
:104ED800746D723A20616374697665207063622D1F
:104EE8003E737461746520213D2054494D452D570A
:104EF800414954007463705F736C6F7774696D72A5
:104F08003A2070657273697374207469636B696E93
:104F180067207769746820696E2D666C69676874A4
:104F280020646174610000007463705F736C6F7754
:104F380074696D723A20706572736973742074694C
:104F4800636B696E67207769746820656D70747922
:104F58002073656E642062756666657200000000E5
:104F68007463705F736C6F77746D723A206D6964E7
:104F7800646C652074637020213D207463705F61E8
:104F880063746976655F7063627300007463705F51
:104F9800736C6F77746D723A2066697273742070DF
:104FA8006362203D3D207463705F61637469766558
:104FB8005F706362730000007463705F736C6F7777
:104FC800746D723A2054494D452D5741495420700B
:104FD80063622D3E7374617465203D3D2054494DD4
:104FE800452D5741495400007463705F736C6F77A7
:104FF800746D723A206D6964646C65207463702006
:10500800213D207463705F74775F70636273000082
:105018007463705F736C6F77746D723A206669722F
:10502800737420706362203D3D207463705F7477F1
:105038005F706362730000007463705F7365675F1D
:10504800636F70793A20696E76616C696420736564
:1050580067000000696E76616C696420736F636B2A
:10506800657420737461746520666F72207265635D
:10507800762063616C6C6261636B00007463705FBF
:105088007063625F72656D6F76653A20696E7661EE
:105098006C696420706362007463705F7063625F40
:1050A80072656D6F76653A20696E76616C69642009
:1050B8007063626C69737400756E73656E742073C7
:1050C80065676D656E7473206C65616B696E6700EA
:1050D800756E61636B6564207365676D656E747367
:1050E800206C65616B696E67000000006F6F736507
:1050F80071207365676D656E7473206C65616B698B
:105108006E670000646F6E27742063616C6C207496
:1051180063705F61626F72742F7463705F61626144
:105128006E646F6E20666F72206C697374656E2D85
:1051380070636273000000007463705F616363658D
:1051480070745F6E756C6C3A20696E76616C696418
:1051580020706362000000007463705F636C6F739B
:10516800655F73687574646F776E3A20696E7661EF
:105178006C696420706362007063622D3E666C61C6
:10518800677320262054465F5258434C4F5345447A
:10519800000000007463705F667265655F6C697318
:1051A80074656E3A20214C495354454E0000000066
:1051B8007463705F6E6578745F6973733A20696EA3
:1051C80076616C6964207063620000007463705FCC
:1051D8006566665F73656E645F6D73735F6E657435
:1051E80069663A20696E76616C6964206473745FDD
:1051F8006970000068C6002060C600205CC60020F8
:1052080070C6002003060C18306078000102030401
:105218000506070707070707070000007463705FA4
:1052280070617273656F70743A20696E76616C692B
:1052380064207063620000007463705F6F6F735F57
:10524800696E736572745F7365676D656E743A2015
:10525800696E76616C69642063736567000000009D
:105268007063622D3E736E645F71756575656C65FC
:105278006E203E3D20706275665F636C656E286EB9
:105288006578742D3E7029007463705F726563657C
:105298006976653A2076616C696420717565756513
:1052A800206C656E677468007463705F726563650F
:1052B8006976653A2077726F6E67207374617465DA
:1052C80000000000696E7365672E7020213D204E36
:1052D800554C4C00696E73616E65206F6666736528
:1052E800742100007062756620746F6F2073686F98
:1052F800727421007463705F726563656976653ADC
:10530800207365676D656E74206E6F7420747269A2
:105318006D6D656420636F72726563746C79207457
:105328006F207263765F776E640000007463705F4D
:10533800726563656976653A207365676D656E7435
:10534800206E6F74207472696D6D656420636F726E
:10535800726563746C7920746F206F6F7365712048
:1053680071756575650000007463705F72656365CB
:105378006976653A207463706C656E203E207263AE
:10538800765F776E640000007463705F72656365B2
:105398006976653A206F6F736571207463706C6508
:1053A8006E203E207263765F776E64007463705F70
:1053B800696E7075743A20696E76616C69642070E4
:1053C80062756600702D3E6E65787420213D204E12
:1053D800554C4C00702D3E6C656E203D3D203000D4
:1053E800702D3E746F745F6C656E203D3D20702D8E
:1053F8003E6E6578742D3E746F745F6C656E000048
:105408007463705F696E7075743A2061637469764D
:1054180065207063622D3E737461746520213D20A0
:10542800434C4F53454400007463705F696E707558
:10543800743A20616374697665207063622D3E73E7
:105448007461746520213D2054494D452D574149CB
:10545800540000007463705F696E7075743A20615F
:105468006374697665207063622D3E737461746538
:1054780020213D204C495354454E00007463705F11
:10548800696E7075743A207063622D3E6E6578742B
:1054980020213D2070636220286265666F72652056
:1054A80063616368652900007463705F696E707575
:1054B800743A207063622D3E6E65787420213D2019
:1054C8007063622028616674657220636163686531
:1054D800290000007463705F696E7075743A205417
:1054E800494D452D57414954207063622D3E7374D0
:1054F800617465203D3D2054494D452D574149541F
:10550800000000007463705F696E7075743A2070F3
:1055180063622D3E737461746520213D20434C4FB6
:10552800534544007063622D3E736E645F71756508
:1055380075656C656E203E20300000006E6F20732C
:1055480065676D656E7420746F206672656500000E
:105558007063622D3E6C697374656E65722D3E6171
:10556800636365707420213D204E554C4C0000004B
:105578007063622D3E726566757365645F646174FD
:1055880061203D3D204E554C4C000000468D0010DA
:10559800468D00100E920010AE930010EA91001094
:1055A80004930010AC920010EA910010649300106C
:1055B800729200107463705F6372656174655F73E3
:1055C80065676D656E743A20696E76616C696420F2
:1055D800706362007463705F6372656174655F73A2
:1055E80065676D656E743A20696E76616C696420D2
:1055F8007062756600000000702D3E746F745F6CF9
:10560800656E203E3D206F70746C656E0000000072
:105618006F7074696F6E73206E6F742066696C6C3E
:10562800656400007463705F6F75747075745F6390
:105638006F6E74726F6C5F7365676D656E743A2018
:10564800696E76616C69642070627566000000009E
:105658007463705F6F75747075745F616C6C6F6381
:105668005F6865616465723A20696E76616C696429
:105678002070636200000000636865636B207468D3
:105688006174206669727374207062756620636144
:105698006E20686F6C642073747275637420746311
:1056A800705F6864720000007463705F7772697479
:1056B800653A207062756673206F6E207175657526
:1056C80065203D3E206174206C65617374206F6EA7
:1056D80065207175657565206E6F6E2D656D7074CA
:1056E800790000007463705F77726974653A206EA0
:1056F8006F207062756673206F6E207175657565B1
:10570800203D3E20626F7468207175657565732051
:10571800656D7074790000006D73735F6C6F636101
:105728006C20697320746F6F20736D616C6C00005E
:10573800696E636F6E73697374656E74206F7665D6
:105748007273697A652076732E20737061636500C1
:10575800696E636F6E73697374656E74206F7665B6
:105768007273697A652076732E206C656E0000006E
:105778006E65656420756E636861696E6564207026
:10578800627566007463705F77726974653A205257
:105798004F4D2070627566732063616E6E6F742062
:1057A8006265206F76657273697A6564000000002F
:1057B800756E73656E745F6F76657273697A65204E
:1057C8006D69736D6174636820287063622D3E751E
:1057D8006E73656E74206973204E554C4C29000019
:1057E8006F76657273697A65203D3D203000000050
:1057F800707265765F73656720213D204E554C4C6D
:10580800000000007463705F77726974653A206302
:10581800616E6E6F7420636F6E636174656E617420
:1058280065207768656E207063622D3E756E7365BE
:105838006E7420697320656D707479007463705F8D
:1058480077726974653A20657874656E73696F6EEE
:10585800206F66207265666572656E636520726585
:10586800717569726573207265666572656E6365C8
:10587800000000007463705F77726974653A20767F
:10588800616C6964207175657565206C656E6774F7
:10589800680000007463705F73706C69745F756E84
:1058A80073656E745F7365673A20696E76616C69BB
:1058B800642070636200000043616E277420737077
:1058C8006C6974207365676D656E7420696E746F9A
:1058D800206C656E677468203000000073706C6916
:1058E80074203C3D206D7373000000007463705F8A
:1058F80073656E645F66696E3A20696E76616C697D
:1059080064207063620000007365672D3E746370E5
:10591800686472206E6F7420616C69676E656400DC
:105928007463705F656E71756575655F666C6167D8
:10593800733A20696E76616C6964207365676D657A
:105948006E74206C656E6774680000007463705F25
:10595800656E71756575655F666C6167733A206918
:105968006E76616C6964207175657565206C656E0D
:10597800677468007463705F656E71756575655FDF
:10598800666C6167733A206E656564206569746842
:105998006572205443505F53594E206F7220544310
:1059A800505F46494E20696E20666C6167732028F7
:1059B80070726F6772616D6D65722076696F6C6168
:1059C8007465732041504929000000007463705FBA
:1059D800656E71756575655F666C6167733A206998
:1059E8006E76616C69642070636200007463705F36
:1059F800656E71756575655F666C6167733A20637E
:105A08006865636B207468617420666972737420BA
:105A1800706275662063616E20686F6C64206F70B9
:105A2800746C656E000000007463705F7265786D59
:105A380069745F72746F5F707265706172653A2025
:105A4800696E76616C696420706362007463705F6C
:105A58007265786D69743A20696E76616C69642044
:105A6800706362007463705F7265786D69745F66F5
:105A78006173743A20696E76616C69642070636240
:105A8800000000007463705F7273743A20696E7668
:105A9800616C6964206C6F63616C5F697000000001
:105AA8007463705F7273743A20696E76616C6964AE
:105AB8002072656D6F74655F697000007463705F54
:105AC80073656E645F656D7074795F61636B3A20AE
:105AD800696E76616C696420706362007463705FDC
:105AE8006F75747075743A20696E76616C6964209C
:105AF80070636200646F6E27742063616C6C20743D
:105B080063705F6F757470757420666F72206C694E
:105B18007374656E2D7063627300000052535420D5
:105B28006E6F74206578706563746564206865724B
:105B3800652100007463705F7265786D69745F72C7
:105B4800746F5F636F6D6D69743A20696E76616C0E
:105B580069642070636200007463705F7265786DB9
:105B680069745F72746F3A20696E76616C6964203B
:105B7800706362007463705F6B656570616C6976F1
:105B8800653A20696E76616C696420706362000012
:105B98007463705F7A65726F5F77696E646F775F41
:105BA80070726F62653A20696E76616C6964207004
:105BB800636200007379735F74696D656F75743A19
:105BC8002074696D656F757420213D204E554C4CCD
:105BD8002C20706F6F6C204D454D505F5359535FAB
:105BE80054494D454F555420697320656D7074793B
:105BF8000000000054696D656F75742074696D65E7
:105C080020746F6F206C6F6E672C206D617820692F
:105C180073204C5749505F55494E5433325F4D41BC
:105C2800582F34206D73656373000000FA0000007C
:105C380015790010E803000015D10010E8030000F2
:105C480015BF00106400000085CE0010E8030000B6
:105C5800695200107564705F696E7075743A2069D6
:105C68006E76616C69642070627566007564705F39
:105C7800696E7075743A20696E76616C6964206E1D
:105C88006574696600000000706275665F72656D14
:105C98006F76655F686561646572206661696C65C9
:105CA80064000000636865636B2074686174206633
:105CB8006972737420706275662063616E20686F04
:105CC8006C6420737472756374207564705F6864A3
:105CD800720000006172705F7461626C655B695D7F
:105CE8002E71203D3D204E554C4C00006172705F76
:105CF8007461626C655B695D2E7374617465203DC7
:105D08003D204554484152505F53544154455F45E6
:105D18004D505459000000006E6574696620213D9D
:105D2800204E554C4C000000636865636B20746816
:105D3800617420666972737420706275662063618D
:105D48006E20686F6C642073747275637420657458
:105D5800686172705F686472000000006E65746943
:105D6800662D3E6877616464725F6C656E206D7540
:105D78007374206265207468652073616D652061A5
:105D880073204554485F4857414444525F4C454E40
:105D980020666F72206574686172702100000000CF
:105DA8006172705F7461626C655B6172705F696477
:105DB800785D2E7374617465203E3D2045544841DA
:105DC80052505F53544154455F535441424C45002F
:105DD80069706164647220213D204E554C4C00006E
:105DE8006574685F72657420213D204E554C4C00E7
:105DF8006E657469662D3E6877616464725F6C6570
:105E08006E203D3D204554485F4857414444525F09
:105E18004C454E0074797065206F766572666C6FBC
:105E2800770000006E6F207061636B657420717578
:105E38006575657320616C6C6F776564210000007F
:105E48007120213D204E554C4C00000069636D7057
:105E58005F696E7075743A206D6F76696E6720722F
:105E68002D3E7061796C6F616420746F2069636D79
:105E78007020686561646572206661696C6564009C
:105E880069636D705F696E7075743A2072657374BA
:105E98006F72696E67206F726967696E616C2070D6
:105EA8002D3E7061796C6F6164206661696C656410
:105EB80000000000636865636B2074686174206685
:105EC8006972737420706275662063616E20686FF2
:105ED8006C642069636D70206D657373616765001C
:105EE80069676D705F73656E643A20636865636B9C
:105EF80020746861742066697273742070627566B4
:105F08002063616E20686F6C6420737472756374AB
:105F18002069676D705F6D736700000069676D7059
:105F28005F6C6F6F6B75705F67726F75703A206129
:105F38006C6C206578636570742066697273742070
:105F480067726F7570206D757374206E6F74206240
:105F58006520616C6C73797374656D730000000063
:105F680070637220213D204E554C4C00707265764E
:105F780020213D2069707200707265762D3E6E6535
:105F88007874203D3D20697072000000706275666B
:105F9800735F6672656564202B20636C656E203CB8
:105FA8003D203078666666660000000073616E69A1
:105FB800747920636865636B206C696E6B65642017
:105FC8006C6973740000000069705F7265617373B7
:105FD8005F70627566636F756E74203E3D207062F7
:105FE8007566735F667265656400000073616E694B
:105FF800747920636865636B0000000076616C69E2
:10600800646174655F646174616772616D3A6E653D
:1060180078745F70627566213D4E554C4C000000E7
:1060280069705F72656173735F70627566636F75BF
:106038006E74203E3D20636C656E00006E6F7420A8
:106048006669727374616C74686F756768206A75C5
:10605800737420656E71756575656400746869731D
:10606800206E656564732061207062756620696EB4
:10607800206F6E652070696563652100702D3E6C28
:10608800656E203E3D20706F66660000702D3E7282
:106098006566203D3D203100636865636B20746848
:1060A800617420666972737420706275662063611A
:1060B8006E20686F6C6420737472756374206970E5
:1060C8005F68647200000000FFFFFFFF000000002F
:1060D8006E657469662D3E6877616464725F6C658D
:1060E8006E206D757374206265203620666F72208D
:1060F80065746865726E65745F6F75747075742108
:10610800000000000000000000000000FFFFFFFF8B
:10611800FFFF000063797734335F726561645F6203
:1061280079746573206572726F72202564000000AF
:106138004061011006FF00000160401080E042B09D
:10614800014084105B43595734335D2063797734B9
:10615800335F6B736F5F736574282564293A206613
:1061680061696C65640A00005B43595734335D20EC
:10617800427573206572726F7220636F6E64697402
:10618800696F6E2064657465637465642030782572
:10619800780A00005B43595734335D206572726F8B
:1061A800723A20686472206D69736D617463682047
:1061B80025303478205E20253034780A000000002D
:1061C8005B43595734335D205354414C4C28257553
:1061D8003B25752D2575293A2074696D656F757491
:1061E8000A0000005B43595734335D20646F5F69D0
:1061F8006F63746C3A20676F7420756E657870658C
:1062080063746564207061636B65742025640A009B
:106218005B43595734335D20646F5F696F63746CF7
:106228002825752C2025752C202575293A20746978
:106238006D656F75740A00005B43595734335D20F0
:10624800636F7265206E6F7420696E207265736566
:10625800740000006275733A7478676C6F6D0000A3
:106268006170737461000000616D7064755F6261D4
:106278005F7773697A650000616D7064755F6D7032
:1062880064750000616D7064755F72785F66616344
:10629800746F72006273736366673A6576656E74CD
:1062A8005F6D7367730000005B43595734335D209B
:1062B8004661696C656420746F2073746172742020
:1062C800435957343300000056657273696F6E3A4C
:1062D800200000005B43595734335D20636F756CB1
:1062E80064206E6F742066696E642076616C6964E0
:1062F800206669726D776172650000005B435957CB
:1063080034335D2074696D656F75742077616974C5
:10631800696E6720666F7220414C5020746F20624E
:1063280065207365740000005B43595734335D2062
:10633800636F7265206E6F74207570005B435957E8
:1063480034335D204854206E6F742072656164791F
:10635800000000005B43595734335D204632206EFD
:106368006F74207265616479000000005B435957BF
:1063780034335D20434C4D206C6F61642066616945
:106388006C6564006375725F6574686572616464E6
:10639800720000006D636173745F6C697374000050
:1063A800706D325F736C6565705F726574000000B4
:1063B80062636E5F6C695F62636E000062636E5F4A
:1063C8006C695F6474696D006173736F635F6C6996
:1063D8007374656E000000006273736366673A73D6
:1063E80075705F77706100006273736366673A73F4
:1063F80075705F777061325F6561707665720000F5
:106408006273736366673A7375705F7770615F7400
:106418006D6F00007361655F70617373776F72648D
:10642800000000006D6670006A6F696E0000000071
:106438006273736366673A73736964006273736344
:1064480066673A77736563006273736366673A7762
:1064580070615F61757468007361655F6D61785F15
:106468007077655F6C6F6F700000000032675F6D5A
:106478007261746500000000627373006770696F71
:106488006F7574000000000065140000911300008F
:106498009113000091130000911300009113000064
:1064A8009113000091130000911300009113000054
:1064B8009113000091130000911300009113000044
:1064C8009113000091130000911300009113000034
:1064D8009113000091130000911300009113000024
:1064E8009113000091130000911300009113000014
:1064F8009113000091130000911300009113000004
:1065080091130000004800476514000000000000D7
:106518000000000000000000000000000000000073
:106528000000000000000000000000000000000063
:106538000000000000000000000000000000000053
:106548000000000000000000000000000000000043
:106558000000000000000000000000000000000033
:106568000000000000000000000000000000000023
:106578000000000044425050186001000000000074
:1065880000000000C51B0000C51B0000C51B000063
:10659800C51B0000C51B0000C51B0000C51B000073
:1065A800D9130000D513000015140000DD3D0000CC
:1065B800793900003B330000D93D0000C93500009F
:1065C800B13900001D3E00004FD50100D93A000046
:1065D800133400007F340000893E00008B3E000029
:1065E800FB380000AD3D00004DD50100C51B000083
:1065F800C51B0000C51B0000C51B0000C51B000013
:10660800C51B0000C51B0000C51B0000C51B000002
:10661800C51B0000C51B0000C51B0000C51B0000F2
:10662800C51B00009FDC0000C51B0000C51B000047
:10663800C51B0000C51B0000C51B0000C51B0000D2
:10664800C51B0000C51B0000C51B0000C51B0000C2
:10665800C51B0000C51B0000C51B0000C51B0000B2
:1066680047FC0000C51B0000A3FD0000C51B00007F
:10667800C51B00009FFD00002BFC0000C51B00008F
:10668800C51B0000C51B0000772E01005B3301000D
:106698001B3501006F340100DF3301001F32010098
:1066A800C51B0000C51B0000C51B0000BD3501004F
:1066B800C51B0000C51B0000C51B0000C51B000052
:1066C800C51B0000C51B0000C51B0000C51B000042
:1066D800C51B0000C51B0000C51B0000C51B000032
:1066E800C51B0000C51B0000C51B0000C51B000022
:1066F800C51B0000C51B0000C51B0000C51B000012
:10670800C51B0000C51B0000C51B0000C51B000001
:10671800C51B0000C51B0000C51B0000C51B0000F1
:10672800C51B0000C51B0000C51B0000C51B0000E1
:10673800C51B0000C51B0000C51B0000C51B0000D1
:106748007916000081160000191F0000352E000080
:10675800892E0000ED3F0000F93F0000695100005C
:10676800D1B10000B9DC0000B1FB0000C135010067
:10677800691600008D1600009D1700009D18000086
:10678800E51B0000851C0000F51C0000791D0000B9
:10679800251F0000A12E0000953F000005400000C5
:1067A80005490000474C00009D4D0000A54D000024
:1067B800A94D0000C51B0000C54D0000FD4D00009F
:1067C800054E00005B4E00005F4E00006D4E00005D
:1067D800956C0000C51B000085510000C51B00001A
:1067E800056D00003D94000081A2000059A300003F
:1067F800C9A30000C5CA0000E5CA0000E1CE000038
:10680800C1DC0000D1DC00002FE2000049E40000F8
:1068180091E8000083FB000089FB00001D170100C0
:106828000100000000000008200000000002000035
:1068380004000000FF0300005000000001000000F9
:10684800010000000A07080100000000080000001D
:106858000104000001000000040004000800010019
:106868000000000000000000000000000000000020
:106878000000000000000000000000000000000010
:106888000000000000000000000000000000000000
:1068980000000000000000000000000000000000F0
:1068A80000000000000000000000000000000000E0
:1068B80000000000000000000000000000000000D0
:1068C80000000000000000000000000000000000C0
:1068D80000000000000000000000000000000000B0
:1068E80000000000000000000000000000000000A0
:1068F8000000000000000000000000000000000090
:10690800000000000000000000000000000000007F
:10691800000000000000000000000000000000006F
:10692800000000000000000000000000000000005F
:10693800000000000000000000000000000000004F
:10694800000000000000000000000000000000003F
:10695800000000000000000000000000000000002F
:10696800000000000000000000000000000000001F
:10697800000000000000000000000000000000000F
:1069880000000000000000000000000000000000FF
:1069980000000000000000000000000000000000EF
:1069A80000000000000000000000000000000000DF
:1069B80000000000000000000000000000000000CF
:1069C80000000000000000000000000000000000BF
:1069D80000000000000000000000000000000000AF
:1069E800000000000000000000000000000000009F
:1069F800000000000000000000000000000000008F
:106A0800000000000000000000000000000000007E
:106A1800000000000000000000000000000000006E
:106A2800000000000000000000000000000000005E
:106A3800000000000000000000000000000000004E
:106A4800000000000000000000000000000000003E
:106A5800000000000000000000000000000000002E
:106A6800000000000000000000000000000000001E
:106A7800000000000000000000000000000000000E
:106A880000000000000000000000000000000000FE
:106A980000000000000000000000000000000000EE
:106AA80000000000000000000000000000000000DE
:106AB80000000000000000000000000000000000CE
:106AC80000000000000000000000000000000000BE
:106AD80000000000000000000000000000000000AE
:106AE800000000000000000000000000000000009E
:106AF800000000000000000000000000000000008E
:106B0800000000000000000000000000000000007D
:106B1800000000000000000000000000000000006D
:106B2800000000000000000000000000000000005D
:106B3800000000000000000000000000000000004D
:106B4800000000000000000000000000000000003D
:106B5800000000000000000000000000000000002D
:106B6800000000000000000000000000000000001D
:106B7800000000000000000000000000000000000D
:106B880000000000000000000000000000000000FD
:106B980000000000000000000000000000000000ED
:106BA80000000000000000000000000000000000DD
:106BB80000000000000000000000000000000000CD
:106BC80000000000000000000000000000000000BD
:106BD80000000000000000000000000000000000AD
:106BE800000000000000000000000000000000009D
:106BF800000000000000000000000000000000008D
:106C0800000000000000000000000000000000007C
:106C1800000000000000000000000000000000006C
:106C2800000000000000000000000000000000005C
:106C3800000000000000000000000000000000004C
:106C4800000000000000000000000000000000003C
:106C5800000000000000000000000000000000002C
:106C6800000000000000000000000000000000001C
:106C7800000000000000000000000000000000000C
:106C88000000000000F459B200000000FFF75E9F0A
:106C98000000000000F463B100000000FFF7419D10
:106CA80000000000FFF76D9C00000000F3F7AE98AD
:106CB80000000000E9F7679E00000000E5F7989DD6
:106CC80000000000E4F7829F00000000D3F77C9BDF
:106CD80000000000CFF7EC9900000000C9F7D89E2B
:106CE80000000000C8F75A9F00000000C8F7B49CD5
:106CF80000000000C2F7549F00000000C0F7449C49
:106D080000000000C0F7329A00000000BFF78C9D19
:106D180000000000BFF7569F00000000C2F71E9D4C
:106D280000000000E1F7C29C00000000BFF70498D3
:106D380000000000BEF7A69E00000000BDF77C9F83
:106D480000000000BBF76D9C00000000A2F73E9D0C
:106D580000000000B7F7E29A00000000DDF7329B60
:106D680000000000B9F7889E00000000B2F7669B9B
:106D780000000000B2F7F69A00000000B2F77C9914
:106D880000000000B1F7869A00000000DAF7669C60
:106D980000000000B0F76E9E00000000C1F7FE9AE8
:106DA80000000000AEF73B9B00000000A0F7F69D36
:106DB80000000000A0F7169C00000000ABF7F09E52
:106DC80000000000A2F7E09C00000000A2F7DE9A95
:106DD80000000000A0F7FB98000000009FF7AE9F9E
:106DE800000000009EF7B699000000009DF77C9D0A
:106DF800000000009BF7329D000000009AF7F89F02
:106E080000000000A0F7E09E00000000A0F70F9F20
:106E18000000000099F7DE9A00000000A0F7939C9C
:106E280000000000D7F7289F00000000D7F71C9A41
:106E380000000000D7F7169C00000000D9F78A9CD4
:106E48000000000093F7709A0000000093F776990D
:106E58000000000093F7CD9D0000000093F77D9B94
:106E68000000000093F7B89A0000000092F7649FB2
:106E78000000000092F7029D0000000092F7D29AED
:106E88000000000092F700990000000092F71498A3
:106E98000000000092F7129B000000008FF7249971
:106EA80000000000D7F7449B00000000D7F7129BB2
:106EB80000000000D6F7989E000000008CF7539C55
:106EC800000000008CF7939D000000008BF74B9F9B
:106ED800000000008CF78E990000000089F7749E6E
:106EE800000000000000000000000000000000009A
:106EF800000000000000000000000000000000008A
:106F08000000000000000000000000000000000079
:106F18000000000000000000000000000000000069
:106F28000000000000000000000000000000000059
:106F38000000000000000000000000000000000049
:106F48000000000000000000000000000000000039
:106F58000000000000000000000000000000000029
:106F68000000000000000000000000000000000019
:106F78000000000000000000000000000000000009
:106F880000000000000000000000000000000000F9
:106F980000000000000000000000000000000000E9
:106FA80000000000000000000000000000000000D9
:106FB80000000000000000000000000000000000C9
:106FC80000000000000000000000000000000000B9
:106FD80000000000000000000000000000000000A9
:106FE8000000000000000000000000000000000099
:106FF8000000000000000000000000000000000089
:107008000000000000000000000000000000000078
:107018000000000000000000000000000000000068
:107028000000000000000000000000000000000058
:107038000000000000000000000000000000000048
:107048000000000000000000000000000000000038
:107058000000000000000000000000000000000028
:107068000000000000000000000000000000000018
:107078000000000000000000000000000000000008
:1070880000000000000000000000000000000000F8
:1070980000000000000000000000000000000000E8
:1070A80000000000000000000000000000000000D8
:1070B80000000000000000000000000000000000C8
:1070C80000000000000000000000000000000000B8
:1070D80000000000000000000000000000000000A8
:1070E8000000000000000000000000000000000098
:1070F8000000000000000000000000000000000088
:107108000000000000000000000000000000000077
:107118000000000000000000000000000000000067
:107128000000000000000000000000000000000057
:107138000000000000000000000000000000000047
:107148000000000000000000000000000000000037
:107158000000000000000000000000000000000027
:107168000000000000000000000000000000000017
:107178000000000000000000000000000000000007
:1071880000000000000000000000000000000000F7
:1071980000000000000000000000000000000000E7
:1071A80000000000000000000000000000000000D7
:1071B80000000000000000000000000000000000C7
:1071C80000000000000000000000000000000000B7
:1071D80000000000000000000000000000000000A7
:1071E8000000000000000000000000000000000097
:1071F8000000000000000000000000000000000087
:107208000000000000000000000000000000000076
:107218000000000000000000000000000000000066
:107228000000000000000000000000000000000056
:107238000000000000000000000000000000000046
:107248000000000000000000000000000000000036
:107258000000000000000000000000000000000026
:107268000000000000000000000000000000000016
:107278000000000000000000000000000000000006
:1072880000000000000000000000000000000000F6
:1072980000000000000000000000000000000000E6
:1072A80000000000000000000000000000000000D6
:1072B80000000000000000000000000000000000C6
:1072C80000000000000000000000000000000000B6
:1072D80000000000000000000000000000000000A6
:1072E8000000000000000000000000000000000096
:1072F8000000000000000000000000000000000086
:107308000000000000000000000000000000000075
:107318000000000000000000000000000000000065
:107328000000000000000000000000000000000055
:107338000000000000000000000000000000000045
:107348000000000000000000000000000000000035
:107358000000000000000000000000000000000025
:107368000000000000000000000000000000000015
:107378000000000000000000000000000000000005
:1073880000000000000000000000000000000000F5
:1073980000000000000000000000000000000000E5
:1073A80000000000000000000000000000000000D5
:1073B80000000000000000000000000000000000C5
:1073C80000000000000000000000000000000000B5
:1073D80000000000000000000000000000000000A5
:1073E8000000000000000000000000000000000095
:1073F8000000000000000000000000000000000085
:107408000000000000000000000000000000000074
:107418000000000000000000000000000000000064
:107428000000000000000000000000000000000054
:107438000000000000000000000000000000000044
:107448000000000000000000000000000000000034
:107458000000000000000000000000000000000024
:107468000000000000000000000000000000000014
:107478000000000000000000000000000000000004
:1074880000000000D41B8000040000000008000079
:10749800B42280000400000008080000782380005F
:1074A8000400000010080000C42780000400000049
:1074B80018080000302880000400000020080000A0
:1074C800D8178100040000002808000000D08100BF
:1074D80004000000300800001C14820004000000B2
:1074E8003808000028388200040000004008000026
:1074F8006C6683000400000048080000ACAD8300FF
:10750800040000005008000008088400040000007F
:10751800580800001C1A84000400000060080000DD
:107528009822840004000000680800002C8A840067
:107538000400000070080000D8BE840004000000A9
:1075480078080000C0BF8400040000008008000024
:1075580010C38400040000008808000078C9840073
:1075680004000000900800002C9184000400000032
:10757800980800000C4C820004000000A0080000DD
:10758800FCD9840004000000A808000084E38400FB
:1075980004000000B008000018EC8400040000009B
:1075A800B80800000C19850004000000C00800009D
:1075B80084C0860004000000C808000044668500F6
:1075C80004000000D008000010A28200040000009F
:1075D800D8080000003B850004000000E008000017
:1075E80084B6850004000000E8080000E8B68500BD
:1075F80004000000F0080000CCBA85000400000078
:10760800F8080000F8C88500040000000009000020
:10761800B0BE82000400000008090000ACD4850058
:107628000400000010090000E09B84000400000032
:1076380018090000B8FB85000400000020090000BC
:1076480038E3860004000000280900006CEA860080
:10765800040000003009000028258600040000000E
:1076680038090000F0C0860004000000400900004E
:107678003CC38600040000004809000018F9860091
:10768800040000005009000064FA860004000000AD
:107698005809000044098700040000006009000040
:1076A80010138700040000006809000010338700E9
:1076B80004000000700900005C3B87000400000023
:1076C80078090000A0D986000400000080090000A5
:1076D80058DA86000400000088090000B8608700B6
:1076E800040000009009000018E086000400000073
:1076F80098090000ACE4820004000000A009000022
:1077080058EF820004000000A8090000E4F182009C
:1077180004000000B0090000C0F28200040000006C
:10772800B8090000D4D1870004000000C009000097
:10773800D4D4870004000000C8090000BCD6870024
:1077480004000000D0090000F4D9870004000000FC
:10775800D8090000C0DA870004000000E009000032
:10776800DCDC870004000000E8090000F8DC870082
:1077780004000000F009000088DD87000400000014
:10778800F80900007CE2870004000000000A0000FD
:10779800CCE3870004000000080A0000F4E5870035
:1077A80004000000100A0000902688000400000071
:1077B800180A0000A40B830004000000200A00003F
:1077C8007C0E830004000000280A000008198300CA
:1077D80004000000300A000050588800040000002F
:1077E800380A00002059880004000000400A000000
:1077F800D462880004000000480A000084698800F8
:1078080004000000500A0000DC9888000400000012
:10781800580A00006846836941690BB503695A46EE
:1078280051460EB44A46414606B4C3688268416868
:10783800FEB40368C269EFF303810EB48269EFF303
:10784800058106B4034801680029FED068468847C8
:1078580014B000BD3C14000062B6704772B67047A1
:1078680004490840002803D003490A6802430A6013
:1078780070470000FFFF000000E100E004490840F5
:10788800002804D003490A68C04302400A607047D0
:10789800FFFF000080E100E0024909689022885853
:1078A8007047000044140000024909689C2288506F
:1078B8007047000044140000DDBAADBB00000000B2
:1078C80000000000000000000000000000000000B0
:1078D8000000000000000000024A11681060081C47
:1078E800704700003C1400005648574900220A50CF
:1078F8000168564A0A40564F0F403F4206D150464B
:10790800004202D04046004229D1FEE7FC214158FE
:107918000A680F2313400F2BF1D0012B01D004313B
:10792800F6E708314B4B13404B4CA34206D100F00D
:10793800C1F8804600F0CAF88146E9E7474CA342FF
:10794800E6D10B1F1B68464C23401824E3409C4695
:1079580000F0B0F8824600F0B9F88346D8E741490C
:1079680021224250374A40498958FF23194219D0E9
:1079780051683E4B194215D01168344B1940D36AEF
:1079880010E0A3420ED0C0460CE03949895819428C
:1079980008D03849895819409942FAD1364B1169AB
:1079A8001942FCD049463F4204D19823CB581024B1
:1079B800E34001E0314BCB581C242340002B01D07D
:1079C80000F092F840462E49086048462D49086064
:1079D80050462D49086060462C4908602C490F60C4
:1079E8002C4D2D490D602D482D49002204C081429F
:1079F800FCD8043DAD46009DEC431023DD41AC426C
:107A080010D1240CA400274D2C606B461B1B264864
:107A1800264D2860002C05D01D680560043304300D
:107A2800043CF9DC81B0224B1B490D68ED1A0D604E
:107A38006C46E41AA546684600090001854600F030
:107A4800D7FCFEE70000001814060000FFFF000046
:107A5800000000F000FF0F00002A0800000E0800D8
:107A6800000000FFE00100000406000000003800EC
:107A7800180600000C0600000010000008040000B2
:107A880044140000481400004C1400005014000076
:107A98004014000000000800945C0100BC5F010075
:107AA8009C6601009C5C01008C750200985C0100DA
:107AB8000000010008680F2204310240052AF9D1AC
:107AC800014A1040F746000000F0FFFF08680F2247
:107AD80004310240052AF9D180221042F6D0014A29
:107AE8001040F74600F0FFFFFEE70000004870472F
:107AF800BC5F010000487047FC5F01000048704708
:107B080060600100004870470860010003F04ABA4D
:107B180001238B402DE9F74FB3F5001F28BF4FF421
:107B28000013042B38BF04230330019320F003040F
:107B3800FFF7E0FF354B0022D3F800B01546944616
:107B4800134627E0D1F800A0A24522D301F1080787
:107B5800019E07EB0A08C6F10009C4EB080609EA0A
:107B68000606BE4215D3DDF8049009F1FF3919EA7B
:107B7800070FCDF8009002D0F71B072F09D9C4EBE7
:107B88000A075F4505D2424635466FB1BB46844673
:107B98000B46084641680029D4D13BB91C4A18460F
:107BA8001168013111602FE084460B46521B111BEE
:107BB800072909D918682A19401A0839186029515B
:107BC800596851605A6022461968891A072903D8EA
:107BD8005A68CCF8042004E05A50A1F108021A604F
:107BE8005B180C48002219685A6002688A180260FB
:107BF80009480168083101608918084A10688142FB
:107C080088BF116003F10800BDE8FE8FF40300008F
:107C1800F0030000140400004804000004600100A0
:107C280038B5194B50F8082C196805468A1A1A6095
:107C3800164BA0F108041A68083A1A60FFF75AFFB1
:107C480002E0A34203D218464368002BF9D155F845
:107C5800082CA9188B4205D119685B68521808329C
:107C680045F8082C6360036803F108028218A242F1
:107C780007D155F8082C9B180833036063684360E4
:107C880000E04460002038BD1404000048040000EF
:107C980010B500214022044605F04ADC104B236051
:107CA800104B6360104BA360104BE360104B2361D3
:107CB800104B6361104BA361104BE361104B2362BF
:107CC800104B6362104BA362104BE362104B2363AB
:107CD800104B6363104BA363104BE36310BD00BFED
:107CE80000000000F8370100F8370100915C01003E
:107CF800945C0100BC5F0100BC5F01009C66010050
:107D08009C660100FCB60200FCB602008C6A030007
:107D1800FC0000000001000000000000000000005E
:107D2800F0B52D4D91B06846FFF7B2FF29780029CC
:107D380037D10898099C241A06D0224605F0F8DBAA
:107D48000898214609F06EDD22462449244805F0AA
:107D580015DC244B00241C7001232B70224D09F0E4
:107D680091DC2B68002B33D01A78002A30D09F89F9
:107D78005E890CE02B681D4AD98910680AF076DC08
:107D88000134014630B1184B186806F0B1DBA3196D
:107D9800BB42EFDB164B29681868012206F0ECDBC2
:107DA80016E0144E317899B90A980B9C241A06D01B
:107DB800224605F0BDDB0A98214609F033DD084864
:107DC8000D49224605F0DADB00232B7001233370BE
:107DD80009F058DC11B0F0BDFC0300009AFB8800E4
:107DE80055390100146001004404000090040000AB
:107DF8002C0400006C600100521E8900014B1868B9
:107E0800704700BF945C0100002070472DE9F04FD7
:107E18009DB00AA8FFF73CFFFFF7F0FF0446FFF705
:107E2800F3FF0A9B0B9A0F99D21A0E9B0D9DC3EB79
:107E380001091199109B6E4ECB1A0C99DFF800823C
:107E4800C1EB050B93443268D8F8001002F50052D4
:107E5800521A4A44D2185A44141924180994DFF8BB
:107E6800E4A1644C644F2268DAF800506348AD1806
:107E78003A680893C5EB020CCDF81CC005F07EDB10
:107E8800089B09F57E71019303F57E7307339B0AFE
:107E980007310BF57E72890A073202930823920A8A
:107EA8000091039359464B46554805F067DB336804
:107EB80020683968DDF81CC00190039300F57E70D6
:107EC80003F57E730CF57E7601F57E720730073375
:107ED800800A9B0A07320736B60A920A0290049370
:107EE80048486346009605F049DB099905F57E7216
:107EF80001F57E7307339B0A0732920A00932946DD
:107F0800099B414805F03ADB404B414F196841480D
:107F180005F034DB3968404B0A6846469A4203D07C
:107F28003E4805F02BDB25E01A910B4604E0156866
:107F38003948131D854203D11A461BAB9A42F6D322
:107F480033681AAD009336482B461A9205F016DBB3
:107F58003B681A9AE91A3348D31A0A46009305F07F
:107F68000DDB33681A9A591B2F489B1A0A4600934F
:107F780005F004DB2D4B1B684BB31A783AB35989CB
:107F8800DD891A8901FB05F638354D4306F57E7300
:107F980007339B128DE8280005F57E7307339B1283
:107FA80002932348334605F0E9DA2368DAF800201B
:107FB800991B9B185B1B03F57E7001F57E720730D9
:107FC800800A07320090920A1A4805F0D7DA1A4B4D
:107FD8001D6809F081DD044609F078DD294603466D
:107FE8002246164805F0CADA1DB0BDE8F08F00BF7A
:107FF8000460010014040000F40300008839010043
:1080080097390100D63901001B3A0100F00300003E
:1080180068600100563A01004B415453713A01001F
:10802800953A0100CC3A0100F13A010044040000FD
:10803800173B0100443B0100040400006C3B0100B5
:10804800106001004804000008B57146034805F0B7
:1080580095DA0120BDE8084009F0249E9A3B01000A
:1080680000487047186001002DE9F34107460C46A7
:1080780009F032DD10B909F035DD3AE00026204676
:108088000DF106016A46ADF80660009607F103088F
:108098000AF072D9009D28F00308454440F63803D9
:1080A8009D4226D82DB328463146FFF731FD0446B8
:1080B800F8B13146009A05F03BDA009BA781ED1A2A
:1080C800E218C8EB050802EB0803A3606368013DEA
:1080D80062F3140363601B0C65F34F13E3802046BF
:1080E80009F0DEDC01232080A370BDF80630E381AF
:1080F80004E0044B00241A6801321A602046BDE8E7
:10810800FC8100BF4C04000038B50446E3895906D9
:1081180021D4A278013AD2B2A270002A27D1E278FB
:1081280062B1134B204653F82250E9890AF0D4D99A
:1081380028462146BDE8384006F0509ADA0516D49C
:108148000C4B2046A360218809F0D4DC2046BDE80A
:108158003840FFF765BD074B2046A3602188A56B13
:1081680009F0C8DC2046FFF75BFD2C46CEE738BD9A
:1081780050610100EFBEADDEF8B51F4E01220D467D
:108188003068002102F0AAFF002108220746306863
:1081980002F0A4FF022D014610D107EA000414F4EE
:1081A800806406D0306821F48061002202F096FFD6
:1081B8002C46FA041ED544F004041BE0052D10D10A
:1081C80007F40064D4F1010438BF0024BB0511D5BD
:1081D800306841F48061002202F080FF44F02004FE
:1081E80008E035B9306829460522BDE8F84002F0B4
:1081F80075BF00242046F8BD0004000029B9034BD0
:1082080011461868072202F069BF70470004000091
:108218002DE9FF470446FFF723FF2368C462032BB9
:1082280003D1474B18680FF0EFD92368A3F1100268
:108238000F2A04D804B0BDE8F04709F0CF9B032B00
:108248000FD1404AE36C22F00102934209D1626CDB
:1082580006339361636C4FF0FF321A6004B0BDE8D7
:10826800F087656CFFF7CAFD374E636CF169C3EBA5
:10827800000A3268354805F081D9A36C216800935B
:10828800636C22460193A36831480293E368002790
:108298000393E36C05F072D9E36904F110010093CC
:1082A800236A2C480193636A4FEA9A0A0293A36AE5
:1082B800B94603930EC905F061D9A36B04F12C01EB
:1082C8000093E36B24480193236CB84602930EC9CC
:1082D80005F054D9EB682148009395E80E0005F0A5
:1082E8004DD9EB6905F1100100931D480EC905F041
:1082F80045D918E07A59D3070FD5FF2A0DD9194B5C
:108308009A4204D902F16243B3F5801F05D8164892
:10831800394605F033D909F101090437B9F10F0FCE
:1083280008F1010801D8D045E4D13368002043F4AE
:10833800806386E8180004B0BDE8F04709F0B29CF5
:1083480000040000D1C0800070600100C63B01003D
:10835800DC3B0100113C0100443C0100733C01007E
:10836800913C0100F8370100AF3C0100036810B5EB
:10837800022B044603D0084B18680BF0BDDE2046DC
:10838800FFF746FF2368022B05D0034B1868BDE8AA
:1083980010400BF0F19E10BD00040000014B18685E
:1083A800704700BFB46001002DE9F04104464C203D
:1083B8000E46154698460AF0D1D80746A0B10021C6
:1083C8004C2205F0B5D84FF4F0637B634FF47A7311
:1083D800FB631C233B640C237B640423C7F80C80D9
:1083E8003E607D60BC60BB643846BDE8F081704784
:1083F80010B515F04BFF15F059FF15F0B3F816F04E
:1084080005F8044615F06CF820461BF0D9FCFFF778
:1084180087FC2046BDE8104009F0AE9A002301E031
:10842800013340080028FBD1C3F120007047C01772
:108438007047431E23EA0000FFF7F9BF4840FFF7E3
:10844800F8BF22EA000208401043704708B5FFF75A
:10845800F8FFC0B208BD2DE9F843DDF820800646D4
:108468000D4614469946002707E0E95DE25D30466F
:10847800FFF7ECFF08F8070001374F45F5D1BDE8D5
:10848800F8830379013BDBB2A3EB511300EB8300C4
:108498008068D0F1010038BF0020704710F001015A
:1084A80030B51AD002230122591E01249DB214FAB4
:1084B80001F1202D02D09C40013C01E04FF0FF3437
:1084C80000FB02F52C40A14234BF89181146013344
:1084D800212B0A46E8D1084630BD084630BD38B5DC
:1084E800054600F51770FEF3BDF700240AE004F115
:1084F800760005EB8000436813B10430FFF304F7FE
:108508000134A4B2B5F85831A342F0D838BD2DE9EA
:10851800F041061D9AB004460431304604321D4627
:10852800FEF384F60746002D30D0204601210AAA22
:10853800202305F10408FFF3FDF647B92046294634
:10854800FFF368F60028D4BF0020012000E00120D6
:108558000021FFF773FF3146054642463046FFF3D8
:10856800FBF4012112AA20232046FFF3E3F602AE12
:10857800E8B20AA912AA20230096FFF76CFF6368E5
:108588002046012132469B0000F0AEDA1AB0BDE861
:10859800F081F0B5071D9BB004460431384604321B
:1085A8001D46FFF3D9F4064625B320230AAA012164
:1085B8002046FFF3BFF630460021FFF73FFF2A1D94
:1085C800064639463846FEF331F6012112AA202321
:1085D8002046FFF3AFF602ADF0B20AA912AA202393
:1085E8000095FFF738FF6368204601212A469B0063
:1085F80000F07ADA1BB0F0BD2DE9F041B8B01546AD
:1086080006468846FFF3C4F66A68044602329300B9
:10861800502B4FD8D8F8043003339B00902B49D8FF
:1086280024A9FFF379F50746002844D06A6805F1C4
:108638000801920026A804F0F7DED8F804202046A6
:1086480069460332FFF368F50446002833D028460C
:10865800FFF3A2F66D686D01451B00E0203515F1AA
:108668001F0FFBDB20464146FFF306F63DB13846B7
:10867800294600F079DA2046294600F075DA201DEF
:10868800391DFFF39FF220463946FFF3C3F5002852
:1086980005DB204621463A460023FFF77AFF1DB145
:1086A8002046694200F060DA30462146FFF3E4F5DF
:1086B800012000E0002038B0BDE8F08108B528B1FD
:1086C800FFF36AF6D0F1010038BF002008BD2DE99C
:1086D800F0410446ACB00D461646FFF359F66B68F8
:1086E80062682B94B2EB430F01D3201D08E00121EF
:1086F8000022DB00FFF3CAF42B9000284ED0043090
:10870800291DFFF3DBF23046FFF7D8FF0121FFF701
:1087180095FE20230BAA012180462046FFF30AF686
:108728002B981BAD201A18BF01200121FFF786FEE8
:108738002B9907462046FFF39FF5012113AA202312
:108748002046FFF3F7F5F8B213A90BAA20230095EA
:10875800FFF781FE01212A4620232046FFF3EAF590
:10876800324620462B99FFF747FF0646B8B101214C
:1087780023AA20232046FFF3DDF503AE5FFA88F035
:1087880023A92A4620230096FFF765FE3246204695
:1087980001212023FFF3CEF5012600E006462B9B9E
:1087A8009C4202D02BA8FFF3AFF530462CB0BDE8B1
:1087B800F0812DE9F74FD2F804A007795FFA8AF91A
:1087C80091F80480144600F1080609F1FF390D46B6
:1087D80030460021BA005FFA89F9083404F0A8DEAF
:1087E800013F08F1FF3104EB890B6FEA0909C9B2AF
:1087F8004FEA8909FFB208354FEA880805EB810579
:10880800CDF80490002306EB8706C8F10009002183
:108818001DE05FFA8AF84FEA88085C46C8EB06084C
:10882800304600270DE03A46076854F804C900238B
:10883800D2196F5843F10003E7FB0C2340F80429D1
:108848001F464045EFD1019804393350043E49454D
:10885800DFD10020BDE8FE8F2DE9F04FBDB088467E
:108868004699D0F80C900C1D8568039400684C68F4
:1088780008F10401049109F10401059107901146DA
:1088880028461A460023FFF794FF98F8042099F821
:1088980004302E790892002109F108009A00083561
:1088A800069306F1FF3A04F043DE039805EB8A0AC3
:1088B800A50040194FEAC40B0A90CBEB0A0B5146AE
:1088C800A4460020AE462BE00B68079A0A9F534344
:1088D8000E4609932546002002910EE057F8043908
:1088E80031680B93002342180B98099943F1000350
:1088F800E1FB002346F80429184615F1FF35EDD2AF
:108908000299A5004D1B07E01E680023821943F158
:10891800000345F804291846AB452B46F4D304391F
:108928001CF1FF3CD0D2059A069B754602EB8306E4
:10893800CBF80000CEEB0A0A2246002303E05AF8DF
:108948000310F150043B013A971CF8D10021D9F8E3
:108958000800FFF773FD0599039A07460498FFF38B
:10896800FBF202212B4640460CAAFFF3E3F40498DD
:10897800089900EB810303E056F8042943F8042919
:1089880014F1FF34F8D202211CAA2B464046FFF30B
:10899800D1F42CACF8B21CA90CAA2B460094FFF712
:1089A8005AFD4046022122462B4600F09DD8002061
:1089B8003DB0BDE8F08F2DE9F04F04468BB0184666
:1089C80009921F460891FFF3E3F47B6804F5AC7243
:1089D80006929B00002200250590A4F858210793D1
:1089E8002E4668E004EB8609D9F80410002960D007
:1089F8000698FFF3D7F0804600285AD10121424655
:108A0800079B0598FFF342F305F1200A04EB8A0A55
:108A1800CAF85C01D9F8040004EB8503C3F85C01CB
:108A2800FFF7FCFCC0F11F00C0B204900999DAF806
:108A38005C01FFF321F4C146DDF810A032E04FF0ED
:108A4800010B05F1200884F860B204EB8808D8F817
:108A58005C1104F5177C60460A460B46CDF80CC03D
:108A68000097FFF7F9FE049ADDF80CC053B2C9EB82
:108A780003030BFA03FB04EB86035B681BEA030F93
:108A88000AD0002384F86032D8F85C116046089A4E
:108A98000B460097FFF7E0FE0AF1FF3A5FFA8AFA01
:108AA80009F101091AF0800FC9D00135EDB2A4F817
:108AB80058510136F6B294F84431B34292D80120A5
:108AC8000BB0BDE8F08F2DE9F04F8346ADF52F7D53
:108AD80018461C4689469246FFF35AF467680125F2
:108AE8008046BE0000212422A1A804F021DD2946E9
:108AF800002233464046A195FFF3C8F229460022DA
:108B08003346AB904046FFF3C1F229460022334674
:108B1800AC904046FFF3BAF202217B198B40AD902E
:108B2800A1AA4046FFF3B2F2AA90AB9800F008D889
:108B3800267904F10805013EF6B255F8260010F032
:108B4800010000F093804946AA9A2346AC98FFF3A7
:108B58002DF72346AB99AA9AAD98FFF327F755F856
:108B68002600FFF79BFC002105464FF41E7203A860
:108B780004F0DEDC05236A4221469AA88DF80C3001
:108B8800FEF37CF4514603A8FEF3DEF3234603A864
:108B9800AC99AD9AFFF70FFF9DF8507107F1FF38B8
:108BA8001FFA88F80FFA88F3002B4FDB03A800EBB5
:108BB8008303596859A8FEF3BBF61F2846D803A9B2
:108BC80001EB8003D3F8DC11AD98FFF355F3C8F13E
:108BD800000800252DE0AD9901238DF86C329AA884
:108BE8000A460B460094FFF737FEBB1E1BB203A8CC
:108BF800EA18C3185B1993F80431314601369942D3
:108C0800E9DB00EB8203596891B1002359A88DF87C
:108C18006C32FEF38DF61F2818D803A901EB8003E8
:108C2800AD990094D3F8DC219AA80B46FFF714FEFF
:108C3800013D45454FF00006D7D19AA85946AD9A4F
:108C4800AB9B8DF86C620094FFF706FE03A8FFF754
:108C580046FCACA8FFF358F3ADA8FFF355F3ABA857
:108C6800FFF352F3AAA8FFF34FF301200DF52F7D70
:108C7800BDE8F08F2DE9F04FB3B0039018461C46BD
:108C88008A469346FFF384F3D4F80490012509F14A
:108C98000107BF0080464FEA890600213A4605A829
:108CA80004F046DC29460022334640460595FFF38A
:108CB800EDF12946002233462E904046FFF3E6F1B7
:108CC8002946002233462F904046FFF3DFF129461C
:108CD8000022334630904046FFF3D8F102213B464C
:108CE800319005AA4046FFF3D1F12D902E98FFF35D
:108CF80027F7267904F10805013EF6B255F8260053
:108D0800DAF8047010F0010000F08B8051462D9ABB
:108D180023462F98FFF34AF62E992D9A234630982A
:108D2800FFF344F655F82600FFF7B8FB7F014242EF
:108D3800214626A8FEF3A2F3013F01E0A6F1200791
:108D4800BEB258463146FFF79CFB0028F6D109F120
:108D5800FF393FB20BF1080AA9EB67175AF8270049
:108D6800FFF75CFB361A3BE0309901250A460B46B3
:108D780026A88DF89C500094FFF76EFD294616AA88
:108D880020233098FFF3D6F230994FF000080B46B5
:108D98002F9A26A88DF89C800094FFF75DFD1EAAE7
:108DA800294620233098FFF3C5F206F01F0015FA74
:108DB80000F0A9EB67175AF8273041461840FFF72B
:108DC8003DFB0EAFC0B216A91EAA20230097FFF7DD
:108DD80042FB309829463A462023FFF385F6013EA8
:108DE800B6B237B2002FBFDA00230399309A8DF854
:108DF8009C3026A82E9B0094FFF72EFD26A8FEF394
:108E080031F32FA8FFF380F230A8FFF37DF22EA8EC
:108E1800FFF37AF22DA8FFF377F231A8FFF374F28B
:108E2800012033B0BDE8F08F2DE9F04FBFB00390BB
:108E380018461D4689469246FFF3AAF26E68022339
:108E48000124B60000278DF8F7300A233C93214609
:108E58003A463346804637973B978DF8F640FFF3FE
:108E680015F121462D903A4633464046FFF30EF160
:108E780021462E903A4633464046FFF307F1022139
:108E88002F903A4633464046FFF300F12146309092
:108E98003A4633464046FFF3F9F0214631903A46C8
:108EA80033464046FFF3F2F0214632903A463346C5
:108EB8004046FFF3EBF0214633903A4633464046AE
:108EC800FFF3E4F0214634900DF1F602234633987F
:108ED800FFF30AF621460DF1F70223463498FFF313
:108EE80003F621463A4633464046FFF3CFF0214683
:108EF80035903A4633464046FFF3C8F0214636904F
:108F08003A4633464046FFF3C1F0214638903A4688
:108F180033464046FFF3BAF0214639903A46334685
:108F28004046FFF3B3F021463A903CAA23463098D6
:108F3800FFF3DAF530982B4602462946FFF729FB5E
:108F480003992A462D98FFF7C2FB2B4630992D9A94
:108F58002E98FFF32BF52E992A462F98FFF7B7FB8B
:108F68002E982F9A01462B46FFF7D1FA2E98FFF735
:108F7800A5FB2146FFF762FA29468446349A2F98C2
:108F88002B46CDF808C0FFF704FB2E992F9A2B46E5
:108F98003198FFF76FFE4A462B4630992E98FFF31B
:108FA80005F52E9829460246FFF374F251462E9A8B
:108FB8002B463598FFF3FAF452462B462E9829464D
:108FC800FFF7E7FA484629462F9AFFF363F22E98EF
:108FD8002F9A01462B46FFF3E9F42F983399319ADB
:108FE8002B46FFF794FA2E992F9A2B463698FFF3C3
:108FF800DDF4202321461DAA3598FFF39BF1202399
:10900800214625AA3698FFF395F1DDF808C00DF141
:10901800540B5FFA8CF01DA925AA3346CDF800B091
:10902800FFF719FA334621465A464046FFF32EF019
:109038002A46014637902E98FFF749FB2E98379A13
:1090480001462B46FFF3B2F44946379A2B462F9830
:10905800FFF3ACF42E982F9A01462B46FFF757FAE8
:10906800524639982E992B46FFF751FA30992D9A86
:109078002B462E98FFF39AF42B462E99379A389858
:10908800FFF394F438992A462E98FFF720FB2E9880
:10909800389A01462B46FFF389F44946389A2B46FD
:1090A8002F98FFF383F42E982F9A01462B46FFF74B
:1090B8002EFA52463A982E992B46FFF728FA339AF9
:1090C8002B462E982946FFF764FA2E982146FFF37F
:1090D8004BF52E982B4602463999FFF7CBFD2E9873
:1090E800FFF7ECFA214681462E98FFF3AFF22146AE
:1090F80040EA0900FFF7A2F9214681461DAA20236C
:109108003998FFF317F15FFA89F92023214625AA38
:109118003A98FFF30FF148461DA925AA3346CDF822
:1091280000B0FFF798F921465A4633464046FEF309
:10913800ADF720233B9021461DAA3798FFF3FAF09C
:109148002023214625AA3898FFF3F4F00DF1140ADC
:1091580048461DA925AA3346CDF800A0FFF77BF99C
:109168002023284621461DAAFFF3E4F006F1FF3923
:109178003EAB994419F8843C03F00303032B03D056
:10918800444804F0FBD954E03A4640462146334669
:10919800FEF37CF73B4680462946339A2E98FFF724
:1091A800B6F92E980221FFF3DFF42B463B992E9A4D
:1091B8004046FFF75FFD21461DAA20230398FFF3D1
:1091C800B9F025AA202321464046FFF3B3F019F849
:1091D800840C19F8641C00F0010001F00101FFF78C
:1091E8002DF929462B46074642462E98FFF7D1F916
:1091F80021461DAA20234046FFF39CF0214625AABC
:1092080020232E98FFF396F00AEB0605F8B21DA965
:1092180025AA33460095FFF71EF9214652463346E4
:109228004898FFF361F4499821462A463346FFF3EC
:109238005BF42DA8FFF368F02EA8FFF365F02FA8C4
:10924800FFF362F031A8FFF35FF030A8FFF35CF0A2
:1092580032A8FFF359F033A8FFF356F034A8FFF310
:1092680053F035A8FFF350F036A8FFF34DF037A8B8
:10927800FFF34AF03BA8FFF347F038A8FFF344F0A8
:1092880039A8FFF341F03AA8FFF33EF000203FB0C1
:10929800BDE8F08FE93C010000487047883D0100B7
:1092A80000487047103D0100004870474C3D0100E0
:1092B80000487047C43D0100012801D1FFF7F0BF05
:1092C800022801D1FFF7F0BF032801D1FFF7F0BF53
:1092D800042801D1FFF7E0BF00207047004870471D
:1092E800DC60010000487047305D0100014B43F825
:1092F8002010704750610100034B53F82000431AB7
:10930800584240EB030070475061010042893C29F4
:1093180028BF3C21034691422CBF0846104698813D
:109328007047000000F13402342A08B5034606D914
:1093380005482021054A04F061D9034808BD044ABC
:10934800434252F8230008BD306101007F3E01000E
:109358000CA2880038B5049C1D467CB1FF2B0DD0AB
:1093680002B95BB96B1C2070A170637025B11146FE
:10937800E01C2A4604F058D803356419204638BD45
:10938800C0F3804070470000044B00F440321343A0
:1093980003420CBF00200120704700BFD091540049
:1093A80038B50546FFF7F0FF38B10B4B2B4033B902
:1093B80015F4900418BF182402E0044600E01024B5
:1093C800284605F0BDDF20B1034B2B40002B18BF0A
:1093D8001024204638BD00BFC4D10400004870479F
:1093E800685D01000048704778520100002070470E
:1093F80008B5FFF7F3FF41780278012313FA01F16A
:1094080013FA02F20A4381788B4042EA030008BD4E
:109418002DE9F7434FF0000804460F4616469946D3
:109428004546012303FA08F313EA090F2BD06369B1
:109438002046222B0ADDE3695A0607D540F62701A4
:1094480000220EF0AFDA0146204600E000214FF47A
:10945800C4620EF047D9C0F8008063692046222B09
:109468000ADDE3695B0607D540F6270100220EF006
:1094780099DA0146204600E0002140F224620EF00D
:1094880031D903681D4308F10108B8F11F0FC8D18D
:109498009DF828304BB145B10123009320462B4657
:1094A80039463246FFF7B4FF05432846BDE8FE8338
:1094B800816838B540F63C039942044628D1C36810
:1094C8000B2B03D84FF0A871994001D40C2B1FD94E
:1094D80049F218239A4205D049F640439A4217D1D7
:1094E8000C4D00E00C4D63692046222B0ADDE36930
:1094F800590607D540F6270100220EF053DA014637
:10950800204600E0002140F2DC620EF0EBD8056056
:1095180038BD00BF99010100B601010038B54369A3
:109528000446222B0ADDC3695D0607D540F62701EC
:1095380000220EF037DA0146204601E020460021DD
:109548004FF4C0620EF0CED80568204605F07C05C1
:10955800AD08FFF747FF03E08378AB4207D00C3034
:1095680010B10388002BF7D12046FFF73FFF03888F
:109578004FF47A70584338BD70B5044616460D4608
:109588000AF0B0DD94F86023094B002818BF0123C6
:10959800012A94F8682308BFD4F85C33012A0CBF69
:1095A800D4F864236FF000422B60326070BD00BFB6
:1095B8000100820E2DE9FF471D46436990460022AF
:1095C800222B044689460292039209DDC3695F068D
:1095D80006D540F627010EF0E5D90146204601E000
:1095E800204600214FF4C4620EF07CD80560236A3F
:1095F80020460C2B636916DD222B0ADDE3695E0623
:1096080007D540F6270100220EF0CCD901462046A6
:1096180000E000214FF4C5620EF064D807683F0CE3
:10962800BF05BF0D14E0222B0ADDE369590607D5F3
:1096380040F6270100220EF0B5D90146204600E089
:1096480000214FF4C5620EF04DD807683F0AFFB2FB
:109658000123AB4000262046494642460096FFF7C4
:10966800D7FE0546012212FA06F32B4207D00092D4
:10967800204649464246FFF7CBFE25EA000501365B
:109688001F2EEFD1204602A903AAFFF775FF029B00
:10969800002625EA030A35460123AB4013EA0A0FE0
:1096A80008D0204649464246EBB2FFF783FF864280
:1096B80038BF064601351F2DEED1B81C801904B0FD
:1096C800BDE8F0872DE9F041069E044615461F4681
:1096D800FFF78EFE002870D010EA060800EA070798
:1096E8002CD063692046222B0ADDE3695A0607D588
:1096F80040F6270100220EF055D90146204600E029
:10970800002140F21C620DF0EDDF63690646222B52
:1097180020460ADDE3695B0607D540F627010022EB
:109728000EF040D90146204600E0002140F21C62BC
:109738000DF0D8DF036843EA08033360002F2BD00D
:1097480063692046222B0ADDE3695E0607D540F6E9
:10975800270100220EF026D90146204600E000210C
:109768004FF4C3620DF0BEDF63690646222B204624
:109778000ADDE369590607D540F6270100220EF0F5
:1097880011D90146204600E000214FF4C3620DF0D4
:10979800A9DF03681F433760079B9A0305D4BDE818
:1097A800F0810A2008F0C8DB01E040F2DD54D5F86A
:1097B800E0319B0301D4013CF3D1BDE8F081F7B55A
:1097C8001E4643690446222B0F4615460BDDC36926
:1097D8005A0608D540F6270100220EF0E3D8009774
:1097E8000146204602E00097204600214FF0FF3353
:1097F8004FF4CA620EF026DC6369222B0CDDE369A4
:109808005B0609D540F62701204600220EF0CAD88B
:1098180000960146204602E000962046002140F2CC
:1098280054622B460EF00EDCFEBDF7B51E464369AA
:109838000446222B0F4615460BDDC3695B0608D587
:1098480040F6270100220EF0ADD8009701462046C9
:1098580002E00097204600214FF0FF334FF4CB621F
:109868000EF0F0DB6369222B0CDDE369590609D59C
:1098780040F62701204600220EF094D800960146B3
:10988800204602E000962046002140F25C622B460A
:109898000EF0D8DBFEBDF7B51E4643690446222B01
:1098A8000F4615460BDDC369590608D540F6270152
:1098B80000220EF077D800970146204602E0009774
:1098C800204600214FF0FF334FF4CC620EF0BADB94
:1098D8006369222B0CDDE3695A0609D540F6270196
:1098E800204600220EF05ED800960146204602E08F
:1098F80000962046002140F264622B460EF0A2DB5F
:10990800FEBD436913B5222B04460DDDC3695B0612
:109918000AD540F6270100220EF044D84FF48063A0
:1099280001460093204604E04FF4806300932046EC
:1099380000214FF4C0620EF085DB1CBD2DE9F04F0D
:10994800013AD2B2082A85B004469A4615D8374B50
:109958009E5C374B9F5C374B13F80290364B9B5CF1
:109968000393364B13F802B0354B9B5C0293354B8F
:1099780013F80280344B9D5C07E00025A846029549
:10998800AB460395A9462F462E466369222B0DDD6B
:10999800E3695B060AD540F62701204600220EF04F
:1099A80001D8CDF800900146204603E0CDF800909C
:1099B800204600214FF0FF334FF4CB620EF042DB1C
:1099C8006369222B0FDDE36958060CD540F62701A1
:1099D800204600220DF0E6DF07EA0A03B3400146FD
:1099E8000093204605E007EA0A03B34020460093A7
:1099F800002117FA06F340F25C620EF023DB039BAA
:109A080083B148FA0BF208EA0A0848FA0BFB204629
:109A1800029C2946A2400BFA04F305B0BDE8F04FBA
:109A2800FFF703BF05B0BDE8F08F00BF5C51010030
:109A3800655101006E51010077510100805101000C
:109A4800EC530100F8510100015201002DE9F843DF
:109A5800044689460DF040DE0021064620460EF0F9
:109A6800EBDB80462046FFF7B9FC074620460EF0A0
:109A780055DA4946054642463B782046FFF79AFDA7
:109A88000B2302305843074B3146EB18B3FBF5F56F
:109A9800454320460EF0D0DB0A23B5FBF3F5A8B208
:109AA800BDE8F8833F420F0038B543690446222BCE
:109AB8000ADDC3695D0607D540F6270100220DF0CF
:109AC80071DF0146204601E02046002140F2146281
:109AD8000DF008DE63690568222B20460ADDE3697C
:109AE800590607D540F6270100220DF05BDF014635
:109AF800204600E0002140F214620DF0F3DD036817
:109B08009D4214D063692046222B0ADDE3695A0678
:109B180007D540F6270100220DF044DF0146204614
:109B280000E0002140F214620DF0DCDD05682846F3
:109B380038BD38B51C461D68FFF7B6FF03462360DD
:109B4800401B38BD2DE9F743002504460F4616464D
:109B580098469DF828900195FFF7A6FF0190636944
:109B68002046222B0ADDE3695B0607D540F627016C
:109B780000220DF017DF0146204600E000214FF4D7
:109B8800C2620DF0AFDDB9F1010F006801D108B96B
:109B98000EE050B9B8EB451F09D920463946324680
:109BA80001ABFFF7C6FF2D18D9E7002000E0012020
:109BB8000B9B6D011D60BDE8FE832DE9F04F00266B
:109BC80085B08046894692460396012503AF4046F4
:109BD8004946524643F6982300950197FFF7B2FF8E
:109BE800044688B98DE881004023404649465246DC
:109BF800DDF80CB0FFF7A6FF039B38B99B445E4421
:109C080043F697239E42E0D9284600E0204605B057
:109C1800BDE8F08F2DE9F843994643690446222BA5
:109C28000E461546DDF82080099F0ADDC3695A06ED
:109C380007D540F6270100220DF0B4DE0146204684
:109C480001E0204600214FF4C3620DF04BDD0368AC
:109C58002046C9F800306369222B0ADDE3695B06F8
:109C680007D540F6270100220DF09CDE014620466C
:109C780000E0002140F21C620DF034DD036820464C
:109C8800C8F80030D5F8E0313B60FFF7B1FB074674
:109C9800002872D0D5F8E031990304D42046314623
:109CA8002A46FFF78AFF63692046222B0ADDE3690B
:109CB8005A0607D540F6270100220DF073DE01464B
:109CC800204600E000214FF4C3620DF00BDD63690C
:109CD8000646222B20460ADDE3695B0607D540F6D7
:109CE800270100220DF05EDE0146204600E000213B
:109CF8004FF4C3620DF0F6DC0368FF433B4033606A
:109D080063692046222B0ADDE3695E0607D540F623
:109D1800270100220DF046DE0146204600E0002122
:109D280040F21C620DF0DEDC63690646222B2046F9
:109D38000ADDE369590607D540F6270100220DF030
:109D480031DE0146204600E0002140F21C620DF0A1
:109D5800C9DC036840F2DD541F40376002E00A2086
:109D680008F0EAD8D5F8E0319A0301D5013CF6D1DC
:109D78006420BDE8F84308F0DF98BDE8F88337B5FC
:109D8800044601AB4FF400616A460EF063DA63697A
:109D98002046222B0ADDE3695D0607D540F6270138
:109DA80000220DF0FFDD0146204600E000214FF4BF
:109DB800CE620DF097DC056815F0005316D0636984
:109DC8002046222B0ADDE369590607D540F627010C
:109DD80000220DF0E7DD0146204600E000214FF4A7
:109DE800CE620DF07FDC0560012500E01D462046AF
:109DF8009DE806000EF04CD928463EBD70B50446D5
:109E08000E460DF069DC0021054620460EF014DAF6
:109E1800314602462046FFF781FB29460646204682
:109E28000EF00ADA304670BD014B1860704700BF6B
:109E380094610100F8B5484F04463A68002A40F09A
:109E480089804369222B09DDC3695B0606D540F684
:109E580027010DF0A7DD0146204601E0204600213C
:109E680040F214620DF03EDC63690568222B20463F
:109E78000ADDE3695E0607D540F6270100220DF0EA
:109E880091DD0146204600E0002140F214620DF009
:109E980029DC03689D4214D063692046222B0ADD21
:109EA800E369590607D540F6270100220DF07ADD4F
:109EB8000146204600E0002140F214620DF012DC59
:109EC800056842F2107008F037D863692046222BE3
:109ED8000ADDE3695A0607D540F6270100220DF08E
:109EE80061DD0146204600E0002140F214620DF0D9
:109EF800F9DB63690668222B20460ADDE3695B0605
:109F080007D540F6270100220DF04CDD014620461A
:109F180000E0002140F214620DF0E4DB03689E4289
:109F280014D063692046222B0ADDE3695E0607D553
:109F380040F6270100220DF035DD0146204600E0FD
:109F4800002140F214620DF0CDDB0668751B642613
:109F580075433D603868F8BD946101002DE9F74FFD
:109F68000446884691461F460DF0E8DF83460028E0
:109F780040F0D98020460DF0AFDB59468246204696
:109F88000EF05AD9636905462D2B0CD1D0F8F43060
:109F9800B9F1000F02D023F0007301E043F0007321
:109FA800C5F8F430B8E02046FFF718FAC378012660
:109FB8009E4000F0B180B9F1000F5ED06369204681
:109FC800222B0ADDE369590607D540F627015A46D0
:109FD8000DF0E8DC0146204600E000214FF4C362A2
:109FE8000DF080DB036841463B6043EA0607012326
:109FF800009320463B462A46FFF70AFA636907435F
:10A00800222B20460ADDE3695A0607D540F62701C8
:10A0180000220DF0C7DC0146204600E000214FF485
:10A02800C3620DF05FDB414607602A462046FFF712
:10A03800C4FD4FF47A7007F07FDF40F2DD5702E08D
:10A048000A2007F079DF63692046222B0ADDE369DD
:10A058005B0607D540F6270100220DF0A3DC014678
:10A06800204600E0002140F20C620DF03BDB036863
:10A07800334242D1013FE3D13FE03A689AB963697C
:10A088002046222B09DDE3695F0606D540F6270145
:10A098000DF088DC0146204600E000214FF4C36241
:10A0A8000DF020DB026822EA060701230093204610
:10A0B8003B4641462A46FFF7ABF9636907433742F7
:10A0C8000CBF00260126222B20460ADDE36959062B
:10A0D80007D540F6270100220DF064DC0146204632
:10A0E80000E000214FF4C3620DF0FCDA414607603E
:10A0F8002A462046FFF761FD00E0012640F22D17B1
:10A1080002E00A2007F018DF2B6903F48053B3EB51
:10A11800063F01D0013FF4D12046514603B0BDE8C7
:10A12800F04F0EF0899803B0BDE8F08FF0B589B014
:10A1380004460D4606AA07AB4FF400610EF08AD814
:10A1480029462046FFF75AFE4FF47A760022B0FBE4
:10A15800F6F6134602212046FFF79DFB002207462C
:10A16800134600F00F0503212046FFF794FB4FF636
:10A1780080733B40DF094FF4000320F07F420093D7
:10A1880003A804A9334603F09DDE05A80399049AA1
:10A198001823774303F0DADE05B92D60059A4FF4EA
:10A1A800006300934FF4805303A804A9BA1893FBE3
:10A1B800F5F303F087DE02A80399049A0C2303F051
:10A1C800C5DE20460699079A0DF062DF029809B0AD
:10A1D800F0BD10B504460DF0E7DE01462046BDE8A7
:10A1E8001040FFF7A3BF70B504461646FFF7F1FF0E
:10A1F80063690546222B20460ADDE3695B0607D51D
:10A2080040F6270100220DF0CDDB0146204600E094
:10A2180000214FF4CC620DF065DA04230360D6F810
:10A2280064364FF47A70DBB2B5FBF3F5684370BD62
:10A2380070B504460E460DF04FDA0021054620465B
:10A248000DF0FADF314602462046FFF7CCFF2946DB
:10A25800064620460DF0F0DF304670BDFFF7E8BF38
:10A2680037B50446FFF7B5FF4FF400616A4601AB06
:10A27800054620460DF0EEDF002213462046042155
:10A28800FFF709FB00F47F40030A00B91B60B5FB28
:10A29800F3F520469DE806000DF0FADE28463EBD9F
:10A2A80070B504460E460DF017DA00210546204623
:10A2B8000DF0C2DF314602462046FFF77EFC2046FD
:10A2C800FFF78CF863690646222B20460ADDE3690E
:10A2D8005A0607D540F6270100220DF063DB014638
:10A2E800204600E0002140F20C620DF0FBD9F37823
:10A2F800012111FA03F3026829461A420CBF00260D
:10A30800012620460DF098DF304670BD70472DE9D4
:10A31800FF47836E002204460D460292039263B102
:10A32800D0F8CC1000EB8101D1F8D400216E88421E
:10A3380005D1606E9847814602E0994600E0914653
:10A3480020460DF0C9D90021824620460DF074DF61
:10A3580002A9804603AA2046FFF70EF9029F0026AD
:10A368000396F7B13B462046294642460096FFF73A
:10A378004FF863693843222B029020460ADDE369CF
:10A38800590607D540F6270132460DF00BDB01468A
:10A39800204600E000214FF4C3620DF0A3D9029BD0
:10A3A8000360039EFEB100273346204629464246F5
:10A3B8000097FFF72DF863693043222B039020465E
:10A3C8000ADDE3695A0607D540F627013A460DF03B
:10A3D800E9DA0146204600E0002140F21C620DF057
:10A3E80081D9039B0360294642462046FFF7E5FBD7
:10A3F800204651460DF020DFE36E5BB1D4F8CC2047
:10A4080004EB8202D2F8D410226E914202D1606E1F
:10A4180049469847BDE8FF8710B500220C4608F06A
:10A42800B1D8A0B90A4B1B688BB11A787AB1DA890E
:10A4380094420CD8184604F0E1D820B1054B1A68AC
:10A4480001321A6010BD044B1A6801321A6010BD3F
:10A4580044040000986101009C610100037E2BB157
:10A468004069D0F1010038BF0020704701207047D3
:10A47800014B03EBC0007047A0610100014B03EBE7
:10A48800C0007047C061010070B50C46164609F05F
:10A49800B3DD80B100252846FFF7F0FF03681BB93C
:10A4A80080E85000184670BD0135EDB2042DF2D198
:10A4B8004FF0FF3070BD4FF0FF3070BD6FF01600E9
:10A4C800704770477047000003682DE9F041C0F8F5
:10A4D800203143680022C0F824318368C0F828314D
:10A4E800C368C0F82C310369C0F830314369C0F83B
:10A4F80034318369C0F83831C369C0F83C3100F59C
:10A508009073534E1C69DF699559D3F814C07D19AF
:10A518004FEAB41787EAF42787EA7467ED199F6949
:10A5280027EA040704EA0C047C402C198D1811F85A
:10A5380002C0EF78043247EA0C6795F801C0AD789D
:10A5480047EA0C4747EA05256419DD61DD68402ABA
:10A558002544DD6093E8A01087EA0C0808EA05089E
:10A568000CEA070C88EA0C074FEAB50C8CEA753C34
:10A578008CEAB5553D442C4443F8044DC1D100F153
:10A58800E00306F13C0500F120071A6955F8044F6D
:10A59800D9695E6961184FEAB21484EAF22484EA40
:10A5A800726409199C69D3F85CC024EA0204324039
:10A5B80062409E6B5C6A66444FEA744C8A188CEA67
:10A5C800F44C996D8CEA942434194FEAF11686EA12
:10A5D800B14686EAD10161185218D961D96889183B
:10A5E800D96093E8520084EA060C0CEA010C264074
:10A5F8008CEA06044FEAB10686EA713686EAB1515A
:10A608006118891843F8041DBB42BED1036842682B
:10A618005918436A0160D31843608268836AD31863
:10A628008360C268C36AD318C3600269036BD31816
:10A6380003614269436BD31843618269836BD31802
:10A648008361C269C36BD318C361BDE8F08100BFE1
:10A65800C0540100F0B5034696100F46002510E0DF
:10A6680057F8044B01354FEA146C83F800C04FEAE1
:10A67800144C83F801C04FEA142C83F802C0DC7034
:10A688000433B542ECDB26EAE67312F0030200EB72
:10A6980083000AD051F823401821002334FA01F529
:10A6A800C554013308399342F8DBF0BD00487047C0
:10A6B80064540100D0F8B43170B5D31893420446FD
:10A6C8000E461546C0F8B43104D2D0F8B031013383
:10A6D800C0F8B031D4F8AC21AB183F2B0AD8A21877
:10A6E80002F5B67031462A4602F09EDED4F8AC3147
:10A6F8005D1925E0E2B1A0183146C2F1400200F52B
:10A70800B67002F091DED4F8B831201D04F5B671A8
:10A718009847D4F8AC31C3F14002403BB6185D19F4
:10A7280006E03146D4F8B831201D98474036403D00
:10A738003F2DF6DC04F5B67031462A4602F074DE89
:10A74800C4F8AC5170BD0000012910B5044640F8AA
:10A75800041B05D10A4B0B49C4F8B831142204E094
:10A76800094B0A49C4F8B831202202F05DDE002006
:10A77800C4F8AC01C4F8B001C4F8B40110BD00BFFE
:10A788000D430000C055010045400000A0540100E1
:10A79800F8B5044600F5AA760D4600F58A772146F5
:10A7A8003046142202F040DE30696649726841186A
:10A7B8003068331F01EBF061F06820EA020CB068E2
:10A7C80010408CEA0000091846F8041C687895F8CF
:10A7D80000C0000440EA0C6095F803C04FEAB202DA
:10A7E80040EA0C0095F802C0043540EA0C204118F4
:10A7F8009F42306146F8041C72601E46D4D304F5AB
:10A80800827530694F497268411853F80409F7682E
:10A8180001EBF061B06827EA020710407840091898
:10A82800376BF0694FEAB2027840B76C72607840D3
:10A83800376D78404FEAF0703061081846F8040C1C
:10A84800043EAB42DDD804F1B4061A4615693E4908
:10A858005068691853F80459D76801EBF561956891
:10A8680045407D404919176BD5694FEAB0007D40D6
:10A87800976C50607D40176D7D404FEAF575156106
:10A888004D1942F8045C043AB342DFD804F1640C71
:10A898001A4615692D49101D691853F80459C1C87D
:10A8A80001EBF56186EA07050540374085EA0706AA
:10A8B8008919D569166B4FEAB0007540966C5060DF
:10A8C8007540166D75404FEAF57515614D1942F8DA
:10A8D800045C043A6345DCD804F114061D691C497C
:10A8E800586869181D68DF6801EBF5619D681A46AC
:10A8F80045407D4049191F6BDD694FEAB0007D4036
:10A908009F6C58607D401F6D7D404FEAF575491971
:10A918001D6143F8041C043B9E42DFD32368591889
:10A92800216013686168CB1863605368A168CB180D
:10A93800A360E1689368CB18E3602169D368CB18FA
:10A948002361F8BD9979825AA1EBD96EDCBC1B8FC3
:10A95800D6C162CA30B5034685B00C46154668466E
:10A96800194607F0B3DE20466946102DB4BF2A46C3
:10A97800102202F059DD05B030BD07F0039F08B57D
:10A9880007F0ECDE002008BD38B504460D46FFF799
:10A998008DFE0346E4B10022226062600122AA40D3
:10A9A80001680A420AD100F114014069024204D147
:10A9B80003F128019B6A1A420DD00B4604F11000DE
:10A9C80063602560A0609B6829469847002038BDD1
:10A9D8006FF0010038BD6FF0160038BD08B5436848
:10A9E80013B1DB688068984708BD08B5436813B1A0
:10A9F8001B698068984708BD013806289ABF024B32
:10AA080018560020704700BFD4550100F8B5044619
:10AA180000680E461546FFF7EFFF00284AD0D4F825
:10AA2800AC218021A31883F86C11531CA842B8BF2D
:10AA38000546382BC4F8AC3111D9A01800F5B6700A
:10AA48000021C2F13F02013002F072DDD4F8B831C2
:10AA5800201D04F5B67198470023C4F8AC31D4F82A
:10AA6800AC210021A01800F5B670C2F1380202F03E
:10AA78005FDDD4F8B021D4F8B431D20042EA537281
:10AA8800DB00C4F8B021C4F8B431082204F5D27050
:10AA980004F5D871271DFFF7DDFD384604F5B671BA
:10AAA800D4F8B8319847304639462A46BDE8F840C8
:10AAB800FFF7D0BDF8BD07280AD84FF0C24383403E
:10AAC80004D44FF0F053834004D401E04020704791
:10AAD80000207047802070472DE9F0470C46B0B041
:10AAE80090469A460746002846D00846FFF784FF56
:10AAF80081462046FFF7DFFF5045064607F18005EF
:10AB080013DA21462846FFF73FFF414652462846BA
:10AB1800FFF764FF284620A94A46FFF766FF4E451F
:10AB2800B4BFB246CA460DF18008002309E018F800
:10AB3800032082F0360182F05C020DF80310FA540B
:10AB480001335345F3DB2AEAEA7A07E036230DF8A6
:10AB58000A305C2307F80A300AF1010AB245F5DB2E
:10AB680021462846FFF710FF044638B928466946AB
:10AB78003246FFF733FF01E06FF00104204630B0A2
:10AB8800BDE8F08710B18030FFF728BF70472DE986
:10AB9800F843DDF8208004461546994661B10E4613
:10ABA800002707E032881AB120467168FFF7EAFFEC
:10ABB80001370836AF42F5DBB9F1000F09D0B8F11B
:10ABC800000F06D0204649464246BDE8F843FFF745
:10ABD800D9BFBDE8F8832DE9F0478A4690B0904682
:10ABE800064600282BD0D0F8807000F18004384643
:10ABF800FFF761FF81463846FFF7FEFE05462A4605
:10AC080020466946FFF7F1FE39462046FFF7BCFEAD
:10AC1800204631464A46FFF7E1FE204669462A4665
:10AC2800FFF7DCFE204669462A46FFF7DEFE50465F
:10AC380069464545B4BF2A46424602F0F5DB10B0E6
:10AC4800BDE8F087F0B51446ADF5337D07460E46EE
:10AC58001D4602A8234639463246FFF73DFF044603
:10AC680060B9BA9B02A800932946B89AB99BFFF726
:10AC78008EFF02A8BB99BC9AFFF7ADFF20460DF5E1
:10AC8800337DF0BD2DE9F04F93B01E9F81468B4672
:10AC980092461C461F9D002F68D0002D68D02BB10E
:10ACA800184602F0F1DC00F1010800E09846484639
:10ACB800FFF7A2FE064600285CD0431EEB1893FB64
:10ACC800F0F3FF2B079355DC4FF6FF73984551DCE3
:10ACD8001D9A9A424EDC2B4BADF83420002C08BF4D
:10ACE8001C461C9B01220E9312AB03F8012D1093F6
:10ACF800032300930023ADF82400ADF83C20019312
:10AD08000293A842D4BF0490049559464846524637
:10AD18000BAB0C940A97ADF82C800397FFF792FFC2
:10AD2800044600282AD14FF0020819E0AD1B002D77
:10AD38000A9723DD04230093002301930293BF198C
:10AD480048465946524609AB8DF847800397B542A5
:10AD5800D4BF04950496FFF775FF08F1010860B9A0
:10AD6800079A08F1FF339342E0DD07E03C4605E02F
:10AD78002C4603E06FF0160400E00446204613B0AA
:10AD8800BDE8F08F05EA89000B4B10B51A681C4620
:10AD9800904204D15A68914201D1184610BD6369A6
:10ADA800054A984206D19069143281420CBF104678
:10ADB800002010BD002010BD6C5D010073B5044675
:10ADC8000CF0F6DE14237422204640F60C410CF0F9
:10ADD8004FDE2046012104220DF030D82046022102
:10ADE80004220DF02BD801250021204640F61C62D4
:10ADF8004FF0FF3300950CF0A7DE112300930021DC
:10AE0800204640F618624FF0FF330CF09DDE41F209
:10AE1800021300930021204640F644424FF0FF33CE
:10AE28000CF092DEF32320464FF45E614FF0FF32C0
:10AE38000CF01EDE0023204640F6F8514FF0FF329A
:10AE48000CF016DE0023204640F6E4514FF0FF32A6
:10AE58000CF00EDE0823204640F6EC514FF0FF328E
:10AE68000CF006DE0023204640F6E8514FF0FF3292
:10AE78000CF0FEDDDB2320464FF45D614FF0FF321E
:10AE88000CF0F6DD0C220023204640F654410CF06D
:10AE9800EFDD284B00210093204640F6BC524FF0CE
:10AEA800FF330CF051DE244B29460093204640F630
:10AEB800BC524FF0FF330CF047DE204B02210093C9
:10AEC800204640F6BC524FF0FF330CF03DDE2A46D8
:10AED8002B46204640F624610CF0CADD40F6FF738D
:10AEE80000930021164E204640F6B4524FF0FF332F
:10AEF8000CF02ADE0021204640F6B8524FF0FF330E
:10AF080000960CF021DE4BF6982300932946204644
:10AF180040F6B8524FF0FF330CF016DE20464FF4DF
:10AF28005C614FF0FF32334602B0BDE870400CF070
:10AF38009F9D00BF101112131415161718191A1B0C
:10AF48001032547613B50C4602B949B1084913B109
:10AF58000B681C4003E00B681C4324EA03042240EE
:10AF680000920021702223460CF0BADB1CBD00BF02
:10AF7800A404000013B5144642690A2A0FDD29B15A
:10AF8800012905D002290AD1842202E0782200E0B2
:10AF98007C220093002123460CF0A2DB01E04FF055
:10AFA800FF301CBD2DE9F04104460CF07BDF002189
:10AFB8000A460B4607462046FFF7C4FF00210A460B
:10AFC8000B4606462046FFF7D5FF0022054602211C
:10AFD80020461346FFF7CEFFD4F8788015E0D8F85E
:10AFE800083083B198F80420002AD8F80C200CBF48
:10AFF8002846384600EA020012D03240904202D079
:10B00800D8F800109847D8F81080B8F1000FE6D1AA
:10B01800204641462A462B46BDE8F041FFF7AABF25
:10B028000028EDD1EFE74FF48030704738B50025A0
:10B038001D70D1F8CC304FF4006113602A460446E5
:10B048000DF0ECD8054638B1D0F8E031DA0103D478
:10B05800204601210DF0BCDC284638BD73B50446F6
:10B068000DF02AD818B920460DF0D2D860B3204682
:10B0780021466A460DF10703FFF7D8FF0646C0B11F
:10B0880040F22D1502E00A2006F056DFD6F8D4313A
:10B09800180706D4013DF6D103E00A2006F04CDF7C
:10B0A80001E040F22D15D6F8D431590701D5013DFC
:10B0B800F3D1204600210DF08BDC9DF807301BB939
:10B0C800204600990DF0B8D87CBD10B5044607F0AD
:10B0D800CDD82046FFF7C2FF012010BDF0B585B0DE
:10B0E80004460D4617460DF093D8002800F09480CA
:10B0F800A66E6EB1D4F8CC3004EB8303D3F8D42019
:10B10800236E9A4203D1606EB047064600E00026DF
:10B118002046214602AA0DF10F03FFF787FF0028FA
:10B1280063D0082F61D8DFE807F005141C273540E5
:10B138004A550D000095204600214FF49C724FF0AF
:10B14800FF334EE00021009120464FF49C720B46DD
:10B1580047E04FF0FF330093204600214FF49A72E6
:10B168003FE0002120464FF4EC720B4600910CF0B2
:10B17800B7DA00F0010539E025B120230093204615
:10B18800002103E002230093204629464FF4E87289
:10B19800222326E0002120464FF49A720B460091A4
:10B1A8000CF09EDAC0F3C02520E0002120464FF4C1
:10B1B800E0720B4600910CF093DAC5B216E000215C
:10B1C80020464FF49A720B4600910CF089DAC0F3CE
:10B1D80040250BE0EDB20095204600214FF4E072C7
:10B1E800FF230CF07DDA054600E001259DF80F30BD
:10B1F8001BB9204602990DF01FD8E36E6BB1D4F845
:10B20800CC2004EB8202D2F8D410226E914204D1F1
:10B21800606E3146984700E00546284605B0F0BD07
:10B2280000487047C05D01000020704710B50C460B
:10B2380041B18B6823B9C06F09680EF029DBA060A3
:10B24800A06810BDC06F10BD1FB5084A0346009224
:10B25800074A08460192074A0749126802921A6883
:10B26800064B02F0D5DB05B000BD00BF1456010047
:10B278004039010090600100E555010008560100C1
:10B2880008B1D0F888007047642910DC632921DAF6
:10B298004A291FD005DC07291FDB08291ADD3C29AC
:10B2A80012E0502916D018DB5C39032911E0C329B4
:10B2B80004DCC2290EDAA83902290AE0B1F5847F34
:10B2C80008D003DCB1F5807F07D103E0A1F58971CF
:10B2D800012902D86FF0160070470020704700203F
:10B2E8007047C88810F0080018BF6FF01600704744
:10B2F8004A6810B593424C8829DBE30603D50368F6
:10B308001B7E002B26D1210703D503681B7E002B4B
:10B3180023D0A20602D5437E002B21D0630722D476
:10B3280014F0030322D002994CF05EDE00281FD0EF
:10B33800E10702D58379002B1DD114F002041DD03A
:10B348008379002B0CBF6FF00500002010BD6FF053
:10B35800010010BD6FF0040010BD6FF0030010BDB8
:10B368006FF00A0010BD6FF0160010BD184610BD32
:10B378006FF01D0010BD6FF0060010BD204610BD17
:10B3880037B50546900723D58C6A0CB3A1682269A6
:10B3980063680905C3F30043117A44BF43F002030D
:10B3A800DBB211B1D2F8080101E0D2F804017F2222
:10B3B8008DE80C000022383004F13C01134675F08A
:10B3C80081DB2846214603B0BDE830407CF0E69F8B
:10B3D80003B030BD2DE9F04F87B000230F4610AC05
:10B3E8001599049305938046934694E87002DDF816
:10B3F80050A04CF0F9DDB7F90630002B1ADA1BF033
:10B40800010FB9883A890CD04900CDF8009001960F
:10B41800CDF80890CDF80CA0D8F8100001313346CB
:10B4280005E08DE86006D8F810004900234607F0CB
:10B43800B3FD0FE0032D0BD9042204A8214601F027
:10B44800F3DF072D04D905A8211D042201F0ECDF44
:10B458006FF0160007B0BDE8F08F000038B50C4655
:10B4680005460846484902F0D3DA4849204602F022
:10B47800CFDA4749204602F0CBDA4649204602F0A7
:10B48800C7DA4549204602F0C3DA4449204602F0AB
:10B49800BFDA2046424902F0BBDAD5F8340137F06A
:10B4A80043DA20B9D5F8380139F0DEDA18B1204688
:10B4B8003C4902F0ADDAD5F8340137F035DA18B185
:10B4C8002046394902F0A4DAD5F8380139F0CCDA47
:10B4D80018B12046354902F09BDAD5F830013AF028
:10B4E80001DC18B12046324902F092DAD5F8300171
:10B4F80005F0ACF918B120462E4902F089DA204649
:10B508002D4902F085DAD5F84C0165F04FDF18B106
:10B5180020462A4902F07CDA2B6893F83B301BB1AD
:10B528002046274902F074DA2649204602F070DAEC
:10B538002549204602F06CDA2B6A186909F020FCCC
:10B54800820707D52149204602F062DA20462049C1
:10B5580002F05EDA20461F4902F05ADA20461E49F8
:10B5680002F056DA20461D4902F052DA20461C49FC
:10B5780002F04EDA20461B4902F04ADA1A49204600
:10B58800BDE8384002F0449A1D56010021560100DA
:10B59800265601002B560100345601003D56010085
:10B5A80041560100465601004D560100575601000C
:10B5B800615601006A560100735601008256010067
:10B5C800875601008E56010095560100A1560100CC
:10B5D800AA560100B7560100BC560100C656010024
:10B5E800CB560100D0560100D856010030B585B0C1
:10B5F800054668460C4602F0F5D928466946FFF725
:10B608002DFF204605B030BD2DE9F04F03F00103B2
:10B61800A9B004461493D4F87C3410691B680E460C
:10B62800C358D0F858131B7891460F93D4F8803438
:10B63800B2681B681991C35808901B780992159332
:10B64800138860680B9303F00C039B08022B08BF58
:10B658000B9913930B9A0CBFC1F3C0130023DBB2F1
:10B668001A9302F44073A3F540756B4243EB05034C
:10B6780031461C93379F03F08DDA369B04300E90C9
:10B6880083B11B7A0B2B07D1236893F8AD304BB1EC
:10B6980036988379072B05D836990E9A91F90F3089
:10B6A800D2180E92D4F8B031002B2DDA369B03B3A2
:10B6B8001B7A022B1FD194F8B022F2B90898036DB7
:10B6C80013F008031CD136998A792168D1F8B8108B
:10B6D8008A4217D2032A15D90B2A13D8B2699000C7
:10B6E80010D4339A012A0FD10E9B012008330E93F0
:10B6F80004E0369A04E0002304E000200C9005E002
:10B708000C9203E00C9301E000210C91B568B38919
:10B71800AA1F7633A5F176001D92B381002170220D
:10B72800B060189001F004DFB38BD90402D4B26979
:10B73800520502D51B051B0D20E0D9F80420A04BAB
:10B748001340BBB10B9901F0FC03882B12D1099A65
:10B758001379D8070ED43398F289411E02F00702F4
:10B768003298583209EB42028842D38806D1591CD4
:10B77800D18003E01399012906D111E0139801281B
:10B788000ED00021079102E0102207920023329880
:10B798001B019BB200F00F0209991343CB8201E011
:10B7A80000220792099BA068DA8AB38B23F47E6390
:10B7B80023F01F0343EA1213B38314F003DA0107DB
:10B7C80003D5B38B43F40053B3833498042808D1CA
:10B7D8002046089935F82A2C14F080DEADF8980038
:10B7E80019E03299339801F00F02B4F85A33411E28
:10B7F800329842EA0312884292B202D10133A4F885
:10B808005A333499520147F6E073134001F00702A6
:10B818001343ADF8983099F8D7303BB90B9A02F03A
:10B82800FC03802B02D0089883791BB9079941F053
:10B8380020010791634B3B40002B40F0828007F0CA
:10B848004072B2F1807F00F08180139A012A30D9CA
:10B85800B369DA062DD4002B2BDB96F91F30002BA9
:10B8680027DB226A574BD2F8488008EA030323B93A
:10B8780008F04073B3F1807F03D109980379DF079B
:10B8880066D4D2F844804F4B08EA030323B908F082
:10B898004073B3F1807F04D109990B7913F0010348
:10B8A80059D0099A1379D80703D4D9F80830190759
:10B8B80005D599F8407007F07F07B84649E002239C
:10B8C8008DF8863027AB0093D4F85C011FAB49464E
:10B8D80026AA7CF053DD0B98DDF87C8000F0FC0391
:10B8E800482B209F01D0C82B0BD141460898002235
:10B8F8002AF0F4DE99F84070804607F07F070023AD
:10B9080008E0B369329943F00063B361D1F10103F0
:10B9180038BF0023BDF89C20D20703D5B26942F492
:10B928000052B261226892F8E120BAB1D4F8F80660
:10B938004946BDF8982005937CF0D4DA059B12900F
:10B948000DE00022B8461292134608E0B84603E01C
:10B958004746002300E04746129300E0129222680F
:10B96800D4F8840492F84F2090F80CB012F0030237
:10B9780000F09C818278012A09D9216A91F94D1039
:10B98800A1F1010EDEF1000141EB0E0100E0002102
:10B99800012A5FFA81FA17D9226A92F94D200132F9
:10B9A80012D1D9F8042012F080420ED00E300221B4
:10B9B800059302F0E7DC021C18BF0122059B04E096
:10B9C80040000100FF0000C0002218F0407FD0B204
:10B9D8005FFA88F207D01F2A02D9202A07D0553AE1
:10B9E800072A04D91CE0A0498A56002A18DAB8F1B7
:10B9F800000F15DB28F4801828F4407818F04072FE
:10BA080009D0BAF1000F03D1B2F1807F03D110B190
:10BA180048F4801804E0BBF1010F08BF48F48078AF
:10BA280017F0407FFAB207D01F2A02D9202A07D080
:10BA3800553A072A04D91BE08B498A56002A17DA97
:10BA4800002F15DB27F4801727F4407717F0407292
:10BA580009D0BAF1000F03D1B2F1807F03D110B140
:10BA680047F4801704E0BBF1010F08BF47F4807763
:10BA7800B4F8582402F46052B2F5C05F2CD118F41F
:10BA8800E0221FD118F0407F17D0D9F80420120304
:10BA980013D5226892F83B2092B1089882797AB13E
:10BAA800D0F80821528E02F46052B2F5C05F0CBF84
:10BAB8004FF400324FF4803204E04FF4803201E05A
:10BAC8004FF4003218F0407F13D05FFA88F1202934
:10BAD80008BF4FF400320CE05FFA88F2F9B2202A6E
:10BAE80008BF4FF08078202908BF4FF080774FF4C7
:10BAF800803227F4E02A17F0407F28F4E02848EA4B
:10BB0800020818BF4AEA020A226A08BF4AF4803AC1
:10BB1800516C564A0A40002A53D101F04071B1F1E4
:10BB2800807F4ED018F0407F94F81C2204D0012A60
:10BB380002D148F4000802E00AB928F400081AF013
:10BB4800407F94F81C2205D0012A03D14AF4000A48
:10BB580000F009BE002A40F006862AF4000A00F028
:10BB680002BED9F80410C8032BD5D9F80810090665
:10BB780027D5013225D118F0407F0FD05FFA88F21F
:10BB8800A2F15701012909D9632A07D0642A05D0EF
:10BB9800652A03D0662A18BF48F480081AF0407F47
:10BBA8000FD05FFA8AF2A2F15701012909D9632A55
:10BBB80007D0642A05D0652A03D0662A18BF4AF43C
:10BBC800800A2046494605931AF060DC18F0407256
:10BBD800059B45D01599022908D108F4E02BABF54F
:10BBE8000032D2F1000B4BEB020B01E04FF0000BDF
:10BBF8005FFA88F21F2A04D8072A94BF002101217E
:10BC08000AE0202A06D0A2F15501072994BF002195
:10BC1800012100E00021C9B239B199F8FE1021B123
:10BC280099F8FF10003118BF012118F4000F119185
:10BC38001ED01F2A04D8072A8CBF0022012209E03F
:10BC4800202A05D0553A072A8CBF0022012200E09D
:10BC58000122D2B2002A0CBF024604220D9208E04B
:10BC68000D929346119204E058168900FF0000C017
:10BC78000D901AF0407226D01AF4000F25D05FFA02
:10BC88008AF21F2A04D8072A8CBF0022012209E061
:10BC9800202A05D0553A072A8CBF0022012200E04D
:10BCA8000122D2B2002A18BF04200EE028F4E028AE
:10BCB80027F4E02A48F480384AF4803A10920D922A
:10BCC8009346119202E0109200E0109093B1089A06
:10BCD8003398D2F8301102EBC103C2B2C3F838214D
:10BCE8000131089A01F03F01C3F83481C2F83011DC
:10BCF800C9F820A218F0407703D15FFA88F31B93A4
:10BD080003E0404674F058DE1B901398022800D0D8
:10BD180088B9B4F868340E99994202DCB3695B01BA
:10BD28000CD5099A1198137903F00103002B08BF69
:10BD38000120179004E01199179101E0119A1792C8
:10BD4800236A597D41B10F9B33B12FB9884A5FFAF5
:10BD580088F3D356002B07DB236893F84F309807F6
:10BD680027D037B3159820B3339A012A0ED90F9BE1
:10BD7800002B0CBF4FF0300A4FF0160AB3694AF493
:10BD8800803A23F00063B361D04612E089B10F987E
:10BD980078B167B908F07F03022B0AD0042B08D0CA
:10BDA8000B2B06D0162B18BF4FF0010B01E04FF0FC
:10BDB800010B18F040710F911AD108F07F03162B70
:10BDC80016D86C4A9A4013D5149A62B15FFA88F370
:10BDD800022B0BD0D9F8103093F92C3113F1FF3323
:10BDE80018BF012300E0149B0D9301E00F980D90FC
:10BDF8001AF0407116911BD10AF07F03162B17D841
:10BE08005C4A9A4014D5149A6AB15FFA8AF3022BF5
:10BE18000CD0D9F8103093F92C2112F1FF3218BF49
:10BE28000122109204E0169B109301E016981090DE
:10BE38001399D9F80430022908BFC9F8588113F4B6
:10BE480080334AD094F80D32002B46D094F8113242
:10BE5800002B42D0159A032A30D00F9B4BB908F01B
:10BE68007F03022B2CD0042B2CD00B2B2DD0162B80
:10BE78002ED00998037913F001032BD10B9901F007
:10BE8800FC02882A29D1349A032A26D8B3691C9837
:10BE980043F48053B361079B099900280CBF18220B
:10BEA8001E2243F4A04307938B5A23F060031B041C
:10BEB8001B0C43F020038B52012207E000230CE007
:10BEC8000F9808E00F990A9108E00F9A0A9205E086
:10BED8000F9B02E000200A9000E00A931D9920467B
:10BEE80000910E9A41460B9B20F08CD922AF204638
:10BEF80051460E9A0B9B009720F084D90622A5F193
:10BF08004000394601F090DA169A62B90AF07F03C8
:10BF1800162B08D8174A9A4005D50E9B05F83C3CC5
:10BF28001B0A05F83B3CB3690F995A0512D591B124
:10BF3800369A22B1127A042A01D00B2A1CD143F472
:10BF48000063B361179894F8DA32002B18BF012008
:10BF5800179011E081B9064A5FFA88F3D356002B8F
:10BF68000ADA15F8063C03F00F03149307E000BF44
:10BF7800581689000002102815F8062C14920B9BFD
:10BF8800A42B14D009980379DB0710D40A9981B936
:10BF9800B36920465F05414602D517F021DD03E06D
:10BFA8000D9A359B20F008D9099A508014E00A9B15
:10BFB80053B1414620460D9A40F62A131FF0DCDEA5
:10BFC800099980B2023048800B9AA42A04D10998B2
:10BFD800438825F83A3C19E009990B79D90701D427
:10BFE8000A9A2AB1002305F83A3C05F8393C0DE0D5
:10BFF800B36920465A05514602D517F0F1DC03E033
:10C00800109A359B20F0D8D825F83A0CB2699305D8
:10C0180009D5B38C25F8343CF38C25F8323C079BC2
:10C0280043F400530793329818B9079941F008016F
:10C03800079109980379DF0712D4D00410D494F833
:10C0480010320BB151060BD4520505D41A9919B107
:10C05800199A92F828301BB9079B43F001030793FC
:10C06800924B34981399185C022915901CD1349A74
:10C07800032A19D894F80D32B3B11B9B042B13D99A
:10C08800D4F8340136F062DA70B91998159900EBD2
:10C0980041039B8B13B1B3695B0505D5119A1AB996
:10C0A800079B43F480530793236A186966F018DCEA
:10C0B80000F46050B0F5C05F03D1079840F4807079
:10C0C80007900C9919B1079A42F400420792079B0E
:10C0D80025F8763C369810B394F8B03213BB08991B
:10C0E8000A6D12F0080221D1037A0B2B06D12368BE
:10C0F80093F8AD30D3B18379072B14D8369A937956
:10C108002268D2F8B82093420FD2B26997000FD4B0
:10C118003698027B02F0070242EA031203E03699DE
:10C12800079107E00022079204E00023079301E04B
:10C138000020079010994B1EDBB2012B04D8079AF8
:10C1480042F400539BB20793A5F1720009990222A9
:10C1580001F06AD9002305F8703C05F86F3C05F832
:10C168004A3C05F8493C369B002B2FD094F8B03256
:10C17800002B2BD10898036D180727D436990B7A12
:10C188000B2B06D1236893F8AD30FBB18B79072BC5
:10C198001CD8369B9A792368D3F8B8309A4215D2BE
:10C1A800B369990012D41C9818B9099901F11802B9
:10C1B80002E0099B03F11E021A9800B10232002323
:10C1C800009320461899369B2EF078DC09990622B0
:10C1D8000431A5F15000139101F026D9BDF898302B
:10C1E80025F82A3CD4F84401089960F0E7DC35F8D2
:10C1F800303C80B243EA002325F8303C002305F8A0
:10C20800283C05F8273C05F8263C05F8253C05F8A8
:10C21800243C05F8233C05F8223C05F8213C05F8A8
:10C22800203C05F81F3C179A1AB9BBF1000F01D141
:10C23800E1E09B460022414608982AF04FDA0022A6
:10C248000690514608982AF049DA069B089013F0A0
:10C258004073189306D10699154BC8B21B56002B8C
:10C2680003DA14E0069874F0A7DB023818BF01203F
:10C2780070B1D9F8103093F92C31012B0AD0079AF4
:10C2880042F480439BB2079301230C9304E018986F
:10C298000C9001E000210C91089B13F0407209D129
:10C2A800D8B2034B1B56002B07DA1DE06CE188005F
:10C2B80058168900089874F07FDB023818BF0120EF
:10C2C80078B1D9F8103093F92C31012B0BD007989D
:10C2D80001216FEA40436FEA53439BB207931191E0
:10C2E80003E0119001E00022119235F8763CBBF191
:10C2F800000F02D043F4006301E043F0060325F881
:10C30800763CBBF1000F0CBF4FF0140C4FF00E0C35
:10C31800A5F11E0362460093204606990B9BCDF8B3
:10C3280014C01FF06FDFDDF814C024AF62460B9B0A
:10C338002046089900971FF065DF39460622A5F1C7
:10C34800480001F071D80C980D990E9AA5F11803C0
:10C358000B9300900191029200275946069A434692
:10C36800204603971FF06CDF25F8160C119B1098D8
:10C378000E9900930190029120465946089A534617
:10C3880003971FF05DDF25F8420CA5F11400BBF1FF
:10C39800000F09D06FF03B0305F8183C05F8177C2F
:10C3A800099A02F10A010EE06FF04B0305F8183CF8
:10C3B80005F817BC1399062201F036D8099BA5F198
:10C3C8000E0003F10A01062201F02ED81498189ADB
:10C3D80081B252B906989F4AC3B2D356002B04DAE9
:10C3E80015F81E3C03F00F0301E015F81E3C1B0274
:10C3F800194314911FE059460622A5F11E0001F0C9
:10C4080097D859461022A5F1180001F091D8A5F146
:10C4180048005946062201F08BD805F842BC05F8B9
:10C4280041BCCDF820B0CDF818B0CDF82CB0CDF87F
:10C4380044B0CDF830B0B3695A050FD50F9969B13A
:10C4480028AB002223F8022D0093D4F83401494682
:10C4580042460E9B36F096D805F8430C079B25F804
:10C46800743C149825F8640C1699B1F1807F0BD0B0
:10C4780031B90AF07F03162B02D8774A9A4001D4C3
:10C48800012002E0169800E00220069A80B202F02D
:10C498004073B3F1807F0BD033B902F07F02162AC4
:10C4A80002D86D49914000D401239B009BB200E063
:10C4B80008230899184301F04073B3F1807F0BD02B
:10C4C80033B901F07F02162A02D86349914000D49B
:10C4D80001231B019FB200E02027236A0743186944
:10C4E80066F0FED9C0B247EA002725F8627C0F9AA9
:10C4F800B2F1807F0CD032B908F07F03162B02D836
:10C50800554A9A4001D4012300E00F9B9BB200E0FA
:10C5180002230D98ADF89A30421ED2B2012A09D8EA
:10C5280043F01003ADF89A302368D3F888309A693D
:10C5380001329A6141462046BDF89A707EF080DC4F
:10C54800B3690743B9B21B01ADF89A100ED5236839
:10C5580093F8E13053B1236A186967F099DB236ACD
:10C568000DF19A011869129A67F0ACDBBDF89A30A0
:10C57800414625F86E3CB4F85824204627F09AD94D
:10C5880025F86C0C51462046B4F8582427F092D967
:10C5980025F86A0C179911B9BBF1000F0FD006994D
:10C5A800B4F85824204627F085D925F8680C08994E
:10C5B8002046B4F8582427F07DD925F8660C0F9A40
:10C5C8004AB10D9B042B06D1204641460E9A1FF016
:10C5D80077DC25F8380C169848B11099042906D14B
:10C5E800204651460E9A1FF06BDC25F8360CD9F818
:10C5F8000430580640F1AE801A9A002A00F0AA804A
:10C608001998159900EB41039B8B002B7BD0B369DC
:10C61800590500F19F80329A002A40F09B800E9BBA
:10C62800204641460D9A1FF0A7DB0B9B0990ABB142
:10C6380006990C9A204617F041D808990746119A8E
:10C64800204617F03BD80B99B1F802B0BB4435F837
:10C65800427C1BE058168900000210280A9ABAB9D1
:10C6680041460D9A0A9B20461FF0A6DD099B5146BC
:10C6780000EB030B109A0E9B20461FF07DDB514602
:10C688000746109A20460A9B1FF096DDC71902E05C
:10C69800DDF824B00B9F1FFA8BF225F8702C25F8D3
:10C6A8004A7C1998159900EB41039B8B0998C3188C
:10C6B8009B1A9BB21A0419D4204641460D9A16F0CB
:10C6C800FFDFFF2805D9B4F85A24904238BF024644
:10C6D80001E04FF48072349992B204EB4103B3F84D
:10C6E8005C34934202D0204618F076D8236893F839
:10C6F8004430002B2ED0349A032A2BD8D4F860016A
:10C7080015995A4623E0236893F8443013B3349BB1
:10C71800032B1FD81A480B99C75C204639B10C9ACD
:10C72800069916F0CBDF0B9B5A8882180CE041461D
:10C738000D9A0E9B1FF020DB0D9A054641462046B8
:10C748000B9B1FF039DD4219D4F8600139464B467E
:10C7580050F0F0D8B369BDF8980043F08403B36192
:10C7680029B0BDE8F08FD4F8842428F4800892F921
:10C7780013202AF4800A012A7FF4F3A9FFF7FBB9F2
:10C788006CE1880070B50B6912B15478032C01D89C
:10C79800002212E04D6845F480744C605679012EF1
:10C7A8008DBF24F4806445F4A0654D604C605478D6
:10C7B800052C2FD9062C03D1012283F8A42370BDA0
:10C7C800147A14F0040F4C6814BF44F0806424F009
:10C7D80080644C60147A04F00804D4F1010438BF72
:10C7E800002483F8A4438B6823F004038B605478F7
:10C7F800062C0FD9127AD2060CD5026843F004032E
:10C808008B6092F80C21D00704D592075CBF23F007
:10C8180004038B6070BD00002DE9F04FB5B09A4657
:10C828003F9B05460B2B894616463E9F409C40F28F
:10C83800E6800C3B04931AF07DDE0021C8220590A7
:10C84800204600F075DE31460622204600F0ECDD79
:10C85800FA7ABB7A494643EA022303F00302012A23
:10C86800A4F86230E38808BF84F83420BAF1000FD6
:10C8780014BF4FF4807200221343E38028465BF014
:10C888009BDF60857A7A3B7A07F10C0B43EA022337
:10C8980007AFE385002128220DF14408384600F04F
:10C8A80047DE2DAE00212822404600F041DE4FF041
:10C8B800FF3300210C223046ADF8CE3000F038DED0
:10C8C8000DF1CE032F93049BBAF1000F0CBF4FF06C
:10C8D800600A4FF0700A8DE8480028460021524649
:10C8E8005B462D97CDF8B8801CF0D6DA002840F0CA
:10C8F8008680059B4246DEB2284604F13803394655
:10C908001FF0D0DBBDF8CE304FF6FF72934217D040
:10C918005A1E92B2DE2A75D843F480520E2B8CBF71
:10C928004FF440430023D5F8580143EA020152F07E
:10C9380043D858B9D5F864319B889B0506D461E083
:10C94800731E9BB2DE2BADF8CE605BD8BDF8CE303F
:10C958009E4203D1E28842F00202E280EB1893F88B
:10C968003C20494684F86120284652B25BF0C8DE74
:10C97800BDF8CE30A08543F480520E2B8CBF4FF407
:10C98800404300231343638600210C2230A800F0A3
:10C99800CFDD1F4B0DF16C0830931E4B0021282270
:10C9A8004046319325AF329500F0C2DDBDF8CE3058
:10C9B8000021202238468DF872301B9400F0B8DD33
:10C9C800049BD5F8940602930021524630ABCDF86B
:10C9D800B080CDF894908DF8A4608DE8800857F069
:10C9E80011D988B9608E431EDBB2DE2B0AD802F05B
:10C9F80059DA00280CBF00206FF0130004E04FF054
:10CA0800FF3001E06FF0130035B0BDE8F08F00BFD4
:10CA1800112A8200812B82002DE9F04FA5B004462F
:10CA2800D2F808A18B4615460021282205A8984669
:10CA380000F07EDD0FA80021282200F079DDD4F86F
:10CA48006C3313B104F55B7008E0236893F82F305A
:10CA580073B9236A5B7D052B04D1694805A973F076
:10CA6800EFDF05E0042B03D1204605A91FF066DDA2
:10CA780005AF3B460FAE204629460AF138020DF1B4
:10CA88006409009628F090DA00212422484600F034
:10CA98004FDD0021082222A81A971B9600F048DDD6
:10CAA80094F84135CDF88C90DA0702D52A6DD7076E
:10CAB80008D49E0708D52B6D03F00603023B18BF68
:10CAC800012302E0002300E00123226892F84F20AE
:10CAD80012F003020BD0D5F8EC2012F4805205D1E5
:10CAE8009DF8BC10002908BF1A4600E0002224ABBC
:10CAF80003F8082D1FFA8BF6009332460023D4F86A
:10CB08009406294657F056D82E9A00F10C09136856
:10CB18000746994571D8404600210C2200F008DDEF
:10CB2800BAF82E30A8F80830AB7923B1012388F879
:10CB38000A30002306E0D5F8EC2012F4803204D045
:10CB480088F80A3088F80B3004E0022388F80A30A5
:10CB580088F80B202A6D40F23713134043B195F83B
:10CB680058302BB1B8F80A3043F01003A8F80A304F
:10CB7800236893F830306BB9236A1B68022B09D1FC
:10CB8800BAF86230980605D5B8F80A3043F02003A1
:10CB9800A8F80A30236A5B7D43B194F872342BB14C
:10CBA800B8F80A3043F48063A8F80A30236893F889
:10CBB800A9305BB1D5F8EC30590407D4AB792BB167
:10CBC800B8F80A3043F48073A8F80A3022AB00930F
:10CBD80008F10C030193D4F8940600232946324641
:10CBE800029756F055DFBBF1800F03D1D5F890308E
:10CBF8001C9A5A612E9BC3F8009025B0BDE8F08FAF
:10CC0800D40D89002DE9F04F4E688FB01746C6F352
:10CC1800C0420C46D1F808A002920546002104A89B
:10CC28002822994600F084DC2369C6F3004B26F0DD
:10CC38008646039326F4EA162AF083036660A36007
:10CC4800002F00F0BF803B7897F8018043EA08285E
:10CC5800A4F80081BB7884F8023146F4803363601D
:10CC68002B6893F84120B2B193F842309BB146F457
:10CC7800A026D4F82431666093F85D307BB91AF4A5
:10CC8800007F03D094F82430D90608D528462146D9
:10CC980036F04EDC03E02846214636F03BDC06221F
:10CCA800284621462DF05EDFA26812F0006222D1EC
:10CCB80008F00C039B10012B94F8FE0094F8FF1069
:10CCC80006D0032B09D043B9012284F8FE2001E0E5
:10CCD80084F8FE3084F8FF3003E084F8FE2084F8FE
:10CCE800FF2094F8FE30834207D194F8FF60761A4B
:10CCF80018BF012602E0002600E0012618F4407F54
:10CD080003D0636843F08043636018F0010F03D0D9
:10CD1800A36843F08003A36018F0200F03D0A36832
:10CD280043F00103A36018F0400F03D0A36843F059
:10CD38000203A360A3680AF0030A03F003039A45F9
:10CD480018BF012618F0100F03D1636843F480134D
:10CD5800636018F4804F03D0636843F00073636026
:10CD6800C8F34008B9F1000F38D005F53E7003301C
:10CD78004946162200F058DBB8F1000F03D099F8A5
:10CD88000180C8F3800899F801301A0703D5636851
:10CD980043F08073636099F8023013F008030ED0F3
:10CDA800039A41F61001D2F8083140F608425B8E2A
:10CDB80003F44043B3F5404F14BF0B461346A5F8A0
:10CDC800DC320BE02846214606222DF0CBDE284631
:10CDD800214636F09FDB3E46B84619E01022F91C82
:10CDE8000DF1250000F020DBD5F8843404A89978EB
:10CDF80073F0E4DED5F86812284624F095DEFF23A8
:10CE08000190002204A800930146134673F05ADEED
:10CE1800BBF1000F11D0636813F4803310D009AA56
:10CE28000023E11812F8010F91F85110884206D139
:10CE38000133102BF5D1002302E05B4600E001230B
:10CE4800626802F48031C2F30042934500D163B1B5
:10CE580004F1510029B10DF12501102200F0E4DAA6
:10CE680002E0102200F064DB0126B8F1000F03D0C5
:10CE7800636843F400236360029B434500D146B1D5
:10CE8800D5F8843493F87B301BB9284621467BF0CB
:10CE980085DA0FB0BDE8F08F00F506612DE9F041A5
:10CEA800093104464AF0D6DF94F872380546002B5B
:10CEB80074D0002872D06A21206948F0CFDC46007F
:10CEC80006F114084146206948F0C8DC00220746EC
:10CED8004146206949F004DB380406D4304831491A
:10CEE8003A46BDE8F04100F0499BD4F88484012318
:10CEF80088F86D3198F828313BB1A068D8F830111E
:10CF080011F044DE002388F82831204629460CF029
:10CF1800C2F998F81D3153B1012388F82831A06867
:10CF2800D8F83011D8F82421002311F009DE20693F
:10CF380006F1160148F092DCB4F8703883422DD11E
:10CF48000022134679B22846D5F810615BF094DCCC
:10CF580028465BF0D7DBAB798BB9D5F81421D5F827
:10CF68000831128A5A852B7C4BB1D5F8EC309904DC
:10CF780005D473791BB92846012144F0E5DA00236A
:10CF8800B37194F80C22D6F8F0309A4206D02846AD
:10CF980084F80C32BDE8F04124F04A9ABDE8F081EB
:10CFA8001B5A8900F14D89002DE9FF4104460D46C1
:10CFB80016461F460A994BF017D82046294632468E
:10CFC8003B46FEF761F9B0F10008C0F2A180236882
:10CFD8005B7E4BB9206956F02BDC28B1A06811F0B4
:10CFE800DBDD4FF0FF3893E03EB1032F05D903A8EE
:10CFF8003146042200F018DA01E000230393342DAF
:10D0080018D008DC022D11DB032D13DDA5F11B035D
:10D01800012B0BD80EE0D62D0CD001DCA32D04E09B
:10D02800FB2D07D040F20B139D4203D0002E65D094
:10D03800002F63DD3E2D02D0402D62D135E02368FC
:10D048001B7E002B60D0D4F88424039992F81C31FD
:10D058008BB1CBB282F84631D4F884241172D4F85B
:10D068008424206992F8AC100122009201920022D7
:10D0780049F0C0DB3FE0204649B27DF095DEB0F1D3
:10D08800000845DBD4F88434039A20461A722CF041
:10D0980095DF20467DF028DF2046D4F8B0141EF036
:10D0A80051DA204624F038DA32E0039B5A1C042A6D
:10D0B8002CD8013301D103230393D4F88434039982
:10D0C80093F81C2172B1C9B283F8AD10D4F8843436
:10D0D800002293F84531206900920122019249F01B
:10D0E80089DB04E0236AC9B2186965F07BDAD4F8F1
:10D0F8008434039ADA714FF0000809E06FF00108F0
:10D1080006E06FF0160803E0984601E06FF01C088F
:10D11800404604B0BDE8F0812DE9F341089C07467C
:10D128000E46154698460094FFF73EFF10F12F0F64
:10D138000CD010F1170F0BD1384631462A4643461A
:10D14800089402B0BDE8F04118F0B09B6FF01600EB
:10D1580002B0BDE8F08113B504462CF011D8204682
:10D168001CF0B8DBD4F88434012293F8AD102069A0
:10D1780093F846310092019249F03CDB206902B0F5
:10D18800BDE8104056F0669B37B5036804465B7EE1
:10D19800002B40F01A81006956F04ADB002840F065
:10D1A8001481236893F8203033B9206947F072DE80
:10D1B8002368012283F82020206905F012FE2368E5
:10D1C80093F8693113B120464BF042DCD4F884342B
:10D1D800032293F8513000928022002B14BF13468B
:10D1E80000232046042126F04FDA2368DB6EE3B9DA
:10D1F800206948F0CFDF093017D12268D36E13F0C9
:10D20800020512D143F00203D366D4F864325959A7
:10D2180041B18B7933B94B7923B10B7C13B12046DB
:10D228004AF05EDC0435202DEFD12368DB6E1BB19C
:10D23800204619F087D9C6E0206948F0F7DC206954
:10D2480090F934114D1C03D1012148F0EDDC01E0C7
:10D2580048F042DC01236376204627F0ABDD2368E3
:10D268002046596B0323009321B14FF480720021AB
:10D27800134602E04FF480720B4626F005DAA068E8
:10D2880011F006DD236801221A7694F8CF3173B1C4
:10D2980020462CF093DED4F854332046598E2BF0D8
:10D2A800BFD9002384F8CF31204624F035D9D4F8EB
:10D2B80044260321204624F033D9204616F0E8DB23
:10D2C800B4F83415204629F095D9206948F04EDF86
:10D2D80003232022009320461346012126F0D4D9A7
:10D2E800236893F82F301BB1D4F818053BF0AADF58
:10D2F80020461DF08BD820467AF0D0DD01254FF46A
:10D308007A72D4F8E8110123A06811F019DCD4F876
:10D318009C0184F82A5280F001DE20467DF0E4DD8D
:10D32800D4F88434204693F9121017F0F1DD204622
:10D338002DF034DD20462DF01DDD204629462DF048
:10D34800BFDDE36884F86056D3F82421294642F00B
:10D358004002C3F82421236A0022186965F048D9DD
:10D36800236884F88C5693F8693113B120464BF042
:10D37800AFDB6A21206948F071DA003018BF01205C
:10D3880084F873087E21206948F068DA421E92B258
:10D398004FF6FD739A4206D8430001304000A4F8C6
:10D3A8005038A4F85208B4F8501821B12046B4F8FF
:10D3B80070272DF065DFB4F8521849B12046B4F84B
:10D3C80054282DF05DDF002003E06FF0080000E036
:10D3D80008463EBD2DE9F04FB5B0DDF8FC800D9351
:10D3E800B8F80A700D46ADF858701146BFB29146AC
:10D3F800129704461AF09ED8B9F81670C0B21A9758
:10D40800B9F8047010900D9948461B9773F056DCD4
:10D41800419F4FF0000A87F800A008F10C07159704
:10D42800409F0F900C3F1897109FDDF860B00C9745
:10D43800159ECDF844A0CDF824A0CDF864A0CDF871
:10D4480028A0CDF838A0CDF82CA0CDF850A0CDF864
:10D458004CA0CDF820A0CDF81CA02F464FE0337883
:10D46800951C2D2B21D007D8012B13D043D3032B88
:10D4780012D02A2B40D114E03D2B1DD005D8089995
:10D48800322B08BF3146089136E04A2B1BD0DD2BE2
:10D4980032D11FE007962FE0B2784FF0010A0C92C4
:10D4A8002AE0B31C1393149226E0204631462A46FC
:10D4B80058F03ADA0A901FE0204631462A4658F0DA
:10D4C80009DA0E9018E0204631462A4657F09CD9D2
:10D4D800199011E0032A0FD9B01C04229149FFF3D7
:10D4E8008FF7119B002808BF2B461193099B08BF93
:10D4F8003346099300E00B967619C5EB0B0BBBF18D
:10D50800010F03DD7278531C5B45A8DB3D46099F7C
:10D518003FB10A9F2FB920460999119A58F0B8D9F6
:10D528000A90002D7AD1129FBE0740F1DA830B9B37
:10D53800002B00F0D6832046991C5A784AF00EDD5D
:10D548003190002800F0CD83037C002B40F0C98384
:10D55800037A002B00F0C583D0F80831588E01F00B
:10D568006FDC0C9F874240F0BC83319F20463946D0
:10D5780017F054DD002847D0384649460D9A4346EF
:10D588001DF09ADF00283FD040993E9BD7F80461F0
:10D5980003F110020191204649460123CDF800808D
:10D5A8000296FFF739F9002830D1B6F830B0BBF150
:10D5B800000F2ED1216AD4F8843450315A469B7812
:10D5C80006F1380073F052D94099384600910D9A07
:10D5D8004946434643F034D9CDF800B0CDF804B0FD
:10D5E8003B7C2046D3F1010338BF002302937D2200
:10D5F800394607F1DC03CDF80CB0CDF810B01EF0B9
:10D608008DD901220B9206E00B9504E000230B93C1
:10D6180001E000210B914FB33D4601E000270B9735
:10D628001A9F3E9917F4404F0CBF4FF0000B4FF074
:10D63800010B01F10A07204629463A465B467AF073
:10D648004DDB064600BB2B7C002B40F04D8320466B
:10D6580029463A465B467AF043DC0646002800F045
:10D668004383204631467AF0ABDA0DE094F88E32E7
:10D67800002B00F039833E9F204607F10A0131AAAA
:10D688007AF0D6DA064610B17368D80720D4089F16
:10D6980027B17878B91C27F07BDD58B9079F67B1A7
:10D6A800B91C787827F074DD10F1000B18BF4FF023
:10D6B800010B04E04FF0010B01E0DDF81CB066B18E
:10D6C800BBF1000F07D1736843F00103736004E0F6
:10D6D8004FF0000B01E04FF0010BCDB1AB79DBB996
:10D6E8002B7A0BB3D5F808315B8E079303F460539C
:10D6F800A3F5C052534243EB02030798089301F085
:10D708009FDB0C9FC11B484240EB010009900EE0D3
:10D718000895079509950AE000270897079709973C
:10D7280005E000BFFE370100089307930993B4F89A
:10D738008E32002B7FD0236A5B7DC3B10C9FD4F857
:10D748007C040E2F8CBF4FF44042002247F48051D6
:10D75800129F114307F02003D3F1010338BF0023C0
:10D768000193139A149BCDF800B071F0CDDE2368B5
:10D7780093F84F309B0712D00C9FD4F880040E2FDB
:10D788008CBF4FF44043002347F48051089F19434E
:10D798000E9A0A9BCDF800B0019772F0D9DB94F885
:10D7A8008E32002B47D000210C222EA8FFF3C0F6A2
:10D7B800944B1CAF2E93944B3846002128222F936C
:10D7C8003094FFF3B5F6BDF858100DF1980CDDF85C
:10D7D80030E0ADF87610604600212022CDF818C060
:10D7E8001C968DF874E08DF878B0FFF3A1F62D97AC
:10D7F8000D9F236827973E9F93F84F302897109FD7
:10D8080003F003038DF8A8700F9FDDF818C02B975D
:10D81800159F8DF8B0300197189FD4F89406002111
:10D8280090222EABCDF89890CDF8A480CDF800C00A
:10D83800029756F0E7D994F88C32002B00F0568204
:10D84800099F002F00F05282236893F84F20970712
:10D8580000F08A800E9F002F00F086800A9F002F1C
:10D8680000F0828093F8A93033B1D4F878012946C2
:10D8780053F0F2DC002877D10E9F20467A78397869
:10D8880024F0ACDC079F034617F4404F0CBF00227E
:10D8980001220A3254F822201192D5F8082162B1E7
:10D8A800D28812F0200208D00A9F3A7812F00202B9
:10D8B80003D00E9F7A78C2F380020992BAF1000F62
:10D8C8000BD1109FDAB2BA4207D01846069301F07E
:10D8D800B7DAB842069B40F00982D5F80821002A39
:10D8E8002DD01846069301F0ABDA0746079801F0E9
:10D8F800A7DA8742069B22D1D5F80821528E9A4290
:10D9080032D0002E30D02A7A002A2DD02046119904
:10D918002A4625F055DEFF28074600F0E781DDF8A6
:10D9280024E0204629463A465FFA8EF315F088DE51
:10D93800D0B1204629463A462DF0C6D914E0BAF1AE
:10D94800000F11D01846069301F07ADA0C9F069B57
:10D95800B84200F0CB8103F46053B3F5805F03D085
:10D96800B3F5C05F40F0C281419F01233B7023683B
:10D97800D5F818A193F84F30980716D0AEB10A9F82
:10D9880037B1199F2046009731460A9A0E9B0AE044
:10D998002B7C53B97368D90307D50A9F2046009793
:10D9A80031463A463B4617F075D92B7C002B00F0E0
:10D9B800BF803E9F0D9B204629464A468DE8800140
:10D9C80015F02ADF236893F83B3043B10D9F2046BA
:10D9D800294632464B468DE880015EF013DA9AF804
:10D9E80009301BB1284600212BF028D99AF80D30B0
:10D9F800DBB1D4F830371A680AB11F7A37B1284634
:10DA0800002110E0F1CF8100F5CF810004F020D98A
:10DA1800D4F830371A69821AB2F57A7F05D901220B
:10DA28001A72284639462BF001DCD4F830371B68C7
:10DA3800002B48D01B9F0123C7F3C0120F99204623
:10DA48001EF08EDB98F8023098F801101B0443EAA8
:10DA5800012398F80010B8F808700B4398F80310E1
:10DA6800024643EA0163329398F8063098F80510A5
:10DA78001B0443EA012398F8041034A80B4398F8D0
:10DA88000710002F08BF642743EA016340F8043DEC
:10DA980032A900F0E7D93846329A339980F05ADA39
:10DAA800D4F83037BF021A68BA1A90420BD95A68AC
:10DAB800BA1A904207D23F1A5F60D4F84401294647
:10DAC80001225FF0CFDC236A5B7D2BB1129F2046D9
:10DAD800C7F380212CF076DAD4F85801079950F072
:10DAE800B7DD80B1D4F85801079950F0A7D9236A57
:10DAF800186964F0F5DE079FB84204D1002120467A
:10DB08000A4625F079DE4A460D9BD4F84401294699
:10DB1800CDF800805FF06ED8D5F8EC309A0458D56F
:10DB2800D4F84C0129464246409B63F0F7DF50E0A9
:10DB3800BBF1000F03D1129FC7F3401300E001238C
:10DB4800DBB23EB1726813B142F0040201E022F088
:10DB580004027260226A527D4AB10193D4F87C04AF
:10DB68002946139A149BCDF800B071F025DD23687F
:10DB780093F84F309B070AD0089FD4F880042946B1
:10DB88000E9A0A9BCDF800B0019772F039DA0B9F14
:10DB9800FFB9D4F868329D420CD0284649460D9A00
:10DBA80043461DF089DC28B1284649460D9A43466C
:10DBB8002CF0BEDA94F88E325BB9D4F868329D4204
:10DBC80007D1284615F090DE18B1204641461BF0D3
:10DBD8002BD800210C222EA8FFF3AAF4454B1CAF2A
:10DBE8002E93454B0021282238462F933094FFF37B
:10DBF8009FF4BDF85810DDF830E01C9626AE2022C0
:10DC0800ADF87610304600218DF874E08DF878B0C4
:10DC1800FFF38EF42D970D9F236827973E9F93F867
:10DC28004F302897109F03F003038DF8A8700F9FBB
:10DC38008DF8B0302B97159F80220197189F2EAB37
:10DC4800D4F894062946CDF89890CDF8A48000968B
:10DC5800029755F0D7DF9AF80230013BDBB2012B6F
:10DC680013D8AB798BB92A7C7AB1D5F8182192F8F8
:10DC78006C20022A09D14FF0FF3201922046294632
:10DC880005F1DC02009329F07DDD0F9F17F0407F3E
:10DC980001D1384602E00F9872F08EDE00F07F0066
:10DCA80002280AD0042808D00B2806D0A0F1160CA8
:10DCB800DCF1000040EB0C0000E001200190B9F815
:10DCC8000400B9F80610800B02900120002203908E
:10DCD80099F91C302046090A009204950BF00DFBB7
:10DCE80004E000270B97C1E40026D0E435B0BDE876
:10DCF800F08F00BFF1CF8100F5CF81002DE9F04F03
:10DD080091F91530A1B0002504468A461E951F9545
:10DD180073B11BF0D7DD58B12368BAF81C20D3F8CB
:10DD28008830D3F8C8118A18C3F8C82100F0A3BCFA
:10DD3800BAF80230606803F00703052B0B900A93CA
:10DD480000F2A48463690A9953F82100002800F0BE
:10DD58009D849AF81820022A089200F08984714B51
:10DD68000221DB6B9847814638B920460A9914F09E
:10DD7800BDDE8146002800F089842046494611AA64
:10DD880023F0FEDF236893F89C30012B06D0BAF805
:10DD98000220BDF848309A4240F07384B9F80E303A
:10DDA800614E03F007030993604DF35C4946EB5C51
:10DDB80011AA0C93189B0D9318881EAB0E90009314
:10DDC80020461FAB18F094D9236893F84F309B076F
:10DDD80017D011A81BF0A4DC38B12368D3F8883019
:10DDE800D3F8A4220132C3F8A42211A81BF0AADC9C
:10DDF80038B12368D3F88830D3F8AC220132C3F89D
:10DE0800AC22D9F818305D056CD511AD20462946ED
:10DE18002CF040DE08BB5346D4F834011E994A461C
:10DE2800009534F05DDB236893F8E130002B59D07E
:10DE38001E99002956D0BDF85000BAF8022000906B
:10DE4800BDF84E30D4F8F8067AF086D8D4F85C01DC
:10DE58001E990C9A7AF0D2DB44E01F99A1B1089A76
:10DE6800072A11D1D1F8EC3098030DD4D4F84C011D
:10DE780063F0C0DC28B9D4F84C011F9963F01CDDAD
:10DE880010B11F984AF0F2DA11AB0093D4F83401BC
:10DE980053461E994A4634F085DA2368054693F8B6
:10DEA800E13093B11E9981B1BDF85000BAF8022053
:10DEB8000090BDF84E30D4F8F8067AF04DD8D4F872
:10DEC8005C011E990C9A7AF099DB1F98002800F0E3
:10DED800D2838379002B40F0CE830AF108016FF0DA
:10DEE800B9DBC8E3204611A9D9F834701BF040DC2F
:10DEF800BAF81C60FF0E07F001070F90BAF81A80F5
:10DF0800E6B12368D3F88830DA68013A9219DA6002
:10DF18001E9B9BB167B1D3F82C22013A9219C3F822
:10DF28002C220BE010A78800BAD588006CE1880085
:10DF3800D3F83822013A9219C3F83822B8F1000F01
:10DF480006D02368D3F88830DA68013A4244DA60A8
:10DF58000E98494600F48063D3F1010338BF0023CB
:10DF68000B98079300F016DED9F818509AF9193073
:10DF7800C5F3C06B002B00F0868023681E98D3F889
:10DF88008830D3F8A8210132C3F8A821D3F8C821D2
:10DF9800013A9219C3F8C82128B103691BB1DB689B
:10DFA800DA6B0132DA63012E05DDD4F88C54013DB9
:10DFB800AD19C4F88C54079900294DD02368D3F8BB
:10DFC8008830D3F8D8210132C3F8D82128B10369A1
:10DFD8001BB1DB685A6B01325A630123099900228D
:10DFE80008F065F8D4F88C347BB12368D3F888300E
:10DFF800D3F8B4210132C3F8B4211E9B2BB11B699D
:10E008001BB1DB68DA6A0132DA62D4F88C34012B8E
:10E0180014D923681E98D3F88830D3F8B821013270
:10E02800C3F8B82128B103691BB1DB681A6B013248
:10E038001A6309990C22012308F039F81E9B5BB179
:10E048002FB1D3F828220132C3F8282204E0D3F8EC
:10E0580034220132C3F834221E9B13B12268926A1B
:10E068009A621F9B002B00F015829A79002A40F0D3
:10E078001482197C002900F01482D3F8103101258C
:10E088009A7190460FE215F4825543D023681E9882
:10E09800D3F88830D3F8A8210132C3F8A82128B1D1
:10E0A80003691BB1DB68DA6B0132DA63079A0AB3DA
:10E0B8002368D3F88830D3F8D8210132C3F8D8219F
:10E0C80028B103691BB1DB685A6B01325A6301231B
:10E0D8000999002207F0EBFF1E9B5BB12FB1D3F823
:10E0E80028220132C3F8282204E0D3F8342201326E
:10E0F800C3F834221E9A002A00F0D8811F9B002BF7
:10E1080000F0DA819D79002D40F0DC8123689B6A5C
:10E118009362D8E1089B032B09D0042B0CD1236808
:10E12800D3F88830D3F810220132C3F81022A84659
:10E138002F460126AB46DDE10898052829D123683A
:10E148005A6BD3F88C103AB1B9F80E20954802F002
:10E158000702825C9448825C143201EBC2014A686F
:10E16800D3F8883001324A60D3F8A0221E980132D1
:10E17800C3F8A02209990422012307F098FFB4F8F4
:10E188003455002D00F0A381204623F0DFDA002566
:10E198009DE10899012916D11F9B93B19B7983B101
:10E1A8001E9B73B11A7DD20704D493F824309B07C1
:10E1B80040F16582204649465246079B3CF09ADC6E
:10E1C8004BE0089E4DE0089A062AB0D0072A51D1A4
:10E1D8001F99002900F05382D1F8EC309F0040F1DC
:10E1E8004E829E030DD4D4F84C0163F003DB28B9AA
:10E1F800D4F84C011F9963F05FDB10B11F984AF007
:10E2080035D91E99002900F03A821F9B9B795BB192
:10E2180091F824309D0707D58B68580604D501224C
:10E22800204613463CF0B4DBD9F81830590544BFF2
:10E2380043F48073C9F81830D9F8183023F4004330
:10E24800C9F818301F9BD3F8EC309A0340F11782B5
:10E2580020461E994A4625F0BBDB0646002800F0FA
:10E268003A81002520460AF114011BF021DBA8465B
:10E278002F465FE7BAF8063033B12368D3F8883001
:10E288009A6B01329A6352E71B9B1B78DB0741D5D7
:10E298007EB12368D3F88830D3F8A8210132C3F8B7
:10E2A800A8211E9B2BB11B691BB1DB68DA6B0132FD
:10E2B800DA63079B002B00F0138123681E98D3F8BC
:10E2C8008830D3F8D8210132C3F8D82128B103699E
:10E2D8001BB1DB685A6B01325A630999002201238A
:10E2E80007F0E5FE002E00F0FD8023681E9DD3F8A0
:10E2F8008830D3F8AC210132C3F8AC21002D00F0EE
:10E30800CD812D69002D00F0C981EB689A6B01322F
:10E318009A63C2E11F9B002B48D09A79002A45D105
:10E328001B7C002B42D00D98037CDD073ED53EB107
:10E338002368D3F88830D3F8A8210132C3F8A8217C
:10E348000799002900F0CC8023681E98D3F88830FC
:10E35800D3F8D8210132C3F8D82128B103691BB1F9
:10E36800DB685A6B01325A6309990022012307F0CE
:10E378009EFE002E00F0B68023681E9DD3F88830DC
:10E38800D3F8AC210132C3F8AC21002D00F086810E
:10E398002B69002B00F07C81DB689A6B01329A6351
:10E3A80076E100BFBAD588006CE188000F9AB4F80E
:10E3B8006A341AB1984503DAB4F86C349E4261DBCA
:10E3C80022680798D2F88830D3F8C851AD19C3F835
:10E3D800C851002800F08980D3F8B0110131C3F882
:10E3E800B011D4F8843493F81D1109B3D4F8681225
:10E3F8008979E9B992F8642122B193F86D210AB1BB
:10E4080083F86D11D4F88414204601F582710BF05D
:10E4180048F9D4F88434012283F82821D4F88434C4
:10E42800A068D3F83011D3F82421002310F088DB3A
:10E438001E9860B12FB1D0F830320133C0F83032B5
:10E4480030E1D0F83C320133C0F83C322AE10123F4
:10E458000999082207F02BFE1E9B2BB11B691BB1E3
:10E46800DB689A6A01329A62002502238DE8280047
:10E4780020461F9914221B9B0295039504951DF0B5
:10E488004DDA33E023680025D3F88830DA690132A1
:10E49800DA614CE60125984605E001254FF00008B1
:10E4A80001E0012588462F462E4623E00127154620
:10E4B80090463E4693461DE001271D4698463E4637
:10E4C8009B4617E000250127A8463E4632E6A846A7
:10E4D8002F4601260EE0054680460746834609E09A
:10E4E800079DDBE03546B046D9E0079D4FF00108AF
:10E4F8002F464646B4F8343543B1D4F838352BB1F5
:10E508000899052902D0204623F00ED9BBF1000F47
:10E518004ED01E9B002B4BD011A81BF001D99DF8A3
:10E528004E30834603F00303023BDBB2012B04D8D1
:10E53800204611A92CF0B6DA00E0FF200A9A032A37
:10E548000AD85B498B5C04EB4303B3F83622130902
:10E5580003F00F03120B03E0B4F86E34B4F8702420
:10E56800009200220392BDF84C200190C2F30032C1
:10E578000492D4F85C011E995246CDF808B07AF09E
:10E58800BFD8236893F8E13093B11E9981B1BDF8E3
:10E598005000BAF802200090BDF84E30D4F8F806C2
:10E5A80079F0DADCD4F85C011E990C9A7AF026D856
:10E5B80020460A9901222CF0E7D81E9860B15EB176
:10E5C800E368D3F88021D9F830309A4204D91DB1D4
:10E5D8000999D21A07F079FD1F9DB5B10AF1140106
:10E5E80020462CF03DDB014628462CF0EFDB0E9A46
:10E5F80002F0FC03082B01D0882B06D1079B23B11E
:10E608001F980AF108016FF025D81E99C9B10B7D32
:10E61800D80716D41F9BA3B19A7992B91A7C82B1F4
:10E628001A7A72B1D3F8EC2092040AD4D3F81031D4
:10E638005B7933B9204652463B46CDF8008043F01B
:10E6480075D97EB10AF1140120462CF009DB494640
:10E658000246D4F8880463F01DDE0B98494601226F
:10E6680003F0B2DF079828B10025C4F88C5402E003
:10E67800002500E0079D284621B0BDE8F08F01265F
:10E68800EFE50B984946012203F09EDF0125F2E7EA
:10E69800D5F868310133C5F868310025A846012747
:10E6A8003E4627E7D0F84C310133C0F84C31CEE66E
:10E6B8006CE188002DE9F04F002BB5B007930CBF33
:10E6C80004230A230993079B15690DF12C0918BF28
:10E6D8002023044615AF8846934600212822484641
:10E6E8000693D5F80C610DF1B80AFEF321F7002165
:10E6F80028223846FEF31CF700210C225046FEF370
:10E7080017F7336B20468DE808042946069AF36A02
:10E71800CDF8B8902F9714F0F3DD002840F0F8807A
:10E72800B8F80630D80715D5216A4B7D93B10A6D24
:10E738000CA854310B92FEF377F6D5F8EC30990417
:10E7480005D5D4F84C0129464A4663F08BD90023F5
:10E75800159308E015AB00932046294608F13802C6
:10E768000BAB26F021DCF36A83B128A8002118221C
:10E77800FEF3DEF6F36A2D942893336B2993674BE7
:10E788002B93674B2A93674B2C9328AB1FAF002121
:10E79800242238460893FEF3CBF60BAB002108225F
:10E7A800219331A815AB2293CDF87CB0CDF88080A9
:10E7B800FEF3BEF62368294693F84F2034AB12F0D7
:10E7C800030218BFDBF80420D4F8940618BFC2F37C
:10E7D800004203F80C2D0093069A089B329755F0D7
:10E7E800E9D9099B069900EB030A33AB029320464B
:10E7F800424605F1E2038DE8000523F03FD80746BD
:10E8080030B920463946B5F82E2140F015DB80E0B6
:10E81800204629464246DDF8CC901CF05BDBA9F87F
:10E828000000738CA9F80230339B04333393079BA1
:10E8380013B9AAF1040A13E006F124094846FFF3C4
:10E84800E3F410B93398494602E0339805F1F8012A
:10E858000622FEF3E9F5339BAAF10A0A063333933D
:10E8680031AB0093339BD4F8940601932946069A5A
:10E87800089BCDF808A055F00BD9814628B16068EF
:10E888003946012203F0A0DE42E0339B009001905C
:10E89800029003932046294657224B46CDF810A0F4
:10E8A8001DF03CD8706B18B103F06ADEC6F83490DE
:10E8B800079B23B1339B0AF1060A063B3393339B2C
:10E8C8000AF1040A043B3393079B504686F83C3010
:10E8D80003F044DE706308B9B06305E0339952462B
:10E8E800FEF3A2F5C6F838A0B8F862300095C3F375
:10E8F8004013019300230293039339462046D4F82A
:10E90800BC255B4626F09AD9002808BF002700E0FE
:10E918000027384635B0BDE8F08F00BFCDCE810066
:10E92800DDCE8100FDCE81002DE9F04F95B0064681
:10E9380006910792209C219DD0F800909B46002BC1
:10E9480000F0B380ECB91E9A012A1CD11F9A931EBD
:10E95800012B18D8032A16D1002D40F0AB80C36EC6
:10E968005A1C05D01C3350F82350002D40F0A280CB
:10E9780048460021B6F82E2140F0D6DD4FF00008B9
:10E9880094E0002500E025464FF0B00806270DF179
:10E99800200A002124225046FEF3CAF51E9B1F9A26
:10E9A8000893229B099211A800210822CDF828B0CB
:10E9B8000B930594ADF83040FEF3BAF5CDF848A0B6
:10E9C80044B1089B032B0FD14C2C0DDB4D2C01DDE2
:10E9D8007E2C09D111AB0093D9F894063146B022A8
:10E9E800002355F0E7D83F18079B41468DE888007B
:10E9F80013AB02934846069A06F1E20322F03EDF83
:10EA08008046002852D075B10023009301932A460E
:10EA1800139B4846314658F00DDC95F90E30139A91
:10EA2800FF1AD21813921E9BDDF84CA09AB2AAF8CE
:10EA380000201F9BAAF80230059BAAF804300AF1AF
:10EA4800060313933CB1032A17D14C2C15DB4D2C2C
:10EA580001DD7E2C11D111AA8DE80C00063F02972A
:10EA6800D9F894063146B022002355F011D824B9BC
:10EA7800BDF830300BB1AAF80430B37913B1F3689C
:10EA8800DA6801E0D9F8BC259DF88C30414601933D
:10EA98000023039348465B460096029526F0CED89D
:10EAA800002808BF4FF0000800E09846404615B01F
:10EAB800BDE8F08F95F90E7044F2B008063766E7A6
:10EAC8002DE9F0470446A4B090469A460D46002921
:10EAD8006DD0D1F86433002B69D004AF0EAE334645
:10EAE8003A460DF1600923F01BD90021242248463B
:10EAF800FEF31EF5236A00216533082221A8189326
:10EB0800CDF864808DF868A01B971C96FEF310F56D
:10EB18002368CDF8889093F84F3013F0030307D09B
:10EB2800D5F8EC3003F48053D3F1010338BF002348
:10EB380024AF07F80C3D294640220023D4F8940658
:10EB4800009755F037D82D9B0190009323AB029383
:10EB58008046402120462C9A05F1E20322F08EDE01
:10EB6800064620B3239BD4F89406019329464022F5
:10EB780000230097CDF8088054F08ADF28B1606838
:10EB88003146012203F020DD11E0D5F8EC3013F412
:10EB9800005306D0D4F84C012946324663F0D8D940
:10EBA80005E020463146D4F8BC2528F0DDDD24B048
:10EBB800BDE8F0872DE9F04390F8A03787B0044608
:10EBC8002BB1002380F8A0374FF0010800E09846E9
:10EBD80023681A7E32B9B8F1000F00F03B82204654
:10EBE800022135E2206954F023DE18B1A0680FF045
:10EBF800D3DF27E220461BF05DDB236A20461F692E
:10EC0800D4F86832D3F814219D79167C1CF0FCD90D
:10EC1800031C18BF0123384671B22A4663F094DCFE
:10EC280094F88C36ABB12369D3F88830D3F82451E3
:10EC380015F040050DD120462BF0C0D9236A84F881
:10EC48008C56186929462A4663F0D2DC204622F001
:10EC580063DC236820469A6A01329A621CF0D4D990
:10EC680018B9D4F8843483F8290120460AF0B7FD8E
:10EC7800236A186965F05AD80146204659F028DDFC
:10EC8800236A186965F00CD90146204659F0D8DC8A
:10EC9800236893F93D307BB1D4F8240103A90022FD
:10ECA80078F098DB01E00023C361D4F8240103A9BC
:10ECB80078F0A6DB0028F6D194F8D4314BB1204681
:10ECC80016F03EDB28B194F8E43113B1013B84F827
:10ECD800E431204626F082D8204617F01DDC204675
:10ECE80026F0D6D894F8D43113B1204624F068DA47
:10ECF8002368DA6E002A40F0A58193F8693113B1D0
:10ED080020464BF023D9204647F030DB236893F8A0
:10ED18002F20CAB193F83030B3B120461CF09CD8EC
:10ED280090B1D4F864120023CA582AB1907918B166
:10ED3800507908B112791AB10433202BF4D103E0C9
:10ED4800D4F818053AF07EDAD4F828351B68A3B150
:10ED580020462AF0CFDCD4F828355A681B68B2FB65
:10ED6800F3F103FB112313B9204615F089D8D4F821
:10ED780028355A6801325A600AE023689A6A1E23C5
:10ED8800B2FBF3F103FB112313B920462AF0B2DCDE
:10ED980094F88C3243B194F8F034013BDBB2022B87
:10EDA80002D8204615F048DE0025D4F864325F59B1
:10EDB8001FB3BB790BBB3B7AFBB1D7F818319B7AF1
:10EDC800DBB1384625F090DEB8B13B7CABB1D7F863
:10EDD80018319B7A8BB13B7A7BB107F1DC06304660
:10EDE800FFF312F2034640B94FF0FF320090019250
:10EDF80020463946324628F0C5DC0435202DD4D1CA
:10EE0800204616F003DB236A5B7DB3B123689A6A58
:10EE18003C23B2FBF3F503FB152575B9D4F864322E
:10EE2800585938B183792BB9037A1BB1037C0BB9D4
:10EE380017F028DC0435202DF0D120462AF038DCE4
:10EE480020B9D4F8180539F0A9DF38B1236A202190
:10EE58001869002264F03ADD002604E0236A2021C4
:10EE680018690122F6E7D4F864329D59FDB1D5F846
:10EE7800A83013B1013BC5F8A830D5F8AC701FB164
:10EE8800013FC5F8AC7012E0AB7983B12B6D9907DF
:10EE98000DD595F8A43053B102F0DADED5F8B010EC
:10EEA80040F052DE18B1C5F8A87085F8A470043691
:10EEB800202ED8D1B4F850371BB1013BA4F85037F5
:10EEC80002E0204622F076DD002635460BE0D4F835
:10EED800C4329B195B6A23B1D4F8C82252F82500C2
:10EEE800984701353836236893F8B4209542EEDB0D
:10EEF80093F83B5045B193F83C502DB194F8FC552C
:10EF080015B1E368D3F880510026D4F8643253F879
:10EF18000690B9F1000F40D099F80630002B3CD18B
:10EF280099F80830002B38D099F85633DA0704D509
:10EF38002046494699F8542305E0980705D599F8DD
:10EF480055232046494624F0A7DB94F8FC3523B323
:10EF580099F804300BB3D9F818314A461978204685
:10EF680029F02CDE236893F83B20B2B193F83C30AB
:10EF78009BB194F88E3283B9D9F80831D4F850018E
:10EF8800DF8D93F86030BF0201335F4399F8441076
:10EF98002B463A465CF066DFED190436202EB4D1D4
:10EFA800236893F83B206AB193F83C3053B194F846
:10EFB8008E223AB994F8FC3523B1D4F850010121D6
:10EFC8005CF07ADF002384F8FC352268D4F88434B6
:10EFD800926AB3F89E30B2FBF3F103FB112313B925
:10EFE800204609F095FAD4F8683223B1D3F81821ED
:10EFF8000AB112781AB1D4F86402002202E01B7A2E
:10F00800CBB9F8E7835893B19D79D3F8EC1015B1D3
:10F01800890405D40BE011F4005F08D0C90306D4B5
:10F02800197A21B1D3F818310BB11B781BB104320E
:10F03800202AE7D103E0A06802210FF027DE20464E
:10F0480019F0ECDFB8F1000F04D0204602210022AD
:10F058002BF050DF07B0BDE8F08300002DE9F04F3A
:10F0680092F82A301446B2F81CB08DB006460D4608
:10F07800D0F804A00F6952692BB1936894F82280E4
:10F0880003F11A0903E09268984602F11809A36887
:10F09800072B0DD93046494613F0E8DC40B1B9F8E2
:10F0A80006304FEA132949EA03291FFA89F901E0D2
:10F0B800B4F8089095F8243003F01203022B0DD110
:10F0C80048F68E03994509D12068D7F80811103001
:10F0D8000622FEF395F1002840F0C88394F82C30FE
:10F0E800EBB9A38B1B051AD53368D3F88830D3F84E
:10F0F8004C230132C3F84C23D5F824220132C5F839
:10F10800242205EB4802B2F8A410B4F87E209142FC
:10F1180005D1D3F8BC210132C3F8BC21A6E3BB79E1
:10F12800CBF3802B002B32D1D7F818311A7B92B150
:10F1380094F82C207AB9BBF1000F0CD195F8CA10BD
:10F14800626A51FA02F2D00705D43846A18B0293BD
:10F1580017F05CDB029B3268526BC2B11B7FB3B104
:10F1680094F82A309BB194F8283083B100213846AE
:10F1780029F008DAD7F8EC30990408D5A28B12F4F4
:10F18800005204D1D6F84C01394662F003D9238CD9
:10F198005A0700F16B83A38B03F4804363633BB985
:10F1A8003A6D40F237131340EBB197F85830D3B1AA
:10F1B8000023A3633046234651462A46CDF80080F3
:10F1C8007AF042DB636B40B9002B00F04F83D5F82F
:10F1D80064310133C5F8643148E323B1D5F86031AF
:10F1E8000133C5F8603194F82C3043B908F1500365
:10F1F800B4F87E0005EB43039A88988000E000226B
:10F2080094F82C3043B3636994F82A209B680AB1B8
:10F218001A3300E01833B9F5006F40F06E81A26828
:10F22800072A40F26A811A7A1209042A40F0658195
:10F238009A6912BA002A00F060815B7C012B40F0C9
:10F248005C8102F07043B3F1604F00F05681D2B296
:10F25800FF2A40F00B8350E1B4F87E0008F118094A
:10F2680010F00F0340F0A38005EB8909D9F80410CA
:10F2780079B11A465046029303F0A6D9029B05EBD2
:10F288008802C2F8843008F14A02C9F8043045F807
:10F298002230BBF1000F00F03081E368626903930C
:10F2A80005EB88035A66A16B31B105F51C70053072
:10F2B80014311022FEF3B8F063699A685868510D4A
:10F2C800C0F3140E9889DB8849058E44C3F34A13AA
:10F2D8003168013302EB000C7344C969CCEB0303BA
:10F2E800CEEB020E896803EB0E021018884234DA5E
:10F2F8005046FBF791F808F1180905EB8909C9F898
:10F308000400002800F0B28262698068916853683E
:10F3180021F07F4E2EF4600E9289C3F31403C3EBE1
:10F328000E03C91A9A18FEF37FF061698B684A6860
:10F3380023F07F4323F46003C2F314029A1AD9F826
:10F3480004309868801898609889821A9A81888908
:10F3580000229881504603F037D9D6F8E015039B70
:10F3680005EB880259186FF005035B1A3168A1484C
:10F37800C96989685B18C2F8843061680822FEF39D
:10F388003FF06B6810B943F0080301E023F008036D
:10F398006B60994861680822FEF332F0AB6810B9D7
:10F3A80043F0200301E023F02003AB60A5E005EB68
:10F3B8008901496800293ED0504020F00F0020B94B
:10F3C80002F00F02013293420FD00022504603F0A0
:10F3D800FBD808F1180205EB82020023536008F1FC
:10F3E800200205EB8202536021E0A16B49B105F5CB
:10F3F8001C70053014311022FEF302F0002840F092
:10F40800358208F1200905EB8909A368D9F8042099
:10F4180008F1180C93421DD905EB8C075046796802
:10F42800002203F0D1D800237B60C9F8043008F12A
:10F438004A0845F828303368D3F888301A6E013204
:10F448001A662B69002B00F01182DB685A6D0132B5
:10F458005A650BE28DE8080405EB8C0CDCF8041007
:10F46800304609F104026368CDF808C013F036DFAE
:10F4780050466169002203F0A7D8DDF808C0BBF147
:10F48800000F3AD1DCF8042008F14A036261CCF895
:10F4980004B045F823B09368928903F11801C9F8BC
:10F4A80004B06160A2F11801A16094F829102360EA
:10F4B800E26021B103F11E011E3A6160A26094F876
:10F4C8002A203AB1626884F8228002326260A26817
:10F4D800023AA2601A785B7842EA0323A383636B3B
:10F4E8005BB1A36B4BB193F90E2061688A18626017
:10F4F80093F90E30A268D31AA360A36B63B11B7A89
:10F50800042B04D1304621467AF02ADA04E00B2B8A
:10F5180002D120461AF0ACDBBBF1000F40F0C481E9
:10F52800626993695B0613D5BB792BB9D4F880104F
:10F53800384618316EF08ED863699B69180640F119
:10F548009581D6F830012946224601F0B5F9ABE19C
:10F5580023689888D988ADF81000ADF8121018897A
:10F568005989ADF81400ADF818109889D989ADF803
:10F578001A00ADF81C10188A598AADF82000ADF8A9
:10F588002210988A94F82910ADF8240041B1198BFB
:10F59800588B9B8BADF82810ADF82A00ADF82C30AD
:10F5A800A38B13F4807F03F4007304D104A961676B
:10F5B80023B108AB05E008A961670BB906AB00E009
:10F5C8000AAB6168236793683046C3EB010813F000
:10F5D8004DDA6369998988B1072940F247819A68A9
:10F5E800A8F106084244C8EB01089A60A3F80C8009
:10F5F800E26615E02C1D8900033801000D2940F250
:10F6080035819A68A8F10E084244C8EB01089A604F
:10F61800A3F80C802389E266190A41EA032393813F
:10F62800A36B6BB11B7A012B0AD0032B08D0304691
:10F6380051462A46234679F0C7DE002800F0168195
:10F64800A36B33B11B7A022B03D1304621467AF0E3
:10F6580087D997F85C339BB1E36E9B891A0A42EA13
:10F668000323934A1BB293420AD1304661690622AA
:10F67800002315F0BBDD18B13046394649F006D9EC
:10F68800626FE36E1188198050885880918899803C
:10F69800216F0888D88048881881898859816169CC
:10F6A80094F822E0C8890EF0070E20F007004EEA11
:10F6B8000000C8811178C9070BD53168D1F88810C6
:10F6C800D1F8D0010130C1F8D001F968886D013056
:10F6D800886597F8591061B195F82410C80608D4C0
:10F6E8009989080A40EA0121714809B2814240F02B
:10F6F800BD80D6F89811795C79B195F82410C906BF
:10F708000BD49B89190A41EA03236A491BB28B422D
:10F7180003D026398B4240F0A980BB79EBB992F827
:10F72800008018F0010818D1D7F81831384693F836
:10F738007420013283F87420D4F8801018316DF0E9
:10F7480089DF61695046FFF325F2012103464246ED
:10F758003846CDF800806DF0FDDFD6F8D0361B684E
:10F76800FB58002B35D01B68002B32D0D4F86C80A6
:10F77800B8F80C301A0A42EA03234D4A1BB29342E6
:10F7880027D197F8A73313B197F8F6330BB3504640
:10F798006169424612232BF0C1DB00283BD0B8F840
:10F7A800103050461A0A42EA0323616908F112022E
:10F7B8009BB22BF0B3DB00282DD0636BD6F8D006B4
:10F7C800003318BF0123394642467DF077D9002817
:10F7D8004CD17B69002B2FD0D4F86C80B8F80C3052
:10F7E8001A0A42EA0323324A1BB2934224D15046F2
:10F7F8006169424612232BF091DB60B1B8F81030F2
:10F8080050461A0A42EA0323616908F112029BB2C0
:10F818002BF084DB30B93368D3F888305A6E013264
:10F828005A6623E0626B7869003218BF01224146AC
:10F838002B4643F0B3DAC8B9D5F89431DB070BD5BA
:10F8480094F8293043B9E36E9B891A0A42EA0323E4
:10F85800174A1BB2934209D1636994F8292000938F
:10F8680030462946636F26F045DC1DE033685A6B45
:10F87800AAB161691048CA89D3F88C3002F007022E
:10F88800825C0E48855C50460C3503EBC5056B68F9
:10F89800AE6801336B60FFF37DF18019A8605046B4
:10F8A8006169002202F090DE0DB0BDE8F08F00BF64
:10F8B8008E88FFFFB488FFFFBAD588006CE1880006
:10F8C8002DE9F04F4FF0000AAFB0CDF8B0A0CDF859
:10F8D800B4A0D68A984610939B890446212B0F46DC
:10F8E8001546CDF864A08DF84EA0CDF850A08DF83F
:10F8F80057A08DF854A08DF88CA08DF858A01192BF
:10F908002B92CDF888A001D803684AE0D8F808906F
:10F918001046494671F0D2D909F106030890C8F893
:10F928002C000B93B9F806301946ADF8483001F0B1
:10F938000C02184601F0F00301F44071A1F5407E75
:10F9480092081B09DEF1000141EB0E01022A08BFF3
:10F958004FEAD30AADF84A205FFA8AF2ADF84C3084
:10F968008DF855108DF85620B5F804E00EF0030E0A
:10F97800BEF1020F04D100B2002801DADB0800E072
:10F988000023D8B28DF85700002914BF282322235A
:10F9980002B1023300B1043310988089984206D22C
:10F9A8002368D3F888305A6E01325A667EE399F894
:10F9B8000A3003F001038DF8583009F11E030C9347
:10F9C80011B109F124030C9300238DF859304AB181
:10F9D8000C9B5A781B7843EA0222DB0907928DF8C0
:10F9E800593000E0079241463846FFF3D3F01099AA
:10F9F80009908B68384606338B608B89063B8B8170
:10FA08009DF859301BB1FEF365F5014638460422CE
:10FA180002F084DD16F4404F9DF855200CBF4FF0DE
:10FA2800000B4FF0010B00232D9302BBBDF84830AB
:10FA38000B9913F4407F09D101F1100620460A31D1
:10FA48005A462DAB78F00CDA2C9005E0D80501D594
:10FA58000E1D01E001F10A062D9B23B9204631460F
:10FA680048F0F8D92D902D9B003318BF01238DF84D
:10FA78005C302D9B13F1000A9DF8583018BF4FF0E9
:10FA8800010A43B90B992046043148F009DA061CEB
:10FA980018BF012600E00026D4F804321BB92368F9
:10FAA80093F82C306BB3236893F83E20002A08BFE4
:10FAB8004FF0000A7EBBBDF84820D20506D49DF859
:10FAC80058201AB1BAF1000F40F0F6829DF855207F
:10FAD80012B19DF858203ABB93F82C30002B00F057
:10FAE800C982BAF1000F04D12046294658F064DED5
:10FAF800C0E22D9B9B79002B40F0BC824FF0010A9D
:10FB080014E09DF858301BB9002E00F0B38202E0D3
:10FB1800002E00F0D1829DF855302BB9BAF1000FB4
:10FB280000F0A8829A4601E04FF0000A9DF856308E
:10FB38000BB39DF859304BB194F80E32002B00F0FE
:10FB48009982109B9A6942F040029A6107999E4AED
:10FB580001F00703D25C9D498DF84E308A5C079905
:10FB6800149201F0100212118DF854200C9A8DF89D
:10FB78008C3002320C92109BD989988911F400526A
:10FB880018BFB3F850200C999B688218CB1A0E92B4
:10FB98004146D21A38460D920693FEF3FBF7069BB0
:10FBA8000B9AC31A0F93937DD17D43EA0123ADF8D5
:10FBB800AA30BAF1000F2FD12CAB00930E9B204630
:10FBC80001932DA92B4618F0ABDE002840F0528295
:10FBD80074E22D99002900F04D820B9A20460A32D2
:10FBE8005B4678F07BD82C90002840F06D820B9A09
:10FBF8002D9920460A325B4678F072D901462C903E
:10FC080030B92368D3F88830DA6E0132DA6631E227
:10FC1800204677F0D5DF57E2BDF8483013F4407F2F
:10FC280004D12D9B1B7C002B3AD106E09DF8553062
:10FC38001BB92D9B1B7C002B32D020462D990A32F4
:10FC48005B4678F04DD92C9018B913E22C9B1B69B0
:10FC58002D931EB123689A6A2C9B9A622D9BD3F828
:10FC680010210792BAF1000F21D19DF85520F2B961
:10FC78009DF858201AB1BDF84820D00510D49979BC
:10FC8800BDF8482011B1D1050AD510E01B7C02F45B
:10FC98004072002B14BF4FF4007300239A4206D021
:10FCA8002368D3F888309A6D01329A65E2E12046DC
:10FCB800294658F081DD002388F8230083462D98D3
:10FCC80088F822308379ABB9BBF1000F12D05946BE
:10FCD80095F91D20334658F0CFDD2946D4F8C426BF
:10FCE800204658F00DDD3246014688F822002D984E
:10FCF80058F010DE2C9B93F8922112B9D3F8F42017
:10FD080052B3BBF1000F27D0D3F8F010D3F8EC2092
:10FD180042F821B0D4F88424517911F00100D3F8C5
:10FD2800F01018BF95F91F0003EB8101C1F89C0181
:10FD38005279521012F00101D3F8F02018BF95F94A
:10FD4800201003EB8202C2F8BC11D3F8F020013274
:10FD580002F00702C3F8F0209DF855202D9B0AB148
:10FD6800DB6D3CE09A792C99002A31D04B6B2593B6
:10FD78004B685A061BD59DF85620C2B1BDF8AA207B
:10FD8800100714D191F8D7208AB10A7DD2070ED472
:10FD9800BDF84820D0040AD59A0308D5149A91F8DA
:10FDA800C9301341DB0702D520463AF00FD9BDF818
:10FDB800483013F4805F2C9B5A6814BF42F4003219
:10FDC80022F400325A600BE0BAD588006CE1880052
:10FDD8004A6B25921A7C1AB9DB6DD80700D5259392
:10FDE8002D988379A3B9037C93B19DF858307BB9DA
:10FDF800BAF1000F0CD1079B83F806A094F80C22E7
:10FE0800D3F8F0309A4203D084F80C3221F010DB9A
:10FE18009DF85830FBB12D998B79002B40F02A8141
:10FE28000B7C43B10B98E23110300622FDF3E8F267
:10FE3800002800F01F810B980430FEF3D9F150B967
:10FE48002D9890F8453033B90B99043148F076D99C
:10FE5800002840F00F81BDF8AA30089AA8F81C3095
:10FE68000B9BC8F82C201B7C2C9913F0010F099EC2
:10FE78004FF0000707D0D1F854310133C1F854319D
:10FE8800F1E9622306E0D1F850310133C1F850316D
:10FE9800F1E96023921943EB0703C1E900239DF8B8
:10FEA80058309BB999F8003099F801201A4399F80D
:10FEB800023013430AD0D8F82C10D4F85C016A8AAF
:10FEC80078F0C6DB2C9B0899C3F85C1199F90330CC
:10FED800002B07DA2368D3F88830D3F8A822013238
:10FEE800C3F8A82299F8033013F0300F07D023681D
:10FEF800D3F88830D3F8B0220132C3F8B0229DF885
:10FF08005830002B71D1D8F82C00236810F0407FAE
:10FF1800D3F8886001D1C0B201E070F04DDD162839
:10FF28003AD00CD80B2825D004D8022816D004289B
:10FF38005BD119E00C2823D0122856D126E03028AE
:10FF48003CD004D818282DD024284ED130E0602881
:10FF580040D06C2844D0482847D135E0D6F838320C
:10FF68000133C6F8383240E0D6F83C320133C6F8DF
:10FF78003C323AE0D6F840320133C6F8403234E039
:10FF8800D6F844320133C6F844322EE0D6F8483267
:10FF98000133C6F8483228E0D6F84C320133C6F8A7
:10FFA8004C3222E0D6F850320133C6F850321CE009
:10FFB800D6F854320133C6F8543216E0D6F858321F
:10FFC8000133C6F8583210E0D6F85C320133C6F86F
:10FFD8005C320AE0D6F860320133C6F8603204E0D9
:10FFE800D6F864320133C6F864329DF858301BB134
:08FFF8002D980BA91AF01ED987
:020000041002E8
:100000009DF858302BBBD8F82C0010F0407F01D061
:1000100070F0D6DC00F07F00022809D0042807D059
:100020000B2805D0A0F11601484240EB010000E08A
:1000300001200022E98895F91C3000920190A888DF
:10004000090A800B02902D9803920490204609F033
:1000500058F92C994B685A030BD59DF8583043B981
:10006000BAF1000F05D1D4F838010BAA33F038DE0D
:1000700033E020460BAAFEF7F5FF2EE023685A6B0B
:10008000C2B19DF85820AAB910991548CA89D3F869
:100090008C3002F00702825C1248845C38460C34D3
:1000A00003EBC4046368A56801336360FEF376F56F
:1000B0004019A06038461099002202F089DA0CE05D
:1000C000B24637E5BDF8483013F4407F3FF485ADC4
:1000D0002D9B002B7FF4C1ADBCE52FB0BDE8F08FA8
:1000E000BAD588006CE188000B68C968DB691A68BA
:1000F00089B14B78012B0ED1B2F8BE3023F040030A
:100100001B041B0CA2F8BE308978890644BF43F05B
:100110004003A2F8BE3000207047F8B591E888008F
:10012000DC6903680D461A6892F8626126B1D3F85B
:10013000600806F073FF0646F86DF9F725F958B127
:1001400056B1E86858B14378012B04D00C23A38042
:100150004FF0FF30F8BDA0610023A3800020F8BD60
:1001600038B503684C681A6892F8625125B1D3F823
:10017000600806F053FF0546E06DF9F705F950B148
:1001800045B9D4F8A00300F02000002814BF0320D4
:10019000002038BD032038BD2DE9F84391E808025E
:1001A0000568DC692B680E4693F86271D4F800800C
:1001B00027B1D5F8600806F031FF0746D9F85C0092
:1001C000F9F7E2F888B187B1F06888B14278012A7E
:1001D00005D00C2323844FF0FF30BDE8F883606224
:1001E000D5F86008414607F0D9FC0023238400209D
:1001F000BDE8F8832DE9F04F1C4692F801909B680A
:10020000D1F85CC089B0002723F4C063B9F1010FB5
:1002100080460E461546CDF810C005970697A36098
:1002200040F23C81D278AB7843EA0223012B40F0C4
:100230003581A9F10203DBB2032B0ED81CF0400F6D
:1002400000F02C8104222DF0F5DC002800F026813E
:10025000402363630423A36329E12F1D3846964995
:100260000322FDF3D1F08246002840F0178140467A
:100270003146EA792DF0DEDC002800F00F8104F130
:10028000380B38465946FFF31DF0A9F10603DBB2DF
:10029000012B11D8049B5F0640F100814046314696
:1002A00004222DF0C7DC002800F0F88040236363AF
:1002B0000423A3635746FAE06A7A2B7A43EA0223BF
:1002C000012B40F0EB8005F10A0738467A490322FA
:1002D000FDF39AF0002840F0E180404631466A7B09
:1002E0002DF0A8DC002800F0D98038465946FEF3EE
:1002F000E9F7A9F10C03DBB2012B06D8049B5806E1
:1003000040F1CC8040236363CEE0EA7BAB7B43EAE1
:100310000223012B40F0C08005F110006649032242
:10032000FDF372F0002840F0B780EB7C012B01D088
:10033000052B02D1049A510617D4062B02D1049A38
:10034000120612D4D8F8002092F862212AB1082BA4
:1003500003D1049A12F4802F05E0022B40F09C8018
:10036000049A12F0800F00F097805A1FD2B2012A2F
:1003700001D9082B0BD1336D5B0504D4049B13F416
:10038000922F00F08F80A36843F48063A360336DE5
:100390005F0503D5A368580540F1848005F110007E
:1003A00004A90022FEF31AF7002877D0049BA9F1D4
:1003B0001202D2B2012A63638CBF2A7D0022B3F5F8
:1003C000802F01D151066BD5D8F87C06316D0DF127
:1003D0001F0304F05FFA002864D09DF81F301BB1A2
:1003E000A36843F40073A360A9F11407FFB2002FC0
:1003F0004AD095F801A0A9F11609C7EB0A0A05EB46
:100400000A0393F803C003F1020B9B785FFA89F9A2
:1004100043EA0C2C4FEA1919002723E00BEB0713D2
:10042000023305931023ADF81C3004F1140300933C
:10043000636B3046019306A905AA07ABCDF80CC043
:1004400057F09ED901372028DDF80CC00AD1059A53
:1004500062B1069B53B1012100914046214638F01C
:1004600033D903E0674501D04F45D7D15544EA78E9
:10047000AB7853EA022317D0059BBBB1069F002F30
:100480000CBF3527002712E0404621463A463B463E
:10049000009738F019D90AE02B2708E00C2706E06E
:1004A0002D2704E01F2702E0002700E0352738460B
:1004B00009B0BDE8F08F00BF22380100F8B591E81F
:1004C000280007685B681E683B6893F862415CB16E
:1004D000D7F8600806F0A2FD31460446D7F8600858
:1004E00006F0A0FD064600E02646E86DF8F74CFF52
:1004F00030B124B1002E14BF03200020F8BD2046E7
:10050000F8BD2DE9F34191E8480007685B680C46A7
:10051000D3F800803B6893F862315BB1D7F860088C
:1005200006F07CFD41460546D7F8600806F07AFDE6
:10053000074601E01F461D46F06DF8F725FFA0B104
:100540009DB197B10122002101A8FCF3F5F701A8A4
:100550000521FEF3C9F30122A369F42001A9FDF3EB
:100560000FF52368A2695B681A620020BDE8FC8170
:1005700073B503680C461A684D6892F8626126B13B
:10058000D3F8600806F04AFD0646E86DF8F7FCFE71
:10059000B8B11EB9D5F8A033980612D501220021B2
:1005A00001A8FCF3C9F701A80521FEF39DF3012280
:1005B000A369F42001A9FDF3E3F42368A2695B6851
:1005C0005A6100207CBD73B503680C461A684D68FB
:1005D00092F8626126B1D3F8600806F01FFD064666
:1005E000E86DF8F7D1FE98B11EB9D5F8A0339B0697
:1005F0000ED50122002101A8FCF39EF701A80521D8
:10060000FEF372F3F42001A90122A369FDF3B8F40B
:1006100000207CBD2DE9F3471746027A04460E46BA
:10062000D0F80090D1F800800AB1002B6AD0E3190D
:100630009D7A002D67D098F8023194F8272003F0B6
:100640001C039B08934238BF13463371304630F089
:1006500093DD98F802314FF4005203F0030312FACD
:1006600003F3F36098F80231204603F003030D33DF
:1006700086F83D31414607F1360A2FF00BD856F87F
:100680002A5045B94FF4417001F06CDF054600284F
:1006900039D046F82A00284600214FF44172FCF375
:1006A0004BF702232B700023AF7085F8ED30D9F89B
:1006B0000030C5F8F48093F869318BB1484649F0B1
:1006C00041DC38B1E37C984228BF184684F80434F2
:1006D000E07405E094F8043413B1E37484F804047E
:1006E000A27CE37C009294F82F2048460192D5F832
:1006F000F4103A4632F036DFD4F850321A6D013237
:100700001A6500E01D462846BDE8FC872DE9F0414A
:10071000D0F8E822002507460E46A8462B46D2F818
:10072000B0100432002918BF98460133182B0D442D
:10073000F5D128F007083046184908F10708FDF3FD
:100740006BF105BB22E0D7F8E83204F12C0253F834
:100750002220642353433046B3FBF5F31049FDF3E5
:100760005BF1104B2340002B03DA013B63F00703DE
:100770000133072B05D1444503D030460A49FDF328
:100780004BF1013400E000244445DCDD30460749EC
:10079000FDF342F10020BDE8F08100BF22570100C7
:1007A0002C57010007000080375701001A2D8900DF
:1007B00037B500230193079B0546032B144604D944
:1007C00001A806990422FCF333F60E2C2B6806D1FF
:1007D0001B68002093F8D120089B1A6001E06FF09D
:1007E00016003EBDF8B5C269002307460D461E46F9
:1007F000D1580433602B0E44FAD128461149FDF339
:100800000BF1C6B10024FB69284653F82420642369
:1008100053430D49B3FBF6F3FDF3FEF004F0070379
:10082000072B05D1172C03D028460849FDF3F4F017
:100830000134182CE7D128460549FDF3EDF00020DE
:10084000F8BD00BF5C5701002C570100375701006D
:100850001A2D89000020704710B51C4603699B794A
:100860004BB9880501D5101D03E0C90510D502F16B
:100870000A00214608E0CB0502D502F10A0002E099
:10088000880505D5101DA11D0622FCF3BDF580B914
:10089000204602990622FCF3B7F568B12046039979
:1008A0000622FCF3B1F500280CBF4FF0FF3000200A
:1008B00010BD4FF0FF3010BD4FF0FF3010BD0000F5
:1008C0002DE9F04F5D4B07461868EFB06A9015466A
:1008D0009A886C69ADF8AC2153F8060FA2686C9049
:1008E0009B880491ADF8B4317B68A98BD3F814B020
:1008F0006B6805919B1A9BB2D218A260A289D5F8A9
:100900001090D31AA3810026B84664E0642E64D008
:10091000A368E28903F10E0712F4005218BFB4F87D
:100920005020BF07A089998905D04746FB6E1A6CF5
:1009300001321A645BE01218DFF808A10F0A92B2C4
:1009400047EA01270392A18ADAF800200E3752F80D
:100950002120BFB21AB13A4AF91C0A4000E03A46D7
:100960000399914205D04746FB6EDA6B0132DA6398
:100970003DE06AAA00926CAA0192049805992A683F
:10098000FFF76AFF002832D1E3899B0407D5B4F84A
:10099000503023B1A389FF1AA4F8507000E0A7815A
:1009A0002246D8F80000594619F0BCDEE38995F8D4
:1009B000222023F0070302F007021343E38106AB72
:1009C00043F82640A28ADAF80030013653F8224074
:1009D000039BC3EB0909002C98D14746B9F1000FDE
:1009E00001D105AB0FE0FB6E5A6C01325A645846D8
:1009F0006969002201F0ECDD1DE053F8042F0021AD
:100A0000918209F10109B145F7D124B15846214637
:100A1000002201F0DDDD00240BE006AB53F82430AA
:100A200095F829200093386804999B6825F066DBC7
:100A30000134B442F1D16FB0BDE8F08F2B38010022
:100A4000FCFF0100E80300002DE9F04FB1B0DDF834
:100A5000F480079300230F922F9308F138023A9BFA
:100A60000B92D1F808215B880C92079A0E93138899
:100A7000814603F0FC03A3F120077B4243EB07030D
:100A80000C463C9E856908932BB13A9B4FF0300B86
:100A900004330A9303E0089A4FF0100B0A920021E6
:100AA000282210A8FCF348F51AA800212822FCF3FC
:100AB00043F5D5F86C332BB110A805F55B712822EE
:100AC000FCF3B6F40C9B0DF1400A03F138070DF16D
:100AD000680C3A46534628462146CDF800C0CDF86A
:100AE00018C024F065DAD5F8843439469B7824AFF1
:100AF00000220B986FF0BEDE384600212422FCF362
:100B00001BF508F14D03DDF818C02593CDF898A02A
:100B1000B8F868300DF1B40A504600210822CDF82B
:100B20009CC028932496FCF307F57368CDF800A0C9
:100B3000C3F300438DF8B43021465A460023D5F85C
:100B400094062E9753F03AD804F1DC0300F1060A1C
:100B5000079A0D938DE808042FAB0A3202930746DB
:100B60005946284604F1E203099220F08BDE8446C0
:100B700018B91122A8F86820E9E02F9B0022012172
:100B800019705A702A6A1268022A04D194F92C2129
:100B90000AB921221A70216D40F237120A4032B18F
:100BA00094F858201AB11A8842F010021A8095F869
:100BB000722432B12A6A527D1AB11A8842F48062D4
:100BC0001A80B8F8682021465A80B8F820209A8008
:100BD0002F9B2DAA06338DE88C002F93D5F8940611
:100BE0005A460023CDF818C052F056DFDDF818C081
:100BF000002840F09980009498F81820E36802904B
:100C000003900192DA6828463346614624F01AD8E8
:100C1000B8F8683023B13046022176F0A5DB83E0D6
:100C20002F9B063B2F93B36898050CD596F824307C
:100C300003F00303032B06D1D5F87C062146324688
:100C40005DF0C6DA83E0B8F820303146A6F8CC3043
:100C5000284676F0B9DF0C9A022192F860300E9A9D
:100C60003046934238BF1346A6F8FA3076F004DED9
:100C7000D4F8EC30190309D5284621461AF038DD9E
:100C8000012803D12846214646F0F2DE2B689B6AF4
:100C9000F362089B53B10D980A990622FCF3B4F352
:100CA00020B148460999E26836F0A6DF0999E26862
:100CB000484636F0C5DC2A68D4F8EC1092F84F208C
:100CC00011F4005318BF022312F0030205D0CA0426
:100CD0005ABF7268C2F3004200227F218DE80600ED
:100CE0000B9806F13C0100226FF0F0DE28463146F9
:100CF00077F058DB606920B106F11401012201F0A0
:100D0000D9FFD4F8EC309B0404D5D5F84C0121462A
:100D100060F064DB2B6893F8693133B128462146D3
:100D2000012202F0BDFF00E0BA463B9B3A9A0193D4
:100D30002F9B00920293484621460F9A079BCDF8BD
:100D40000CA00496CDF8148036F054D905E048463E
:100D50002146079A434635F029D931B0BDE8F08FD6
:100D60002DE9F04F8569E3B0924698469DF8B4218D
:100D7000D5F864310C4607921BB19B79002B40F0EB
:100D80006A812B6893F82F30ABB1236D990712D588
:100D900094F8A4307BB100F05FDFD4F8B0103EF0DF
:100DA000D7DE002800F06C810023C4F8A830C4F816
:100DB000AC3084F8A430A3791BB12379002B00F068
:100DC0004A81BAF800B01BF4804B65D00AF10A03DF
:100DD000284621461A46069376F080DF074600280B
:100DE00000F03981D0F8D030002B00F0348198F831
:100DF00003909DF8B8314FEA99190BB3D5F89C329E
:100E000053F82960E6B13369D3B1337AC3B14146AF
:100E100003225BA8FCF30CF35BA806F11401326912
:100E20000330FCF305F331695BA8033108AA02F033
:100E3000AFDA6C9A08F10400111F08AA02F0CADAAE
:100E400009F11C0954F8293093B11A696C9841468C
:100E5000143308F0F5DCC0B901230090019302902F
:100E600003900490214628461722069B1AF05ADD6B
:100E7000D7F8D00001F088DB0023C7F8D030032377
:100E80000F2606934FF00109D2E06C9A08F104088E
:100E9000083A6C920F2601E05E465F46B8F80230D1
:100EA000B8F8009006932B6893F8623173B1B9F1EA
:100EB000030F0BD16C9A079B00920193D5F8600841
:100EC00021465246434674F057D8C4E0069A032A96
:100ED00000F2C180BBF1000F67D1012A40F0CC8045
:100EE000B5F8AA0122F014D90AF10A0B031C214615
:100EF00018BF012328465A4676F0F4DE014610B1A9
:100F0000284676F0F1DE284621465A4676F0E8DF9C
:100F10000746002800F0B2804368DA0408D52A6842
:100F200092F83020002A40F0A98023F480534360D7
:100F30002846394625F0B2DDB9F1000F03D0B9F1EA
:100F4000010F2BD112E0B4F9543094F94420384603
:100F500001211BB916B976F0B9DC01E076F01EDA92
:100F600097F8243013F001031DD118E0B4F9543080
:100F7000012B18D03846494694F9442076F00EDA11
:100F800000238DE808020293039304932846214628
:100F900017225B461AF0C6DC0D2649E00023012229
:100FA00000930192EFE7002E42D100210C225FA8AE
:100FB000FCF3C2F2344B0DF5927B5F93334B00216F
:100FC0002822584660936195FCF3B6F2069BADF873
:100FD000346153AE3046002120224A93CDF824914B
:100FE0004B97FCF3A9F26C9A08F106030193931F47
:100FF00000960293D5F894062146B0225FABCDF857
:1010000068B152F003DEBDF834618EB987B197F84C
:101010002430D8070CD52846214604220AF10A03B9
:1010200000960196CDF80890039604961AF07ADCA3
:10103000069A2046531C0193002303930493079BB5
:101040000AF10A01059304F1DC023B46CDF8009059
:101050000296FDF76DFC284621460AF10A0276F059
:101060003DDE68B1A3795BB190F82430D90707D58C
:101070002B689B6A836203E00E26D9E70126D7E737
:1010800063B0BDE8F08F00BF111484001514840014
:101090002DE9F04F9A46836EADF5077D814686694E
:1010A000CB58D1F80C01919C0D460D92DDF8408291
:1010B00012930C90002C00F0AA82002131A86C221F
:1010C000FCF33AF29DF848320D998DF8DC30B4F813
:1010D000CC303391CDF8D0A0CDF8C4903295CDF876
:1010E000D480369423B9206947F04AD8A4F8CC00BC
:1010F000B4F8CC20D5F808310021ADF8E4204CA894
:1011000028221093FCF318F20D98BAF800200388F7
:10111000ADF82C2003F0FC03A3F12000434243EB85
:101120000003D9B28DF8473093B20A934B010E9366
:1011300094F824300F9103F00303032B03D1A36829
:10114000990500F13F82D6F864311BB19B79002BE1
:1011500040F05782336893F82F30ABB12B6D9A076C
:1011600012D595F8A4307BB100F076DDD5F8B0103B
:101170003EF0EEDC002800F04A820023C5F8A830DB
:10118000C5F8AC3085F8A4300F9820B1B8F1090F3C
:1011900040F2378209E0B8F1030F40F23282A8F141
:1011A00004010AF1040B099104E0A8F10A020AF112
:1011B0000A0B099200276763A763304621463A4627
:1011C00076F0B4D9099BCDF8F4B0012B3E93CDF85D
:1011D000ECB040F316829BF8013009980233984234
:1011E000C0F20F8239460C2283A8FCF3A5F1704BA4
:1011F000394683936F4B282284936AAB1846089331
:101200008596FCF399F156AA0DF5E87C6B9260AADD
:101210006C92604639462022CDF81CC06A94ADF825
:10122000C871FCF389F1089B09997B933368DDF859
:101230001CC093F84F30029103F00303CDF800C0B7
:10124000CDF804B08DF8E8310E9AD6F89406294608
:1012500083AB52F0DBDCBDF8C8210E9208B1174613
:10126000BFE1BDF82C30D4F8E000A4F8F83038B174
:1012700041780231FDF322F7D0F1010038BF0020A0
:101280000B900B98EB6D8DF8E60023B12A6D40F2C0
:101290003713134013B92B6D5B060BD5D4F8E03030
:1012A00043B9AB79002B00F08F81D5F8EC3098046E
:1012B00040F18A81304656A960AA4CAB1AF0F6DE9E
:1012C000002840F0858196F81C259DF844319A420B
:1012D00040F07E8194F8243099070BD594F8D730EC
:1012E00023B130462146012239F0C0D92046FE21E3
:1012F00076F03AD895F94430002BC0F2718194F819
:101300002430DA0740F16C81336893F8A9304BB18F
:10131000D6F870012AF04EDD022803D10A99CB05D8
:1013200040F154816D2215A80021FCF305F1002342
:10133000DDF830E11A4612E086A8C11811F8E41C65
:1013400001F07F016C2909D81B48405C30B115AF12
:1013500040B2795432EA200228BF0122013373459A
:10136000EAD16168336A21F007016160587D12F1AA
:10137000000C18BF4FF0010C18B112B941F0010177
:1013800061605B7D33B10A99480503D4636843F01B
:10139000020363600A9A12F02002139203D063687A
:1013A00043F004036360109B986B002314E000BFBC
:1013B000B1118400CD138400581689001099CA1801
:1013C00092F83C20110606D502F07F0215A98A5C2E
:1013D000002A00F0FD8001338342EFD1336893F897
:1013E0004F309A072AD06D9941B34A78304602327D
:1013F000CDF81CC054F09CDA00220746009230461B
:1014000021463A460023FBF701FCDDF81CC0AFB1D2
:1014100051A810220130F91CFCF30AF051AA002354
:10142000F11891F8011312F8010F0840884240F0BA
:10143000CF800133102BF3D14FF0020C129B9C454F
:10144000C0F0C680EA6D22B1296D40F237130B401F
:1014500013B92B6D5B060BD5636B23B1A16B40F207
:1014600037130B4023B92B6D13F0410F00F0B880F8
:101470000A98C00618D5296D40F237130B409BB966
:10148000490601D50B9979B130460D9E0023012202
:10149000009301920293039304932946172206F1C5
:1014A0000A031AF03FDA9BE0E2B12A6D40F23713EB
:1014B0001340BBB1D30715D594F8D630012B11D109
:1014C000636B7BB105F1DC03009305F1E20301934B
:1014D000022730462946224604F11403029726F0DB
:1014E00097D87EE0336893F830304BB9336A1B6885
:1014F000022B05D195F92C3113B91398002869D026
:10150000336A1B68022B05D199F8003013B10A9990
:10151000480561D5304619F07BDDD9F8283098426E
:101520005CD2304629461AF0E3D8D5F88430984288
:1015300054D2D5F8EC30990408D5D6F84C012146A0
:101540005A46099B60F016DA002849D10E9A4CA938
:10155000ADF82C213FA82822FBF36AF70C99486BC1
:1015600008B101F011D80F9A1AB1AAF1060A08F1D0
:1015700006089DF847000C9B83F83C00404600F0AD
:10158000F1DF0C99486308B9886306E0424651468A
:10159000FBF34EF70C9AC2F8388001238DF8F03136
:1015A00004F11401002306227DA8ADF8F231FBF30B
:1015B0003FF731AB0093304629467CAA234635F0ED
:1015C00051DD24E01E270CE00D270AE0162708E075
:1015D000122706E0132704E0192702E0112700E094
:1015E0000C2731AB0393484629467CAA0D9BADF8E6
:1015F0002C71CDF800A0CDF804800294FFF724FAF6
:1016000005E0484629460D9A31AB34F0CFDC0DF5A4
:10161000077DBDE8F08F00BFD1F80C0130B5446BF9
:101620004CB1816B39B190F83C50002D0CBF0425B2
:101630000A25A94203D200211160196030BD251D81
:101640001560196090F83C0018B106390A34196029
:1016500014601A68043A1A6030BD0000024B00F0B2
:101660000F0053F820007047746501002DE9F04F1A
:10167000CB88D0F810218BB09B0605460E46046837
:10168000D0F80C710892D0F804A11DD5036D9A070B
:1016900012D558070BD501F16F0004217CF0BADC9C
:1016A00090B906F1830004217CF0B4DC60B994F8B1
:1016B000413513F0020F05E0DA0705D594F84135FE
:1016C00013F0010F40F02B8320462946728E16231B
:1016D0003CF0D6D8002840F04083738E204613F4A7
:1016E000404F0CBF002201220A3254F822902A46B1
:1016F000494621F069DFFF28804600F02E8394F8E8
:10170000903243F0040384F89032236893F83B301E
:101710003BB12046294642465AF000D9002840F005
:101720001C83236A186961F0DFD840454DD0236AD5
:10173000186961F0D9D8FDF387F383464046FDF37D
:1017400083F3834509D1236A186961F0CDD808F481
:10175000605300F46050984237DC7B68022B0AD15A
:10176000BAF8BE30DB0706D5BB68182B03D0089A41
:10177000536B042B29D1D4F8580141464CF062DB5D
:10178000204628F01FDC7B68022B08D1B5F95430C5
:101790002BB9D4F8D4062946324651F0B5DA2046A2
:1017A000414626F041DF236893F83B304BB1D5F832
:1017B0003C335968D4F8C035994202D0204623F012
:1017C000ABD820461FF0ACDE0FE0D4F858014146FC
:1017D0004CF042DF48B1D4F8580141464CF032DBBE
:1017E000002120460A4622F00BD8236893F83B30AC
:1017F00093B1D5F83C335A68D4F8C0359A420BD02F
:10180000204628F0DFDBD5F83C332046596823F02A
:1018100083D820461FF084DE09F15003C8225046C9
:1018200031460993FBF304F6D9F80030AAF8328068
:10183000022B07D199F81580D8F1010838BF4FF075
:10184000000801E04FF00008F38813F020030DD0EA
:10185000236893F84F3013F0030307D0D5F8EC302A
:1018600003F48053D3F1010338BF0023DBB20AF144
:10187000380B0793FF22B8F1000F18BF00238DE843
:101880000C0058465946002243466FF01FD9D4F841
:1018900084345846099901229B786EF0EBDF0028CA
:1018A0002ED1B9F80820D9F80090B8F1000F05D171
:1018B00020464146069220F03BD9069ABAF83230CB
:1018C00003F46053B3F5205F08D0B3F5C05F07D0D1
:1018D000B3F5805F14BF0A23142302E0A02300E0C5
:1018E0002823FF2101910290CDF800800393D4F8C2
:1018F000843458461B79099904934B466FF0AAD853
:10190000D5F8EC3098040CD52946204620F010D9A3
:10191000FF230093019059465846002202236FF09E
:10192000D5D82046594623F0D9DA96F934202046F6
:101930000032294618BF012246F0F2DC96F9343015
:10194000E3B9D5F80831012283F86020D4F84401C6
:1019500029465BF097D9284631463BF023DA2846E2
:101960000E213DF05BD82946204646F051DE204648
:1019700029467A68BB6845F007D8CCE1D5F8EC3049
:10198000990405D5D4F84C01294652465FF0BADCDB
:1019900020462946324676F0A3DA804638B92046FA
:1019A00029463A460BB0BDE8F04F3BF09D9F079AA1
:1019B000F2B1DAF86830BAF86C900C33A9F10C097E
:1019C00019464A462046069353F0CCDF069B8446D0
:1019D00019464A462046CDF818C053F099DFDDF885
:1019E00018C00022034600922046414662460AE0A3
:1019F0004368DA0309D5F3889B0606D4079B204683
:101A0000009341461A46FBF701F9D8F80430D5F89F
:101A1000EC2043F48053C8F8043012F400524FF025
:101A20007F0308F13C01009305D0079A58460192C4
:101A30000223002203E0079B5846019313466FF0F0
:101A400045D82046414676F0ADDC204629463AF09E
:101A5000C1DD236893F862315BB1EB6D580308D5A3
:101A6000BAF8BE20D4F860084146C2F3801206F0EE
:101A700095F898F8243013F00C0F40F04681B5F932
:101A800054A02368C5F800A193F86231002B7DD0E3
:101A9000EB6D190605D5D4F86008294673F054DBC0
:101AA00010B9EB6D5A033CD500232946C5F8003127
:101AB000D4F8600873F032DA29468246D4F8600818
:101AC00073F040DA88B14FF4802920462946324627
:101AD00008238DE800063DF019D830B10323C5F87E
:101AE0000031C5F85C909A461BE0D4F8600829469E
:101AF00073F02ADBA0B14FF0800B4FF000092046B5
:101B0000294632460223CDF800B0CDF804903CF0CF
:101B1000FDDF28B1C5F80091C5F85CB0CA4600E009
:101B20008246D5F80031032B0BD1D4F8DC062946C8
:101B30003246EB6D6CF002D818B10023C5F80031C5
:101B40009A46D5F80031032B20D1D4F8600805F06F
:101B500065FA50B1D4F86008414605F063FA20B147
:101B6000D4F86008294605F01FF9D4F86008294622
:101B70004246334673F092DA30B1284608210BB062
:101B8000BDE8F04F3CF04A9FC5F800A1D7F804909B
:101B9000B9F1020F1DD1BAF1000F1AD1D4F8D40651
:101BA0002946324651F0C8D898B1D5F80801FCF35F
:101BB0002FF370B9D4F8D00629463246C5F8009103
:101BC0007BF00EDAD4F8D4062946324651F016DB03
:101BD000CA460C21404675F04FDE7B68022B23D1AC
:101BE000089A536B093B012B1ED893464FF000090E
:101BF000134616E00A2000FB0930D5F808116230C0
:101C000006220693FBF300F4069B30B94FF496725C
:101C1000ABF86820012283F8502009F101090BF18B
:101C20000A0BDA6C9145E5D37B68022B33D12B7A12
:101C3000002B30D0BAF1020F2DD1B6F8BE30DB0741
:101C400029D5089A536B042B25D0BB68182B22D0BA
:101C5000284622F04DDF18B12846002127F058D839
:101C6000284618213CF0DADED8F80C30D4F8D40637
:101C7000D5F808211BB11969002908BF002300937A
:101C8000B6F862302946C3F340130193434651F03E
:101C900013DA064629E0284608213CF0BFDE4FF063
:101CA00001090023CDF800A0CDF80490029303931E
:101CB0000493B6F862303246C3F3401305932846C6
:101CC000434608F11401FCF733FE2368064693F8F7
:101CD00069311BB12046494648F0D2D8A06839681E
:101CE0004FF4967200230CF02FDF46B1D4F888042D
:101CF0001B49B5F82E21334660F0F8DA0BE0A068F6
:101D000039684FF49B72334603E00022A0683968BB
:101D100013460CF019DFBB7F0133BB771DE0F3885E
:101D2000708E23F46663F380FDF38EF040F48050F0
:101D30001FFA80F8708EFDF387F0B6F8BE300E28DB
:101D40008CBF4FF44040002048EA000823F00A030B
:101D5000A6F83280A6F8BE30B6E40BB0BDE8F08F2E
:101D6000A59084002DE9F04F9A461388D0F80C61B5
:101D7000A3B003F0FC030993B36894460B3BBAF895
:101D80000220012B04468B46DDF8B0900568D0F8A0
:101D90000471ADF828201FFA82F80BD80CF110005E
:101DA00039460622CDF818C0FBF32EF3DDF818C033
:101DB000034660B1099A2046B2F1100318BF01230F
:101DC00000930023019306210CF10A0248E0306CD5
:101DD00020B1069300F0D8DB069B7364484600F000
:101DE000C1DB306428B1C6F8449051464A46FBF343
:101DF0001FF32B6893F844303BB1D5F86001BAF873
:101E000002104AF037DCAAF80200B8F10B0F10D12B
:101E10007368012B13D0B3680C2B10D000230093F0
:101E2000214628465A463B463BF0C6D820460C2160
:101E300077E0B8F1000F16D0B8F11E0F13D0736819
:101E4000204613F1FF3318BF0123009397F9343074
:101E50003A46D3F1010338BF0023019301214346E1
:101E600039F0AEDBC1E02B684FF000089B6AA9F1A6
:101E70000602CBF82C300AF106030793089203936D
:101E800004924346284621465822CDF80080CDF8DA
:101E90000480CDF8088019F045DD41460C221FA8CA
:101EA000FBF34AF3524B41461F93524B2822209397
:101EB0000DAB184606932195FBF33EF3BDF82820A1
:101EC0000DF15C094146ADF8382048462022CDF896
:101ED00034B0FBF331F3069B089A1E93079B0292E2
:101EE0000193CDF80090D5F894062146099A1FABCE
:101EF00051F08CDE8046002877D1BDF83890B9F1DA
:101F00001E0F11D1129B2846F36421463AF062DB82
:101F1000F26CA86831681E3243460CF015DE20468C
:101F200019213CF07BDD60E0D4F8EC309B0406D551
:101F3000D5F84C015946079A089B5FF07BDDBAF84B
:101F40000420A4F8F62095F87338A5F8582383B137
:101F500092042869C421920C44F0C6DA05F50660A3
:101F6000093039460622FBF363F297F83230A5F8C0
:101F700070387368204613F1FF3318BF01230093B4
:101F800097F934303A46D3F1010338BF0023019367
:101F900000214B4639F014DB204659463AF026DA48
:101FA000D5F868329C4220D0E36DF3B9236DD80791
:101FB0001BD5E36E591C18D01C3354F82320A2B152
:101FC000117A012901D003290FD15089D3798DE8E5
:101FD000030002F11401029100210491059103977D
:101FE00028462146126954F0C3DD23B0BDE8F08FC6
:101FF000D5548400616184002DE9F04FA5B092466C
:102000000C939DF8B820D0F80C310D920993BAF8D2
:102010000220D0F8043101F10A07BAF8049004460E
:102020000B9105680892384619460622BAF800B0A6
:102030001FFA89F80A93FBF3E7F100282ED128460E
:1020400021463A4675F04ADE0646002826D0099A0F
:102050009368082B01D00A2B20D1726842F4805279
:1020600072602A6892F8622172B1BBF1030F0BD142
:102070000C9B0D9A00930192D5F8600821460B9AAB
:10208000534672F079DF92E0082B02D1089B022BB5
:1020900003E00A2B07D1089A042A04D000230093F6
:1020A0002046062180E0B8F1000F06D0CDF800B040
:1020B000204601213A46434677E041460C2221A8BA
:1020C000FBF33AF23B4B414621933B4B28222293B0
:1020D0000FAB184607932395FBF32EF2089AADF841
:1020E0004C900DF164091092414620224846CDF8EB
:1020F0003CB01196FBF320F2079B0C9A20930AF157
:1021000006030193931F0293CDF80090D5F894062F
:102110002146B02221AB51F079DD002847D1BDF82E
:102120004C30002B3AD1BBF1010F37D1089A022A6B
:1021300034D10A2120463CF071DCF368129A06F192
:1021400014011BB11869002808BF002303930D9BDD
:1021500001204FF0030C4FF0000E8DE80150049267
:102160000593204633460A9AFCF7E2FB21460646D1
:1021700028463AF02FDA46B1D5F888040F49B4F86A
:102180002E21334660F0B2D811E0099AA868116890
:1021900033464FF49B720CF0D7DC08E0191CCDF8E5
:1021A00000B0204618BF01213A463DF025D825B0A1
:1021B000BDE8F08F6D61840071618400A59084009A
:1021C0002DE9F041876806467D68B86851F80580BA
:1021D0000C46FAF3D1F2C8F80400002830D0635955
:1021E00000215868E422FBF3A7F1F86854F8058051
:1021F000FAF3C2F2C8F8080010B3635900219868D6
:10220000E822FBF399F163592949D3F80880336830
:102210003246C8F80030986800230CF03FDDC8F85B
:10222000680068B163592349D3F8088033682246AF
:10223000986800230CF032DDC8F8C00000282FD1C8
:1022400063599B68FBB1996E39B1336898680CF09B
:102250000DDD635900229B689A6663599B68D3F829
:10226000C01041B1336898680CF000DD635900225A
:102270009B68C3F8C0206359F8689968FAF3A2F222
:10228000635900229A606359596861B1B868FAF3DA
:1022900099F2635900225A606FF01A00BDE8F0818C
:1022A0000020BDE8F0816FF01A00BDE8F08100BFAA
:1022B00055BE84009DBC84002DE9F04F9FB00646BA
:1022C0008B461446D0F800900493002B00F0DE8279
:1022D0008368049A5B681146D35848465D689B68DA
:1022E0001CAA05931BAB36F043D860B15CB9059CC2
:1022F000202204F148001B99FBF39AF02022E2808F
:102300004FF0870C0DE0062C00F2C382DFE814F0DA
:102310000700C1026F00C1026C01C102E4014FF06D
:10232000710C049C63464846716804F11402CDF8B0
:102330000CC07DF03DDBDDF80CC08046002800F0CD
:10234000AC82BBF1030F06D1D5F8D030B3F5802FA6
:1023500008BF4FF0000BD8F80840ACF112039BB255
:102360001B0204F1120A238200215F225046CDF89D
:102370000CC0FBF3E1F04BF088039BB21A0AE27445
:1023800023752B8B05F11C071A0AA3756275484645
:10239000394620221FF048DD04F11F003946202273
:1023A000FBF346F0DDF80CC0ACF1710C1FFA8CF3B6
:1023B000BBB11A02A4F86F20023BDD2284F8712021
:1023C00084F872308749032204F17300FBF330F084
:1023D000042384F8763004F177001C991022FBF373
:1023E00027F00B235F462B604FF0000B5AE2BBF146
:1023F000030F07D1D5F8D070B7F5802F14BF03278E
:10240000002700E05F46D5F8D000802802D0B0F564
:10241000802F04D147F49E5747F0080703E00428B3
:1024200002D147F4E477BFB2D9F8003093F86241A3
:1024300054B1F6F7A9FF40B1D9F8600804F0EEFDF9
:1024400018B1B5F8D40000E02046AC88D5F8D030FB
:102450000419A4B2802BADF8764002D0B3F5802FDA
:1024600025D117F4805323D0B6F8108018F0010856
:1024700008D130463FF03EDD30463FF05FDD0130B1
:1024800000F00B8233687168D3F87C065BF062DD84
:10249000B6F87C30BDF876202633C31812F0070258
:1024A0009BB205D0C2F108029B189BB200E000234A
:1024B00071341B19049C4846716804F114029BB2E4
:1024C0007DF076DA8046002800F0E78184680021FC
:1024D0005F2204F1120A227461745046FBF32CF05F
:1024E0003B0AE37427752B8B05F11C011A0AA375AF
:1024F000627504F11F002022FAF39AF7AA8804F10A
:102500007100A968FAF394F7BDF876301A0A42EA26
:102510000323A4F86F30D9F8003093F86231B3B1D7
:10252000D5F8D000F6F730FF88B1D9F8600804F08C
:1025300075FD60B1AB68002B00F0B381A888D5F8B9
:10254000D81050445F30B5F8D420FAF371F7D5F8BD
:10255000D030802B02D0B3F5802F33D1F80431D5A1
:1025600021460DF1760230463FF074DCBDF876303E
:102570001A0A42EA0323A4F86F30049A9368990573
:102580000FD533682246D3F87C0671680DF17603C7
:102590005BF02CDDBDF876301A0A42EA0323A4F87A
:1025A0006F30A37B30460093294652465B463FF08E
:1025B000ABDA013006D1D9F804004146002200F020
:1025C00007D866E194F86F2094F8703043EA02234C
:1025D000228AD3189BB21A0A42EA032323820C23CD
:1025E00016E100BF3738010096F87A704BF4607B33
:1025F0003F0107F030074BEA0707B6F87CC0BFB2CF
:102600000023BA0754BF0CF1710C0CF1790C049C37
:102610001FFA8CFCADF8763048466346716804F1C9
:102620001402CDF80CC07DF0C3D9DDF80CC0804693
:10263000002800F0328184685F234FF0000B04F122
:10264000120AACF112022374594684F811B05046B4
:10265000FAF372F73B0AE3742775B6F87C3006F19B
:10266000BE011A0AA375627504F11F002022FAF355
:10267000DFF6102206F18E0104F13F00FAF3D8F6DE
:10268000082206F1FE0104F14F00FAF3D1F6B6F884
:102690007C2006F15A0104F17100ADF87620FAF3BE
:1026A000C7F6BDF8763030461A0A42EA0323A4F88A
:1026B0006F30A37B29460093524607F003033FF097
:1026C00023DA013040F096804146D9F804005A469A
:1026D000FFF37EF7D846E0E0D5F8D030802B03D06A
:1026E000B3F5802F40F0D5803368AC88D3F87C06F2
:1026F0007168ADF876405BF02DDCB6F87C30BDF843
:10270000762026337134C31812F00702A4B29BB2AC
:1027100003D0C2F108029B189BB2E318049C484600
:10272000716804F114029BB27DF042D98046002802
:1027300000F0B38084684FF0000C5F224BF49C578C
:1027400004F1120A84F811C06146BFB222745046E7
:10275000CDF80CC0FAF3F0F63B0AE37427752B8B27
:1027600005F11C011A0AA375627504F11F002022ED
:10277000FAF35EF60DF1780BA968AA8804F17100EE
:10278000FAF356F63BF8023D21461A0A42EA0323C1
:10279000A4F86F305A4630463FF05CDBBDF8763027
:1027A0001A0A42EA0323A4F86F3033687168D3F839
:1027B0007C0622465B465BF019DCBDF8763030467D
:1027C0001A0A42EA0323A4F86F30A37B2946009338
:1027D00052463B463FF098D90130DDF80CC009D194
:1027E00041466246D9F80400FFF3F2F6DDF80CC06A
:1027F000E04652E094F86F2094F8703043EA0223E8
:10280000228AD3189BB21A0A42EA032323820D2399
:102810002B604FF0010B45E0B3F5802F14BFFE2372
:10282000022300E00223504605F15C01082200F873
:10283000053BFAF3FDF517F0030104D1D5F8D000FC
:10284000FDF38EF10146BBF1000F0CD0204605F1DF
:102850008C0207ABFDF394F1F0B10AF14D0007A92A
:102860001022FAF3E5F573684146DA68484624F029
:1028700093DF059CD9F80800D4F8C0104FF47A72A1
:1028800000230CF061D94FF0010806E0DDF810805C
:1028900003E04FF0000800E0804640461FB0BDE86E
:1028A000F08F9B460323E373D5F8D030802BB3D150
:1028B000B8E700BF2DE9F04F054689B00E46D0F8C5
:1028C00000A01F46002B00F0878183685B68FB58DF
:1028D0005C68D3F80880D4F8D000F6F765FD0028CE
:1028E00000F07C81B8F1000F00F07A81BB685805D8
:1028F00007D4BB6B03F00203002B14BF0123022398
:1029000000E00323D4F8D0000793802805D0B0F569
:10291000802F02D0042840F06581337D96F8139013
:1029200043EA092919F00303069302D1FDF318F1D4
:10293000069004F15C0B0120082306F117015A46AA
:10294000FCF3F0F5834500F04F8123680C2B00F079
:10295000B7800D2B00F018810B2B40F0458109F456
:10296000DC73B3F5847F40F03F8104F13C03202207
:10297000184606F11F010493FAF35AF5BA68049B4E
:1029800012F4806F09D12A68126892F86221C2B1EC
:10299000D4F8D020B2F5802F13D108F1480200926C
:1029A000B8F806206968019204F18C020292A28AAA
:1029B00007F114000392E23104F11C02FCF346F526
:1029C00022E0696807F1140C6046E23106220493A4
:1029D000CDF814C0FAF318F5049BDDF814C00028F4
:1029E00000F0028108F148020092B8F806206968F8
:1029F000019204F18C020292A28A60460392E231B3
:102A000004F11C02FCF322F719F4807F10D0338A02
:102A10001A0A42EA03239BB25C2B40F2BF80304685
:102A2000069904F18C02FCF377F7002800F0DC80B3
:102A3000338A1A0A42EA03239BB25E2B40F2AE802D
:102A400096F86F1096F8702042EA012202F15F01B9
:102A50008B42C0F0A380C2B1E188B4F8DC30CB185F
:102A60009A4212D106F17100E16806F11209FAF3F7
:102A7000CBF488B1E388D4F8E010994409F15F0001
:102A8000B4F8DC20FAF3C0F430B1686807F114013F
:102A900011227DF025D9A7E0002384F8CD302B68E2
:102AA000D8F8C01098680CF075D858460821FDF386
:102AB0005DF02846079902223B46FFF7FDFB93E0B5
:102AC00009F4D873B3F5807F40F08E8019F4807FCD
:102AD00008D03046069904F18C02FCF31DF700285B
:102AE00000F08280002384F8CD302B68D8F8C01025
:102AF00098680CF04FD8228A07F11406238B5046B1
:102B00008DE84400696804F1AC027DF089D8D4F8FE
:102B1000D030802B02D0B3F5802F02D11023236058
:102B200018E0042B16D10D2323602B8AD90707D474
:102B300028463FF0DFD928463FF000DA013053D075
:102B400058460821FDF312F02846079904223B4617
:102B5000FFF7B2FBD4F8D030802B04D0B3F5802F30
:102B600001D0042B08D16B685046DB6879210093B3
:102B700032460623FAF7D4FAD4F8D030802B27D087
:102B8000B3F5802F30D123E019F4807F15D0338A3C
:102B90001A0A42EA03239BB25C2B07D8DAF800300A
:102BA000D3F888305A6E01325A661DE030460699D5
:102BB00004F18C02FCF3B0F6B0B1002384F8CD3000
:102BC0002B68D8F8C01098680BF0E4DF102323605E
:102BD00028463EF0F3DF07E0184606E0E92004E06F
:102BE000404602E0002000E0012009B0BDE8F08F7F
:102BF0002DE9FF470D9C064617469A46894600294F
:102C000052D0002C52D0836800685B68E3585D683E
:102C1000D3F80880294606F01DFF09232B6048469B
:102C200039463022FBF382F0736848B1626BDB6D8A
:102C3000B2F5802F0CBF03F4802303F0800302E081
:102C4000DB6D03F00403C5F8D0300C9B30680293B1
:102C500021462A464B468DE8800406F018FF30B323
:102C60007369012B02D1B8F8060000B3002385F880
:102C7000CD303368D8F8C01098680BF08BDF0A238A
:102C80002B60A3685B0507D4A16B01F0020100294A
:102C900014BF0121022100E0032130460022234617
:102CA000FFF70AFB012002E0084600E0204604B0DE
:102CB000BDE8F0872DE9F04390E86000D6F80831D0
:102CC0008E465B8E174603F440437246A3F5404E92
:102CD000DEF1000389B004463146284643EB0E037B
:102CE00075F000D8804600287CD047B1E368002BFF
:102CF00078D120464146FFF763FA002872D1A368D5
:102D00005B6858F803309F68238AD90702D42046AD
:102D10003FF04CD82B68C4F80C8093F86231ABB10B
:102D200098F8D630032B0BD1D8F83430B3F5802F78
:102D30000CD12846414607F1480270F01BDC0FE039
:102D400023B9D8F83430B3F5802F09D0238A9A07F5
:102D500008D507F1480004F11A012022FAF368F3BC
:102D60002023FB80FB88202B35D12B684FF00009F6
:102D7000D3F8E800CDF81890CDF81C900590FFF33B
:102D8000F1F3074600282DD005AB8DE80802284650
:102D90005021D8F810203B46F9F742FED5F8180527
:102DA000314606AA07ABFEF737FC07F10C03009388
:102DB000059B20460C3B0193E36801210293069A90
:102DC000079B40F0D9D92B683846D3F8E8300593F3
:102DD000FFF3DAF306E0706906F11901327E43462B
:102DE0003FF054DA09B0BDE8F0834FF0FF30704790
:102DF00070B50446D0F8880000220A21D4F8D830F3
:102E00000D0A33F81230CEB2CB189BB2013B46EA22
:102E1000032605F0030503F440731D436FEA426384
:102E20006FEA5343A0F84035A0F82065A0F82C5570
:102E3000A0F84035D4F8D83033F81250013249198F
:102E4000062A89B2DAD1204698215A8843F04CDB11
:102E5000D4F8D83020469A219A8843F045DBD4F83C
:102E6000D8302046DA881B889C2143EA022292B29D
:102E700043F03ADBD4F8D83020465A891B899E218A
:102E800043EA022292B243F02FDB2046BDE87040B5
:102E900040F0EE9CF8B503688E210446D3F88454C4
:102EA00042F0E0DC236840001B6886B293F864318E
:102EB00006F1500106F1940789B2BFB213B10023A5
:102EC00085F86D31D5F82031012B1CD002D3022BAF
:102ED00030D122E095F8E820012010FA02F295F8AE
:102EE000583192B2FF2B03D010FA03F31A4392B277
:102EF000204643F0F9DA95F8E83001229A4020465E
:102F0000394692B214E02046B5F82A2143F0ECDAB3
:102F100020463946B5F82C210AE095F8E830012220
:102F20009A40204692B243F0DFDA2046394600222A
:102F300043F0DADA95F81C2142B94C364FF6FE71AF
:102F400020463140BDE8F84043F0CE9AF8BD00007D
:102F5000D0F8941010B50831044641F0F3D8034975
:102F60002046BDE8104041F0D59800BF6C4F0100ED
:102F700038B5437C04468B420D4606D039B142F049
:102F800005DB38B94FF0FF3038BD002038BD4FF0B9
:102F9000FF3038BD002084F87600657438BD00002D
:102FA0002DE9F0438BB0129F98460023032F04466F
:102FB0000D46139EDDF85090089309930CD9042216
:102FC00008A84146FAF334F2072F05D909A808F1F9
:102FD00004010422FAF32CF25A2D089900F0B38070
:102FE00032D8212D00F0D08016D80E2D00F0A78009
:102FF00008D8052D5BD00C2D00F09D80042D40F0ED
:103000009B817CE0142DC0F09781172D40F2A081A8
:10301000202D40F09181C5E03F2D00F0F88009D8C7
:10302000272D00F0CE803E2D00F0EC80262D40F0C4
:103030008381D4E0522D00F02A81542D00F02A81A2
:10304000442D40F07981E7E06A2D00F0618116D8C7
:10305000642D00F0408109D85D2D00F08680632D3D
:1030600000F01B815C2D40F067817BE0682D00F053
:10307000398100F23A81662D40F05E812FE1792D91
:1030800000F0528109D8712D00F04681782D00F0B2
:103090004E81702D40F050815AE17C2DC0F04C8162
:1030A0007D2D40F255818C2D40F0468163E0E06F2C
:1030B00098E8A000C66916F004060ED0002335FA81
:1030C00003F2D607D9B203D401330F2BF7D1194637
:1030D0002A463B4604F0DADC2CE12946324602233C
:1030E00004F0CADE29462A460223E06F04F000DF1E
:1030F000E06F29463A46022304F0E0DE2DE1B9F103
:103100000B0F40F31C8100210A460223E06F04F0FC
:10311000B3DE00210A4607460223E06F04F0CEDE4C
:10312000002105460A46E06F022304F0E1DE376025
:103130007560B060FEE0E06F04F0B8DE3FE0D4F808
:103140008000884902E0D4F880008749FBF390F0C2
:1031500020B100210A46FAF327F630E04FF0FF33A2
:103160003360E9E094F81C31E3E0003118BF01213D
:1031700084F81C11DEE0099A4A4500F3E0802046FD
:10318000334640F069D845E0072F40F2D880002947
:10319000C0F2D88002230093E06F0122099B04F063
:1031A0001DDFC7E0032F40F2CA800029C0F2CA80A9
:1031B000022300930022E06F134604F00FDF30601B
:1031C000B8E00B2F40F2BB800029C0F2BB80099B06
:1031D000002BACBF6FF016066FF00106BDE0072FA5
:1031E00040F2AD800029C0F2AD80099A002AC0F2F9
:1031F000A98000250095E06F2B4604F0FBDE3060CF
:103200002E46AAE0E06F314604F034DE02E0E06FC3
:1032100005F006D80646A0E0236898680BF046DD66
:103220000746E06F04F09ADE10B3E06F04F0B2DE00
:10323000054618B9E06F012105F004D83368E06F46
:103240000093736808360193002302960393416844
:10325000D4F88820A368FAF3A1F0002814BF4FF037
:10326000FF3600266DB9E06F294604F0EBDF08E079
:10327000E06F04F067DE002814BF6FF01D066FF0EA
:1032800016062368394698680BF018DD65E0D4F817
:1032900060314EE0D4F864314BE03146102204A88E
:1032A000FAF3C6F0059D0C352846FFF35BF10446A2
:1032B00000284AD031462A46FAF3BAF0238820463D
:1032C0001B0B012B04D0FFF35FF14FF0FF3644E0FE
:1032D000FFF35AF13CE0236893F8183629E04FF4E5
:1032E000B06326E0B4F81E3123E089B201292FD85B
:1032F0000323A4F81E112046009319B120220221B5
:10330000134602E002212022002342F083D811E07C
:10331000204640F08BD952E74B1C022B1BD820468D
:1033200049B242F0DDDB75E7C4F8381102E0D4F8A9
:1033300038313360002610E06FF01D060DE06FF0AD
:103340000D060AE06FF0010607E06FF01A0604E0D0
:103350006FF0160601E06FF01C0630460BB0BDE8BA
:10336000F08300BFFA6C8900026D8900F0B587B068
:1033700004460668D0F8885000210C2202A8FAF30F
:10338000DBF0002320464FF0FF31704A059342F0F6
:1033900031D823681B6893F8693113B1204640F097
:1033A0008BD8204643F014D84FF40037204640F025
:1033B00039DC009704233069242105AA41F0AADAF8
:1033C00000210A46E06F04F081D96149204640F0AF
:1033D000A1DE2046FFF70CFD02A9204640F05EDB8F
:1033E00020468021082243F07FD80A2220465C2113
:1033F00043F07AD82046D4F8201140F0EDD9554A50
:103400002046554941F0F6DF4FF00043C5F88831BA
:103410004FF00073C5F88C314FF48043C5F8283164
:103420004FF480336B620121204641F0D9DFE06F19
:1034300004F0F0D8A4F81201A5F8A8061621204639
:10344000B4F8482043F050D82046C021B4F86C208E
:1034500043F04AD82046C221B4F86E2043F044D845
:103460002046182104F1A4020223009741F09EDABD
:10347000022320461C2104F1A602009741F096DAAF
:1034800096F858361BB1002386F8583606E00097A8
:103490003069242105AA042341F088DA204644211A
:1034A000B4F8A82043F020D820464621B4F8AA203A
:1034B00043F01AD8B5F888361B051B0DA5F88836D9
:1034C0000123A5F89C360025B5636319586910B12E
:1034D000224B5B6898470435182DF6D11F4D606963
:1034E000AB6D98476B6F606998472046002142F0AA
:1034F000BDDC23681B6893F8693113B1204640F0A6
:103500000DD8A36F2046598B4FF48072CC3142F016
:10351000EBDF637C032200921022002B14BF1346C2
:1035200000232046042141F075DF2046AE2142F001
:1035300099D94FF4D8634000C4F82401C4F8283165
:10354000304640F091DC07B0F0BD00BF0404000439
:10355000943E0100000002400000064010A78800D1
:1035600070B5036804461B6893F86931002B00F0BE
:103570008180836F598B363142F074D9236D0646B2
:10358000D80777D5636D190674D4E36F9A699200F2
:1035900002D5DA69D00704D5DB69D90701D45A0707
:1035A00068D5E36E9B0065D5D4F888304FF49675E6
:1035B000B3F8B42692B242F00302A3F8B426D4F8CA
:1035C0008820B2F8B83623F0C0031B041B0CA2F805
:1035D000B836236DD80719D5636D190616D4E36F75
:1035E000DB695A0712D5E36E9B000FD5D4F88830FB
:1035F0000121A3F8F016D4F88830B3F8F22692B27D
:10360000130A03F00F0302F03F0213E0D4F88830EE
:103610000022A3F8F026D4F888300121B3F8F2266E
:10362000A3F8F016D4F88830C2F30512B3F8F236D6
:10363000C3F30313042A02D10BB1042E02D04FF4BA
:10364000FB750AE06420FEF37BF4013DC1D1F6E78F
:10365000013D08D00A20FEF373F4D4F88830B3F8A3
:10366000B626D007F4D4B3F8B82692B242F0C0021E
:10367000A3F8B82670BD38B58B7905460C463BB12A
:1036800090F88E22002A21D190F88F22002A20D192
:103690000122627193B12B6893F8623173B1E36DCB
:1036A00058030BD5D5F8600803F0B8FC30B1637946
:1036B00023B1D5F86008214603F076FBA07950B11C
:1036C00028462146BDE8384044F0A29F4FF0FF3025
:1036D00038BD4FF0FF3038BD43690BB90223436159
:1036E00083690BB914238361C36913B94FF416734B
:1036F000C361836813B94FF47A73836003690BB9AC
:10370000034B0361C3680BB9024BC360704700BF32
:1037100000350C00804F12002DE9FF470368044676
:10372000D3F80090D9F810309B6FB3F81AA099F82D
:103730001930002B5AD040F2A47600253146D9F832
:10374000100042F08FD8B11C0746D9F8100042F0A3
:1037500089D86B08023504AAEDB202EB830347EA6D
:1037600000400436062D43F80C0CE7D10AF1A40AF8
:103770005146D9F81000019F039E029D42F072D875
:1037800051468046D9F8100042F06CD84BF6FF72D3
:1037900002405146D9F8100042F0A6DE236A9F424B
:1037A00002D2DB43D81900E0F81A636A9E4202D2C3
:1037B000DB43991900E0F11AA36A9D4202D2DB4370
:1037C0005A1900E0EA1AA368276298426662A56265
:1037D00003D3032384F838300AE02369994207D2DF
:1037E000E3689A4204D2C8F3803002E0F52000E09A
:1037F000012004B0BDE8F087F7B5099D0023032D33
:1038000006461746089C009301930BD9042268468C
:103810002146F9F30DF6072D04D901A8211D042234
:10382000F9F306F61C2F07D1D6F88030002093F864
:1038300038200A9B1A6001E06FF01600FEBD2DE9EA
:10384000F041044616461F460D46002900F09D80B3
:1038500030F0C4D8D4F8A031804693F8661093F8BD
:103860006C20002940F08880002A40F085809988EB
:1038700042F20E72013989B291422DD8206940F28C
:10388000EA3140F0D3DD90B120694FF47B7140F014
:10389000CDDDD4F8A0319A8841F64B539A4204D931
:1038A000206940F2ED3140F0C1DDC5B200E00546CF
:1038B000206940F2EB3140F0B9DD012330B13B70BB
:1038C000D4F8A031002283F86E2033E03870D4F8A9
:1038D000A02182F86E302DE05A8D910706D520691F
:1038E00040F2EE3140F0A2DDC5B223E012F0010259
:1038F00014D0B3F87B10002973D0B3F87920002AD4
:103900006FD00A20414391FBF2F2062A69DDB3F839
:103910007130012B67D0022B0DD166E032703A7006
:10392000D4F8A021012382F86C30D4F8A02182F8C9
:103930006E3000E03DB900233370D4F8A03101228D
:1039400083F86C201BE0D4F8A03193F86D20022A94
:1039500007D9012283F86620D4F8A03183F8675094
:1039600002E0002333703B70D4F8A03193F86D204F
:10397000013283F86D2002E00AB100233370D4F8DD
:10398000A031C3F86880BDE8F081D0F8A03193F889
:1039900066202AB9DB6E13F0FF1F13D1BDE8F0815A
:1039A000022213462FF03EDC012320462946022244
:1039B0002FF038DCD4F8A03183F86650D4F8A03169
:1039C00083F86750D4F8A021002382F86C30D4F833
:1039D000A02182F86E30D4F8A02182F86D30BDE8C5
:1039E000F0810625AFE70225ADE70825ABE770B506
:1039F000036886B00C460546002103A80A221E680B
:103A0000F9F39AF5BDF80C3043F01003ADF80C3023
:103A100094F8AC30A3B1D4F88830D3F82031D8076B
:103A20000ED5204642F0B8D9022200922046BDF8B9
:103A30000C300021102241F0EDDC204641F064D929
:103A4000012185F83910336A186901F0C4FA06B00B
:103A500070BDF0B5036887B00C460746002103A887
:103A60000A221D68F9F368F5BDF80C3023F0100345
:103A7000ADF80C302B699B6F5E8B94F8AC30002B4B
:103A80003CD0D4F88830D3F82031DB0736D5204637
:103A900042F082D90222BDF80C300092204600216B
:103AA000102241F0B7DC236DD80724D5636D1906C9
:103AB00021D4E36F9A69920002D5DA69D00704D560
:103AC000DB69D90701D45A0715D5E36E9B0012D5DF
:103AD000D4F88830B3F8B82692B242F04002A3F886
:103AE000B826D4F88820B2F8B83623F080031B0437
:103AF0001B0CA2F8B836204641F006D9002487F8FE
:103B0000394006F136012869224642F0EDDC06F123
:103B100008012869224642F0E7DC06F1F801224656
:103B20002869A43642F0E0DC3146286941F09ADE8B
:103B30004BF6FF7202403146286942F0D5DC2B6A11
:103B400097F83910186901F046FA6B7E43B128697D
:103B500040F2A47122460C2342F0DAD8204601E05C
:103B60006FF00A0007B0F0BD7FB551F8383B002276
:103B70001868D0F8683200920192029201220391F3
:103B8000049219469822DC3317F0CCDE07B000BD52
:103B900038B50446FFF7A0FD94F83830032B04D065
:103BA0002046FFF7B9FD054600E0002594F83830BF
:103BB000013B032B73D8DFE803F00213304C0120E4
:103BC0002146FFF7D1FF012D08D1E36A6269013375
:103BD0009342E36263D3022384F83830002351E038
:103BE00002202146FFF7C0FF012D4FF000030BD14B
:103BF000226BA16901328A422263E3624FD303221E
:103C000084F83820236338BDE26A616901328A4250
:103C1000E262236343D3012232E003202146FFF70F
:103C2000A3FF94F83930012B07D120466168FFF7D4
:103C300010FF002323626362A362636BE2690133B6
:103C4000934263632BD300236363042384F83830E7
:103C500038BD04202146FFF787FF94F839301BB99F
:103C600020466168FFF7C3FE012D4FF000030BD122
:103C7000E26A616901328A422363E2620FD303225E
:103C800084F83820E36238BD226BA16901328A4290
:103C9000E362226303D3012284F83820236338BD12
:103CA000F7B50368044693F83C20002A40F0AC8046
:103CB00093F86931002B00F0A78044F06BDF0228F5
:103CC00040F3A280204644F003DF002800F09C80EF
:103CD000206940F059DA23680646DA6ED4F8687233
:103CE000002A40F091801B7E002B00F08D8094F81C
:103CF000D4312BB120461FF067DA002840F08480D1
:103D0000D4F8A0315A6B5278D1070CD4DD795DB16B
:103D1000D4F86832D3F814311B695B42AB42CCBF94
:103D20000825002500E0002506F00403002B18BF3D
:103D30000825BB7916F0100618BF4FF4007623BB98
:103D4000D7F8083193F93430FBB13B7AEBB13B7CC7
:103D500023B107F1DC00FAF35BF2B0B994F88D32CD
:103D6000012B12D194F88E3223B1D4F8180535F016
:103D700019D850B9FB6DA3B13A6D40F23713134017
:103D80007BB197F86030D3B10BE094F88D325BB122
:103D9000D4F88C221D4B1340B3F5807F10D13B7CAF
:103DA00073B13543ADB20BE094F88E323BB1D4F829
:103DB000180534F0F7DF002808BF002500E01D4695
:103DC000022120464FF402722B4600911FF060DC66
:103DD000354219D00023D4F86422D15889B18A79A8
:103DE0007AB90A7A6AB10A7C5AB1D4F8440158F017
:103DF000E9DE0146D4F8440103B0BDE8F04059F0D3
:103E0000A9990433202BE6D103B0F0BD00FFFF00D9
:103E10002DE9F84305680446D5F8A031D0F8348080
:103E2000D3F810902B699B6F5E8BFDF315F7A36C95
:103E3000A064C31AB3F5617F01D2BDE8F8832046C0
:103E400045F0BAD984F83000204644F033DF84F8D6
:103E50003100204645F088D894F8453084F85A005F
:103E60005BB194F8403084F8303094F8413084F8F5
:103E7000313094F8423084F85A3098F801305B07BA
:103E800021D5E76B284694F9311094F9302094F944
:103E90005A30B8475FFA89F94845074613D0284693
:103EA000394645F0A7D82869026D12F480020AD17C
:103EB0004EB1012F06F1A40101D1602301E060227F
:103EC000134642F013DA28460122D5F86812FFF7AC
:103ED000E7FE98F80130980715D5A66B94F95A308B
:103EE000284694F9311094F93020B04794F83230D4
:103EF0000646834207D02846044932461FF0F8D8C8
:103F000008B984F83260BDE8F88300BF6FB089005B
:103F100073B504680546204644F0DADDD4F8A031D4
:103F2000064693F85E20013283F85E20236893F8FA
:103F30006931002B4AD0002848D0236A1B68022B25
:103F400044D1012803D12046294645F0B5DB6B6BEF
:103F50005B78DB0703D52846FFF75AFF36E020469B
:103F600045F05CD8D4F8A031DA7A72B1D4F868128E
:103F7000D1F8141109694942914206DD721E012AE5
:103F80001ED95E73204601210EE09A7A7AB1D4F8E8
:103F90006812D1F8141109694942914207DA042ED6
:103FA0000ED05E732046042145F024D808E0597BEA
:103FB00031B1204645F01ED8D4F8A03100225A7302
:103FC0002046D4F868120122FFF76AFE236893F8AE
:103FD0006921002A51D0226A1268022A4DD1012299
:103FE0008DF806208DF807204EB3042E27D093F8C5
:103FF000412022B393F842200AB3D4F864210AB1D5
:104000009279E2B993F83E30CBB1D4F8A03142F2C4
:104010000E729988013989B2914203D9598D11F0F4
:10402000030105D0013E012E09D82046012100E000
:1040300020460DF107020DF10603FFF700FC9DF885
:1040400007109DF80630A1F101025142A3F10100D1
:1040500041EB0201434243EB000302228DF806309C
:10406000204613468DF807102FF0DCD820469DF827
:104070000610022201232FF0D5D8236893F8693166
:1040800023B1236A2846196845F00CDFD5F8800073
:10409000FFF77EFD00207CBD2DE9F04705689A46BC
:1040A0002B68044693F844008EB00F46164600284D
:1040B00038D00DF10C094FF00008002124224846A9
:1040C000F9F33AF2414608220CA8CDF81080CDF859
:1040D0000C80F9F331F242464346D5F8C006394622
:1040E000CDF8349051F0FADCD4F8444180460FE02A
:1040F0008DE8400101330493D5F8C00639464FF6E8
:10410000FF720CAB059451F0C9DC50B924684644E9
:10411000049B002CECD1039A01209B18CAF80030B4
:1041200000E000200EB0BDE8F08702680146D2F83A
:104130006C31D2F8D80603F5C67203F5CE7305F0DC
:1041400077B8000000487047C4580100024B542261
:1041500002FB0030704700BFBC650100004870479B
:104160006466010038B58B781C1DA24230D30A78F2
:10417000012A30D1142B34BF1A4614224B78022B5B
:1041800004D0032B1ED0012B28D101E0002315E021
:10419000002307E0CC18257990F8234001332C4305
:1041A00080F8234001309342F4DB0FE0CC182579EE
:1041B00090F8234001332C4080F823400130934293
:1041C000F4DB03E024300431F9F332F1002038BD90
:1041D0006FF00D0038BD6FF0240038BD002038BDF1
:1041E00038B5044610468A78151DAB420FD30B78BC
:1041F000012B0FD1142A28BF142214238270C370FC
:1042000004F124010430F9F313F1002038BD6FF0FC
:104210000D0038BD6FF0240038BD982970B50446F4
:104220000D46164611D8243012B1FAF35DF501E0BF
:10423000F9F3D6F72C2D0BD10121321CA06818BF41
:1042400001221DF071D9002070BD4FF0FF3070BD0C
:10425000002070BD70B505460C464EF067D8064686
:1042600080B190F861309BB9836923B9E420FEF3F3
:104270007FF1B06130B1F36953B9E820FEF378F112
:10428000F06128B928462146BDE870404DF04E9EA9
:1042900070BD00002DE9F04F9A469BB00D46D1F855
:1042A0000C31D1F80461002800F03181897944682B
:1042B000002940F02C81297C002900F028819AF8FF
:1042C000011002291FD19B68182B1CD102F10A0092
:1042D000D5F808110622F9F397F0A0B90AF1080001
:1042E00031460622F9F390F068B920462946D5F800
:1042F000082173F0F3DC30B120462946324673F0D2
:10430000EDDC074620B9002300932846062138E05B
:10431000BAF80E308BBB00210C2217A8F9F30CF170
:104320007C4B0DF1140917937B4B002128220DF1D2
:104330003C08484618931994F9F3FEF00023002135
:1043400020224046ADF82430F9F3F6F00AF11003CC
:104350000193249BCDF80080103B0293D4F8BC0657
:104360002946D02217ABCDF8589051F0D3DB002866
:1043700040F0CD80BDF824302BB1022200922846B7
:1043800001213246C1E0D5F8103193F8F430F3B989
:10439000D5F818311B7AD3B994F8903228465907CA
:1043A00044BF23F0040384F89032012124F0B0DCF0
:1043B000D5F81031012283F8F4204FF4FA70FDF3A0
:1043C000BFF594F8903243F0040384F89032B6F8C5
:1043D0003280236AD3F804B008F44043A3F5404286
:1043E000D2F1000A4AEB020A003318BF01230A3354
:1043F00054F8239008F46053B3F5005F03D14046AE
:10440000FAF3A2F5804608F46053B3F5C05F27D1F4
:10441000236893F84F309B0714D0D4F85801D9F88B
:10442000041049F00FDB00070CD499F8E530990728
:1044300008D5D9F80030022B12D1D5F868339B7813
:104440009A070DD54046FAF3FFF440F480539BB22F
:104450000E288CBF4FF440484FF0000848EA03088C
:10446000236A18695EF040DA40451CD04146D4F812
:10447000580149F0E7DC204625F0A4DD20464146FE
:1044800024F0D2D8236893F83B304BB1D5F83C33B5
:104490005968D4F8C035994202D0204620F03CDA61
:1044A00020461DF03DD8204606F1380120F016DDEB
:1044B000D34524D0236A204639465A682B4673F0E8
:1044C0003DDA2368206A93F84F30503013F003032D
:1044D00007F13C0108D03B69D3F8EC3003F480537A
:1044E000D3F1010338BF00237F228DE80C000022A6
:1044F00013466CF0EBDA2046394673F053DF0223A3
:1045000000210093284632460B463AF075DE1BB078
:10451000BDE8F08FA9B885000DBA85000B89F0B50C
:10452000C48F03F0F0060419360934F81650428F90
:10453000B0F83CE0013634F81670CC688218864436
:1045400087B052190EEBC50E2CB14E69C4EB060CA8
:104550008E69664400E026467D1BADB2CDF800E0D2
:104560000195C06802900868049403900596486815
:10457000194600234FF084DF07B0F0BDF0B50C46BC
:104580000989C58E01F0F006878E4519360935F880
:104590001630C7194FF00C0E0EFB037787B0428E12
:1045A0000136009735F816508218ED1AADB2019514
:1045B0008068D2180290206800230390A0690490BC
:1045C000E069059060684FF041DE07B0F0BDF0B5DE
:1045D0000C460989C58E01F0F006878E451936090B
:1045E00035F81630C7194FF00C0E0EFB037785B067
:1045F000428E0136009735F816508218ED1AADB28A
:1046000001958068D21802902068002303906068AA
:104610004FF0F6DE05B0F0BD2DE9F341B0F81280A1
:10462000878AC68A84798044C7198619F4B92546D1
:1046300005F00F0336F81310013336F813208A42C1
:104640000ED00C4B521A181980884FF00C0E0090A7
:1046500092B208EB0100E3580EFB01714FF0CEDF80
:10466000013508340D2DE3D1002001E06FF0160074
:10467000BDE8FC81685901000378FF2B01D0184682
:104680007047437813B18078FF3070474FF6FF7062
:10469000704791E80C0009895268B02902D112686C
:1046A000032A08D090F8420630B1D3F86433587822
:1046B00010B1023070470020704706207047036831
:1046C00073B50446D0F82454D4F81C1498680AF042
:1046D00061DA26E0EE690BBBD4F8243405F10E0252
:1046E0009D4208BFC4F824642068214673F0F6DABE
:1046F000024640B1012102238DE80A0020682146CC
:10470000002372F053DF23682946586851F088DC93
:1047100094F82034013B84F8203401E0013BAB6184
:1047200035461DB1AB695A1CD4D116E02368D4F8C4
:1047300024249868D4F81C143AB90AF097DAC4F81B
:104740001C5484F8205402B070BD42F210722B4603
:1047500002B0BDE870400AF0F799FEE77FB5D0F8E7
:1047600024040E4615461C4698B104AB43F8040DCC
:1047700000200093014632462B4651F09FDC40B9A1
:104780004EF660235C4342F21073B4FBF3F4039BD8
:104790009C6104B070BD00002DE9F0410546D0F8E1
:1047A0000080D0F81441FDF357F2D8F820300646C7
:1047B00018695EF099D8D5F808315B8E834259D1DB
:1047C00013F4404F09D1D8F8003093F8693123B180
:1047D000404640F00FD800284CD0A36C002B53D09B
:1047E000E16C721A9A424FDB94F850301BB1226987
:1047F0005BB2934248DB94F84430FBB12769EFB1D8
:10480000FF1AD8F8C4366FF0C7029742B8BF1746F0
:1048100013B19F42B8BF1F46B4F90E30002B03DA24
:104820001A483246F8F3AEF60022134628463946B7
:1048300054F026D8D5F80831228A5A8594F84530A4
:1048400013B3676907B3FF1AB4F93A3027EAE77779
:10485000002B04DA0E48E16C3246F8F393F6284652
:104860003946002254F05AD8D5F80831A48A9C85DC
:10487000BDE8F081D5F80831DA8DE36CD318E36434
:104880009B1B002BC8BFE664BDE8F081AEC5890064
:10489000DFC5890010B5002012F04004187002D066
:1048A00012F0800F15D011F4007005D012F0800FB7
:1048B00002D00120187010BD490501D5130605D599
:1048C00030B9D4F1010038BF002010BD002010BD68
:1048D000012010BD2DE9F04F836B0D46596C044645
:1048E00040F2395087B09246002281428DF817205D
:1048F00003D040F28B50814208D1B4F8522002F428
:104900004042A2F540414A4242EB0102186903923B
:1049100068F072D828B3D4F8E4235AB1D4F8F80375
:10492000012169F07FDE28B9A36BD4F8E4139868FD
:1049300069F0A8DC94F8943083B9D4F8F803B4F89B
:104940005210012269F038DEC4F8E40330B1BAF144
:10495000000F03D120465EF04FDD46E10023C4F88E
:10496000E433B4F85210A36B01F46051B1F5005F69
:10497000986805D0A1F5C052514241EB020100E018
:10498000022169F071DC0646002800F02E8135B165
:1049900020462946B4F8522033465EF007DDB4F8CD
:1049A00052904846FAF350F209F46057A36BB7F5FA
:1049B000005F986805D0A7F5C053594241EB030149
:1049C00000E0022169F050DCA36B054610B998683D
:1049D000314617E0B7F5005F986806D0A7F5C058D4
:1049E000D8F1000141EB080100E0022169F03CDC54
:1049F000804650B9A36B3146986869F043DCA36BDD
:104A00002946986869F03EDCEFE0D4F8E403B8B1D9
:104A100069F044DCB7F5005F06D0A7F5C05CDCF1B7
:104A2000000343EB0C0300E00223984208D0A36B81
:104A3000D4F8E413986869F025DC0023C4F8E43363
:104A4000D4F8E433FBB9A36BB7F5005F986806D0E0
:104A5000A7F5C05EDEF1000141EB0E0100E002218E
:104A600069F002DCC4F8E40368B9A36B31469868C6
:104A700069F008DCA36B2946986869F003DCA36B36
:104A800041469868BEE7D4F8E40369F02DDB204680
:104A90005EF04CD8284694F97B1069F017DD0023AE
:104AA0000DF1170200932046434649465FF09CDC17
:104AB0004046314669F054DB404694F9651369F08D
:104AC000ADDC4146284669F04BDB94F85810632969
:104AD00002D8284669F0B6DC284669F0DDDB2846B6
:104AE00069F014DC94F8673307469B0098426FF036
:104AF0007F012846B8BFDFB269F01EDCFFB25FFA63
:104B000080F9A36B84F87E7084F87F9083461869DF
:104B100067F072DFB8B1D4F8F803B4F8521069F056
:104B20002DDE01280FD1B4F8521000224B46D4F8E4
:104B3000F80369F0D5DDD4F8F803B4F85210002278
:104B40003B4669F0BDDD002384F891B084F89630CF
:104B500084F88030BAF1000F03D02846514669F03E
:104B600019DB94F8823028460BB1039B23B194F9EA
:104B70007E1069F0C7DA03E094F97F1069F04EDC2B
:104B8000D4F8E403294669F0D1DAA36B186967F019
:104B900033DF98B1D4F8F803B4F8521069F0EEDDC1
:104BA000012803460AD1D4F8E403A16B0090886879
:104BB000B4F85220D4F8F81369F054DDA36B3146F1
:104BC000986869F05FDBA36B2946986869F05ADB47
:104BD000A36B4146986869F055DBBAF1000F04D128
:104BE000D4F8543A0BB12046984707B0BDE8F08F8F
:104BF00010B590F86330002B3CD0DB07C9B22CD540
:104C0000836E8B4223D190F8253A3BB10023846B0D
:104C1000E4180133082B84F82021F8D1836BD3F8F2
:104C200028411B1983F82021836BD3F82841072CD6
:104C300001D0013400E00024C3F8284190F8253A5F
:104C40002BB190F8263A13B1002380F8253A90F85A
:104C5000633023F0010380F8633090F8633013F081
:104C6000020F07D023F0020380F86330836B1869CA
:104C700067F0BADE002010BDF8B590F86330044646
:104C8000002B3AD1012902D0022939D100E08266F5
:104C9000A36B80F863101A6A94F8D900626618BB97
:104CA00094F86C20002A2DD118698E2167F072DEED
:104CB000400087B2062502E00A20FDF341F1A36B14
:104CC00007F174061869314667F064DE08B1013DEA
:104CD000F2D1A36B01221869314667F067DE2046E6
:104CE00001F012F8024600E0A122B4F8521020466A
:104CF00052B2BDE8F840FFF77BBF6FF01800F8BD77
:104D00006FF00200F8BD10B504465DF0EDDD022144
:104D1000C2B22046BDE81040FFF7AEBF30B5026C0E
:104D2000CB8892F829463CB9846B64690A2C03D974
:104D30004C8A14F4807F14D0846B6569272D03D1CD
:104D40000C8A14F4006F0CD18C88DBB214F0030FC2
:104D500001D09D2B05D0232D07D14D8A15F0200FB2
:104D600003D001238B7700230AE090F92C031B1852
:104D7000E00444BF92F91E269B180022CB778A7765
:104D80000B7700234B7730BDC369043B082B06D853
:104D9000DFE803F01805090709050B050D000020E1
:104DA000704717207047042070470720704790F81D
:104DB0003E03012808D0032814BF4FF483704FF43A
:104DC0008B707047012070474FF48B707047836B76
:104DD00013B51A6A044601321A6290F86020002A5C
:104DE00000F0AC80B0F8C8222AB1D0F8F013A1F8D6
:104DF0003622A1F83A22B4F8CC222AB1D4F8F01322
:104E0000A1F82822A1F82422B4F8CA222AB1D4F8A1
:104E1000F013A1F82222A1F82622216F40F60622E3
:104E20000A402AB993F82C3113B120465DF0F8DD21
:104E3000A36B1A6A1B6EB2FBF3F103FB1123A3B938
:104E400020465FF085DC236F40F60202A16B1A401A
:104E50000032086918BF0122B4F85210C3F380036E
:104E600067F0D2DD20465FF081DC226F40F60E2332
:104E70001340B3B9A36BD4F88C21196AD2F89020EF
:104E8000D3F818318A1A9A420BD394F8522020464C
:104E90000121FFF7F1FEA26BD4F88C31126AC3F83E
:104EA000902094F8633043B1A36B1A6A636ED31AEF
:104EB000052B02D9002384F86330D4F8F4202AB1FA
:104EC000A36B196A1B6E8A1A9A420CD3226F40F6A2
:104ED000020313403BB920465DF016DE18B1A36B08
:104EE0001B6AC4F8F430226F40F60F2313402BBB2B
:104EF00020465EF0B5DA20465EF054DAD4F88C3104
:104F0000D3F8882012B1013AC3F88820D4F8B43A13
:104F10000BB120469847A36B186967F023DD68B191
:104F2000A36B01A918690DF1070267F01FDD204688
:104F30009DF80710BDF804205DF0D4DD00201CBDF5
:104F400003460021986B40180131082980F8202180
:104F5000F8D19A6B0021C2F82811D16E032907D12C
:104F6000D3F8C410C90703D5126A0832C3F8B820B1
:104F70000022991802324FF6A470202AA1F8040AE0
:104F8000F7D10020012283F8240A83F8EC2A704725
:104F9000836B10B59A69044692001BD590F8ED2AF0
:104FA000012A17D1B0F8522012F4404F12D11869DB
:104FB00067F004DD636CB3F8B42692B242F00302EA
:104FC000A3F8B426636CB3F8B82692B242F0C002DC
:104FD000A3F8B82610BD80F8ED1A704730B5056CFF
:104FE000044687B028464FF4007141F21C1260F06D
:104FF00047DB002800F09D800723039320230593BF
:105000008023029300230190049340F8043B013372
:10501000802BFAD1204601A965F0E8DE4FF4307309
:10502000204601A9049365F0E1DE206C41F22F11C6
:1050300060F04CDB2046012164F086DC20463E49CE
:1050400036225DF0F7D9D5F8C434204640F6F41185
:105050004FF480426BB113465DF0B4D9B5F85824D3
:10506000B5F856342046D31840F20C5140F2FF12E6
:105070009BB25DF0A7D91E22304920465DF0DAD9F7
:10508000204661F011D8204663F014DA99210122FC
:10509000002320465DF068D9962102220023204695
:1050A0005DF062D9A2210122002320465DF05CD987
:1050B000A5214022002320465DF056D9A6210122D9
:1050C000002320465DF050D9A12101220023204673
:1050D0005DF04AD930220023204602215DF044D9F8
:1050E0006F2120464FF4005200235DF03DD94FF46C
:1050F0008052134620466F215DF036D904221346B4
:10510000204640F2D7415DF05DD940F2D7414FF4DF
:1051100070624FF4807320465DF054D9204662F0EF
:10512000DBDB204640F275514FF4007200235DF046
:1051300049D907B030BD00BFBE5A01002A5B01004B
:10514000F0B5072387B0066C029320230493012354
:1051500004460D460193304605AB4FF4007141F211
:105160007332009360F08CDA002849D0D6F8B86525
:10517000074601460023B3422CBF9E46B64605EBC8
:10518000CE0292F803C015F83EE001334EEA4C5EC1
:1051900092F802C052784EEA4C3E4EEA4212802B00
:1051A000059241F8042BE6D18DE809006946C02339
:1051B0002046039365F01ADE0023B3422CBF1A4643
:1051C000324605EBC20210795179400240EA414073
:1051D000D179013340EA0102802B059247F8042B74
:1051E000EBD14FF4107320466946039365F0FEDD62
:1051F000236C41F29F31C3F8BC55206C60F066DA35
:1052000007B0F0BDF0B5076C89B0002304460D4629
:1052100038464FF400714FF4965205930693079366
:1052200060F02EDA0646002834D04DB9204605A994
:1052300006AA07AB5EF028DB03953746002510E091
:1052400097F83336002BF8D0B4F9283A0693B4F91E
:105250002A3A0793B4F92C3A05934FF43073039329
:10526000EBE705A928460EC964F0B0DE0135802DB4
:1052700047F8040BF5D10723029320462023694603
:1052800004930096019565F0B1DD206C41F2DF21B9
:1052900060F01CDA09B0F0BD2DE9F047571A7E1C0A
:1052A0001FFA86F94FEA89034FF6FC7186B004466F
:1052B0001940006C41F6DE3260F0E2D90546002864
:1052C00071D010234FF0600ADFF8E0808DE8080409
:1052D00004AA022320460021CDF808805EF0CCD835
:1052E000BDF81020BDF8123092059B059B0D920D64
:1052F00043EA8222C246002308E055F8231001F059
:105300007F61114345F8231001339BB2BB42F4DDAA
:1053100020234FF4A0788DE80801DFF894802A4616
:10532000334620460721CDF808805EF0B3D8206CC4
:1053300041F6F23160F0CAD94FEA49094FF6FE71E1
:10534000206C09EA010141F6F53260F099D9054671
:1053500048B310234FF0620C8DE80810204601235B
:1053600000210DF11602CDF808A05EF085D80023CB
:1053700005E0BDF8162025F8132001339BB2BB428F
:10538000F7DD10234FF4E07E8DE80840204607212A
:105390002A463346CDF808805EF07CD8206C41F672
:1053A000024160F093D906B0BDE8F087CD218700B7
:1053B0006149870010B5044660F098D92046012263
:1053C00000234FF430615CF0FDDF2046042200230F
:1053D0004FF430615CF0F6DF2046082200234FF4E2
:1053E00030615CF0EFDFF022204613464FF430616D
:1053F0005CF0E8DF4FF47062204613464FF43061F2
:105400005CF0E0DF204600234FF430614FF480521F
:105410005CF0D8DF20460622042340F607315CF01A
:10542000D1DF20463822082340F607315CF0CADF7E
:105430002046002340F607314FF4E0725CF0C2DFF3
:1054400020463022102340F60B315CF0BBDF4022B7
:105450002046134640F60B315CF0B4DF204640F6A0
:105460000B314FF4F0624FF480635CF0ABDF204609
:1054700040F60B314FF4F0424FF400535CF0A2DFE2
:1054800094F8FC392046012B14BF4FF480534FF49D
:10549000105340F60C314FF6FF725CF093DF20465C
:1054A00040F60C314FF6FF724FF480535CF08ADF08
:1054B000204640F60D314FF6FF724FF450435CF03A
:1054C00081DF204640F60E314FF6FF724FF47843ED
:1054D0005CF078DF2046102340F60F314FF6FF7264
:1054E0005CF070DF20464FF431614FF6FF724FF4ED
:1054F00078435CF067DF204640F611314FF6FF72CB
:105500004FF47D435CF05EDF20460F22002340F61F
:1055100012315CF057DF2046F022002340F61231B2
:105520005CF050DF2046002340F612314FF47062E9
:105530005CF048DF20460F22002340F613315CF078
:1055400041DF2046F022002340F613315CF03ADFC1
:105550002046002340F613314FF470625CF032DFD6
:1055600020460F22002340F614315CF02BDF20464A
:10557000F022002340F614315CF024DF204640F690
:1055800014314FF4706200235CF01CDF20460F22C0
:1055900040F6153100235CF015DF2046F022002391
:1055A00040F615315CF00EDF2046002340F6153141
:1055B0004FF470625CF006DF20460322012340F6C0
:1055C00016315CF0FFDE20460C22002340F6163137
:1055D0005CF0F8DE20463022102340F616315CF0F5
:1055E000F1DE2046C022402340F616315CF0EADEB0
:1055F0002046002340F616314FF440725CF0E2DEA4
:10560000204640F616314FF440624FF480635CF060
:10561000D9DE20460322002340F617315CF0D2DEAB
:1056200020460C2240F617314FF6FC735CF0CADEC0
:105630002046302240F617314FF6F0735CF0C2DEA0
:105640002046C022002340F617315CF0BBDE204626
:1056500040F617314FF440724FF47F435CF0B2DEF6
:10566000204640F617314FF440624FF47C435CF023
:10567000A9DE20460122002340F606315CF0A2DEBE
:105680001F222046134640F605315CF09BDE4FF6A4
:10569000FF722046134640F604315CF093DE4FF66D
:1056A000FF722046134640F608315CF08BDE204640
:1056B00040F609314FF6FF7247F6FF735CF082DE69
:1056C0002046082340F60A314FF6FF725CF07ADE7E
:1056D00020463F2340F602314FF6FF725CF072DE47
:1056E0002046FF2340F603314FF6FF725CF06ADE7E
:1056F0000F222046134640F601315CF063DEF022B3
:105700002046134640F601315CF05CDE0122204663
:1057100013464FF430615CF055DEA36B2046D96E22
:10572000BDE810405FF0029A2DE9F043044689B0CD
:105730000F469046006C4FF4806141F23662994604
:105740005FF09EDF064600284ED001221346204619
:1057500040F29C41C4F8D0705CF034DE20469DF8E5
:1057600040105FF041DB28222046394661F09CDF83
:10577000B0F5807F054603D9206C41F2526131E0DB
:10578000204640F2D661032200235CF01BDE082293
:105790001346204640F2DA615CF014DE28234246CC
:1057A0008DE8280020463346394665F061D9152337
:1057B0000396059300262023204603A9079304950A
:1057C000069665F013DB9DF8443020460193294688
:1057D0004FF6FF723346CDF8009062F0F1DF206C97
:1057E00041F266615FF072DF09B0BDE8F08300004E
:1057F0002DE9F04F00218FB0076C90F85250ADF8B2
:105800003210ADF834100446002109A80C22F7F339
:1058100093F60023ADF8363097F8153613B197F8A4
:10582000161601E097F81416D4F8DC002A465FF04B
:10583000BDDC8046002800F06081204601215FF039
:10584000D3DAB8F8005045B12DB24FF47A726A43FA
:105850002046012163F098DE0125B8F8023063B1DB
:105860000135EDB21BB24FF47A725A4320462946F5
:1058700063F08ADE012D0AD100E0DDB1022300933E
:10588000012100230193029320460A4608E00223E7
:105890000121009301930023029320460A460B4600
:1058A00063F014DF204605214FF486720DF13203B8
:1058B00061F01CDE00252E46A94638F8051029B3F4
:1058C00004200B238DE8090009B20DAA4FF4FA73E6
:1058D000204661F07BDBBDF83420BDF832301C3A45
:1058E000D21AB7F9181613B299420FDC0EA9062383
:1058F00003FB061338F80510013623F8141C23F8AF
:10590000122C23F8100CB6B24FF001090235042D09
:10591000D3D102230693102308930DF13603049389
:1059200000250123204604A90593079562F094DE23
:1059300010238DE82800724B022102932046012398
:105940000DF1360201355DF0A5DD402DF0D10025C9
:10595000204629462A462B4600950195029563F07C
:10596000B5DEB9F1000F40F0B180C2E00EAB4FF0F0
:10597000060909FB053939F8148C0135EDB20FFA27
:1059800088FA4FF47A7202FB0AF22046294663F045
:10599000FBDDB7F91A2639F9123C9A4201DD0020E5
:1059A00006E0B7F91C269A4201DD012000E0022042
:1059B0005FF0F4DB29460246204663F039DEBAF197
:1059C000000FB8BFCAF1000A4FEA8A0A4FF0000977
:1059D00040F271239A450ADD09F101095FFA89F95C
:1059E000AAF59C6AB9F1200FAAF1020AF0D10FFAC8
:1059F00088F3002BD8BFC9F100095FFA89F94FFA83
:105A000089F34FEA48086FF41C7202FB0388002BED
:105A1000B8BF5B42022B59DD4FF0000A002150460F
:105A20005FF058DC0FFA88FB8BEAEB73A3EBEB73A8
:105A3000984244D1012150465FF04CDC022180465F
:105A400050465FF047DCBBF1000F82464FFA89F306
:105A50000ADA002BDBBF5FFA89FB0BF1400909F181
:105A6000FF3B0BF13F0B09E0002BDBBF5FFA89FB2B
:105A70000BF1400909F1010B0BF1410B4FFA89F3CE
:105A8000204604A9079362F0E7DDBDF836302046D2
:105A9000984404A9ADF8368065F0A8D94FFA8BF385
:105AA000204604A9079362F0D7DDBDF836302046C2
:105AB0009A4404A9ADF836A065F098D906E00AF139
:105AC000010A5FFA8AFABAF1060FA7D1B542FFF4CC
:105AD0004DAF4FF00003012E009301930293204637
:105AE0004FF0050101D1324601E00122134663F077
:105AF000EDDD204600215FF077D90FB0BDE8F08FD3
:105B0000614987002DE9F743904608220F461E465B
:105B100040F6070113460446056CBDF828905CF07A
:105B200051DC01221346204640F607015CF04ADCB6
:105B30004FF400521346204640F646015CF042DC2A
:105B4000204640F639013A465CF06EDC94F86D333D
:105B5000204640F635010BB1802200E020225CF0A7
:105B600063DC20464FF4046100225CF05DDC2046DB
:105B700040F634017F2233465CF024DC20464FF4AB
:105B800001614FF480434FF440425CF01BDC94F819
:105B90006D33204640F6360113B14FF4807200E0B9
:105BA00040225CF041DC204640F646010F220823EB
:105BB0005CF008DC94F86D63204640F64601F02264
:105BC00056B190235CF0FEDB204640F646014FF4D0
:105BD00070624FF4106308E033465CF0F3DB20465C
:105BE00040F646014FF4706233465CF0EBDB204632
:105BF00040F633017F2243465CF0E4DB4FEA0923A1
:105C0000204640F633014FF4FE4203F47F435CF03C
:105C1000D9DB012620463B496422002300960196E9
:105C2000FFF782FD4FF480521346204640F6A5113F
:105C30005CF0C8DB3246334640F6881120465CF003
:105C4000C1DB4FF49670FCF37BF13246204640F600
:105C500037015CF0E9DB44F6216602E00A20FCF340
:105C60006FF1204640F637015CF0CCDB30B1013EED
:105C7000F4D103E00A20FCF363F101E044F621666D
:105C8000204640F637015CF0BDDB08B1013EF1D1A2
:105C900040F6370120465CF0B5DBC10705D594F826
:105CA000153343F0010384F815330023204640F6F2
:105CB000A5114FF480525CF085DB20465FF09CD943
:105CC0002046002340F2A66141F6FF725CF07ADBC9
:105CD000D4F88C312046B3F98C20B5F9043C40F659
:105CE00009019A42B4BFB5F8065CB5F848554FF6BD
:105CF0008072ED0105EA020303B0BDE8F0435CF0F9
:105D0000619B00BFA0252600F0B54F4B91B0044623
:105D100002AA03F1200618685968154603C508331E
:105D2000B3422A46F7D118689B882860AB800123CC
:105D300084F8263AA36B8E21186966F02BDE4000AA
:105D400086B2972502E00A20FCF3FAF0A36B06F175
:105D50007401186966F01EDE08B1013DF3D1A36B32
:105D60004FF44271186966F015DEA36B074640F2E6
:105D70000A31186966F00EDEA36B05464FF44371D5
:105D8000186966F007DEA36B064640F20E3118690B
:105D900066F000DEBE1936042D1876190AD194F883
:105DA000253A4FF67862ADF83820002B31D084F8D0
:105DB000266A2EE04FF48673ADF83C3006F5807607
:105DC0000023760A00930FAB360201930DAA0EABA7
:105DD00020460CA90C965DF0BDDFBDF938201B4BA9
:105DE0009B1A002BB8BF5B42702B94F8EC2A02D8A8
:105DF0005AB1282B09D94FF67863ADF8383094F8AA
:105E0000253A13B1002384F8263A12B1002384F80E
:105E1000EC3A236CBDF9381093F8353689100846F2
:105E20007BB14AB212F1560F0BDA12F1690F08DB9F
:105E30006FF056039B1A10AA02EB430313F8380CB9
:105E4000401840B211B0F0BD1839010078FEFFFFD4
:105E5000436C2DE9F041D3F82031044603F00103EF
:105E60000D4683F001061BB9836B186966F0B4DD3B
:105E70002046276C5EF0C2DF40F27F41A7F80204A3
:105E80002046276C5CF0BEDAC005C00D4010A7F8B4
:105E90000404226F41F6062313402BB944F6206216
:105EA000102D08BFFA2200E0FA22A36BB82118696E
:105EB00066F07CDDA36B41F60627186966F098DD75
:105EC0002046FFF765F8236F1F407FB9A36B20467C
:105ED0001B6A0121C4F8D430D4F88C815FF00CD94E
:105EE000D4F88C31A8F88C00C3F88870082D01D044
:105EF000E80606D503210A22204660F0B1D9082D14
:105F000001D0A90604D5204664F0D0DC082D01D0CC
:105F10006A0604D5204662F071DE082D01D0EB053B
:105F200006D5236C93F8173613B12046FFF760FCB3
:105F3000204660F0BBDD2046FFF72AF8082D01D08F
:105F400028060BD5256C95F8643523B1204666F0FC
:105F5000F1DBC5F85405204665F074D820465CF0A6
:105F600053DB1EB9A36B186966F036DD20460021AD
:105F7000FFF748F9236C93F8333673B120460121BB
:105F8000FFF740F9204640F237614FF440424FF4AA
:105F90000043BDE8F0415CF0159ABDE8F081816BEB
:105FA000D0F8D4300A6A10B59A42044601D3D31A05
:105FB00001E0DB439B18D4F82823934200D302BBB3
:105FC0008A6E93421FD3D4F88C31D3F88830D3B97A
:105FD000012120465FF090D8D4F88C21B2F88C30A3
:105FE00019B28842CCBFC3EB0000C0EB030094F8A9
:105FF000661300B2884208DAA36B9B6EC2F8883041
:1060000001E0012010BD002010BD012010BD0120C5
:106010007047000001290BD1012B09D8013B06492B
:1060200002EB830251F822305A1C03D0C01870478B
:106030000020704700207047745B0100142303FBAD
:10604000010070478369DA688A4218BFD9607047D7
:1060500038B504462569006835B105F5077115F0B6
:1060600031DC2846FCF390F2E06C0025256108B194
:10607000FCF38AF2E56438BDF8B584690546066824
:10608000E06A08B1FCF380F2E969B068002708F023
:1060900081DD00212846FFF7D5FF284684F83D70B2
:1060A000FFF7D6FF304623F0F9D827826762A76250
:1060B000E7622783F8BD10B550B1D0F8400238B17F
:1060C000072905D83C2404FB01018858C3188B50CC
:1060D00010BD2DE9F0410C4616460546002831D08A
:1060E000D0F84032002B2DD03C2202FB0133182285
:1060F0001F6A3346FFF7DFFF284621461C22012393
:10610000FFF7D9FFBE422846214601D2242214E0DF
:10611000B6EB470F01D228220FE0B6EB870F01D272
:106120002C220AE0B6EBC70F01D2302205E0B6EB15
:10613000071F01D2342200E038220123BDE8F041DC
:10614000FFF7B9BFBDE8F08173B5046803252046A9
:1061500001214FF48062002300951DF099DA00219F
:1061600020460A46012300954DF084DB0026D4F832
:1061700064329D599DB1AB798BB9D5F818315A6C01
:1061800022F001025A641A78012A01D15B7F33B1EF
:106190002846002122F0BCDD284667F0B1DA04363B
:1061A000202EE4D1204602B0BDE8704023F076985E
:1061B000F8B5D0F8B0550446AE69F368002B30D07E
:1061C000012B30D028460121FFF73CFFA068E96988
:1061D00008F0E0DC28B128460021FFF733FF012753
:1061E00000E00746338A83B1236A18695CF07CDBE0
:1061F000338A834209D0204623F0E4DE2046318AE8
:1062000022F012DA20461BF08BD9D4F8B005FFF744
:106210009BFF204624F0CED92846FFF72DFF3846B5
:10622000F8BD0120F8BD0020F8BDFFF7C1BF002078
:1062300070472DE9F843DDF820800446D8F8007057
:106240000E46154699460FB91FE01F463B68A3B19D
:10625000BCB12046F9683246F7F3D6F028B9284693
:1062600079684A46F7F3D0F018B17B69002BECD17E
:106270000BE0C8F80070BDE8F8836FF00100BDE8DE
:10628000F8836FF00100BDE8F883C8F800706FF084
:106290001D00BDE8F8831FB50C46416B81B104A811
:1062A00040F8041D009019461046BDF81C30069AAF
:1062B000FFF7BFFF30B92CB1039B1B68236001E0DF
:1062C0004FF0FF3080B204B010BD10B50C4699B14C
:1062D0000B6863B10846F5F3CFF7E068FCF354F1BF
:1062E0006068FCF351F100232360E36063602046A3
:1062F000BDE81040FCF348B110BD2DE9F84F476BE5
:1063000004460D4616469B46DDF828A0BDF82C90A5
:10631000002F33D0B1B9AAB930E07DB976B1BAF166
:10632000000F0BD03046F9685A46F7F36DF028B9E4
:10633000504679684A46F7F367F050B17B691BB95C
:10634000BDE8F88FB84601E0B8461F46AF42E4D139
:10635000A7B1636B39469F427B6908BF6363C8F886
:10636000143023685868FFF7B0FF94F83030013BD1
:1063700084F83030636B0BB984F83030BDE8F88FA7
:1063800010B5044605E04B69636323685868FFF75E
:106390009CFF616B0029F6D184F8301010BD2DE907
:1063A000FF471E460023039390F830300446102B1D
:1063B00088461746DDF83090BDF8345009D9416B56
:1063C00039B14A680B7C00920A890192CA68FFF7CA
:1063D00094FF636B0393B8F1000F65D0002F63D077
:1063E000B9F1000F60D003AB0093384631464A46FE
:1063F0002B46FFF71EFF824628B9039B41461868CB
:10640000F5F31EF755E01E3053D11820FCF3B0F021
:10641000824600284BD02069F5F3C0F6CAF8000088
:10642000B0B13046FCF3A4F0CAF80C0018B95046DD
:10643000F5F322F70CE02846FCF39AF0CAF80400C2
:1064400050B95046F5F318F7DAF80C00FCF39CF05D
:106450005046FCF399F02AE0636B2BB9012384F8D2
:106460003030C4F834A007E094F83030013384F8B9
:106470003030039BC3F814A0DAF80C0039463246DA
:10648000CDF80CA0F6F3D4F7039B49461E74586868
:106490002A46F6F3CDF7039B41461D811868F5F3B4
:1064A000C1F64FF0000A04E06FF0010A01E06FF05E
:1064B0001A0A504604B0BDE8F087F8B51E461446E7
:1064C0000D460CE0FEF7D8F8B04215D07A78931C50
:1064D0009C420ED9ED186FF001039B1AE41854B1D9
:1064E00028462146FF22F7F321F407460028E9D188
:1064F00002E0002700E027463846F8BD08B51146FF
:106500001A464FF4AE73FFF7D8FF58B14378A3F1A2
:106510002102D2B2202A04D8029A013B1370033020
:1065200008BD002008BD2DE9F0470468A0B0D0F8F0
:106530000480064602200F688946F4F761FA0025B8
:1065400001212A4620238246606A1F95F1F3A2F5B5
:1065500001212A4620231D90606AF1F39BF5012159
:106560002A4620231E90606AF1F394F501212A4601
:1065700020231A90606AF1F38DF5202301212A4629
:106580001B90606AF1F386F5143729461C90524639
:106590000FA808F1E205F6F3CFF7062238462946A0
:1065A000F6F332F7002817A807DD39460622F6F37E
:1065B0003FF70DF16200294606E029460622F6F370
:1065C00037F70DF1620039460622F6F331F717AAC4
:1065D00001920C22002307AD0FA9029220275246F8
:1065E0000220009303950497F4F730FB1B98F2F315
:1065F000ABF22A4601213B461A98F2F379F2A369DD
:106600001C9861691B9AF1F7C8FF1A981C9A0146F9
:10661000F1F7F6FF1A981B9A0146A3690836F1F7BD
:106620007AFF304698F81850F7F332F080B20190B4
:106630001FA9204608F119022B460096FFF72BFEF2
:1066400008B91F9BA3B11A99D9F8D4201F98F5F364
:1066500049F71DA91EAAD9F8D400F5F32BF61AA8FC
:10666000F1F356F61BA8F1F353F61CA8F1F350F61C
:1066700020B0BDE8F08770B5456892B004460026AA
:10668000286801A9202211961BF0CEDB20230121CE
:1066900001AAD4F8C000F2F32BF2286809A920223D
:1066A0001BF0C2DB686A012132462023F1F3F2F4C9
:1066B000119000B3012109AA2023F2F319F26B69AA
:1066C000D4F8B800D4F8C010119AF1F724FFD4F828
:1066D000DC201199D4F8D400F5F304F7D4F8DC00E9
:1066E0000146F5F3B9F6D4F8DC0004F1C40104F175
:1066F000C802F5F3DFF511A8F1F30AF60021202214
:1067000009A8F6F319F701A800212022F6F314F7DF
:1067100012B070BDF0B5C1B007AD0C4617461146BA
:1067200028460222F6F384F601210DF11E022023F1
:10673000D4F8BC00F1F302F601210DF13E02202352
:10674000D4F8CC00F1F3FAF501210DF15E0220231B
:10675000D4F8D000F1F3F2F501210DF17E022023EF
:10676000D4F8B800F1F3EAF501210DF19E022023DF
:10677000D4F8C400F1F3E2F501210DF1BE022023AB
:10678000D4F8C800F1F3DAF500238DE82800C2221E
:106790002025029238AE04F118012A460220039601
:1067A0000495F4F753FAB81C31462A46F6F32CF652
:1067B000D0F1010038BF002041B0F0BD30B590F8F5
:1067C0008C318DB004460D68002B3FD0D0F8D4003A
:1067D00008A909AAF5F36EF5202301216A46099854
:1067E000F1F3ACF5D4F87031E31893F893219DF8E8
:1067F0001F305340D80724D501210022EB69686A75
:10680000F1F348F4EB690A9001210022686AF1F380
:1068100041F401210B900A9A2869F5F3A9F60023A7
:106820000B980A99099AF1F7B8FE08990B9AD4F8CF
:10683000D400F5F3D9F50AA8F1F36AF50BA8F1F342
:1068400067F52046FFF717FF002501E04FF0FF3501
:10685000E43404F1A000F1F35BF504F19C00F1F3E2
:1068600057F504F1A400F1F353F504F1AC00F5F38E
:1068700003F504F1B00000212022F6F35DF628466E
:106880000DB030BD2DE9FF410546006832F8066FB6
:106890000C46D0F80080FFF73DFF002833D0696830
:1068A000A4F864608F7904F138068FB9D8F8D0065F
:1068B0003246202376F0ACDC2368696814338DE817
:1068C00088003246D8F8D006202376F0B5DB17E0F2
:1068D0001023009323684FF4802714330193084654
:1068E0002022314604F10803029750F095DE48B9A2
:1068F0002168686814313A46D5F88C30FDF72EFFD0
:10690000012000E0002004B0BDE8F0812DE9FF4146
:10691000D688B1F8643005460068B3420C46D0F81A
:1069200000803BD84FF6FF739E4237D00632FFF708
:10693000F1FE002833D06968A4F864608F7904F10F
:1069400038068FB9D8F8D0063246202376F060DCBE
:106950002368696814338DE888003246D8F8D00679
:10696000202376F069DB17E01023009323684FF4AF
:1069700080271433019308462022314604F108038E
:10698000029750F049DE48B92168686814313A46E8
:10699000D5F88C30FDF7E2FE012000E0002004B0C5
:1069A000BDE8F08173B5002304460B99006801939C
:1069B0001646089D41F01CDB079B032B04D901A858
:1069C00006990422F6F334F50C3E032E1CD8DFE8BA
:1069D00006F00A0F0204A36A08E0019B5A1E272A48
:1069E00015D8A3620EE0E36AC3F340032B6009E00D
:1069F0000198E36A18B923F00203E36209E043F067
:106A00000203E362002004E06FF0160001E06FF083
:106A100001007CBDF8B5876805464FF4E0700E466E
:106A2000FBF3A6F50446002878D000214FF4E0726D
:106A3000F6F382F5266065600023F451686AA4F8D5
:106A4000AC30012100222023F1F324F3C4F8BC0070
:106A5000002866D0686A012100222023F1F31AF38E
:106A6000C4F8B80000285CD0686A01210022202305
:106A7000F1F310F3C4F8CC00002852D0686A012169
:106A800000222023F1F306F3C4F8D000002848D0F8
:106A9000686A012100222023F1F3FCF2C4F8C0004F
:106AA00000283ED02869F5F379F3C4F8D400002813
:106AB00037D02869F5F372F3C4F8D800002830D035
:106AC0002869F5F36BF3C4F8DC0050B31323A4F882
:106AD00066302B68174998683246002308F0DED8E4
:106AE0002B68A066144998683246002308F0D6D86F
:106AF0002B68C4F8B000114998683246002308F0AA
:106B0000CDD82B68C4F8B4000D49986832460023EC
:106B100008F0C4D8C4F8E000002408E06FF01A04BC
:106B200001E04FF0FF34284631466DF0D5DC2046B9
:106B3000F8BD00BF85D1870079D187000DD18700CE
:106B40005DDF8700F8B547680646CD590C46DDB1D4
:106B5000436B0BB1FFF714FCD5F89C1049B13368B7
:106B6000986808F017D83368D5F89C10986808F032
:106B70007DD8D4F8243413B120464FF02FDA2846BC
:106B8000FBF302F50023E351F8BD00002DE9F041CD
:106B9000D0F89830D0F89010013344688B422568C3
:106BA0008EB00246C0F8983009D1D0F894307BB14D
:106BB000D2F89C104FF47A72A8685A4304E007D2C6
:106BC000D2F89C10A868214A002307F0BDDF39E005
:106BD000D5F8D006214675F037DF237A002B31D067
:106BE000D4F80801F7F314F3074658BB227E04F1EA
:106BF000DC080EAE04F1190106A846F8242DF6F3C0
:106C000017F421464246284671F068D804F1E203A1
:106C10000193022302460293214643462846CDF8BB
:106C2000008020F0F5DC3946204639F0C9D92146EC
:106C3000284640F059DF28461A213246242300977F
:106C4000F6F76EFA0EB0BDE8F08100BF80EE3600B8
:106C50002DE9F04F0D68ADB004460121A86922AAC4
:106C60002023D5F800B0F1F369F34FF0080AD4F807
:106C7000683194F86C11E21804F1E40682F8E3102C
:106C800006F18C020C210DF16809019206F19000C9
:106C90003246CDF80090F9F343F2D4F87011404831
:106CA0000591F6F3F5F422AA03464FF0200800926E
:106CB00006AF05993A4A4846CDF804800297CDF8C8
:106CC0000C80F9F307F201213A464346D4F88801D3
:106CD000F1F30EF758466EF017DAD4F88801A96977
:106CE000F1F39CF2002836DAD4F88431CDF808B0FC
:106CF00000932C4BD4F8881101932869D4F8902183
:106D0000D4F88031F5F3E8F228BB94F88C3113BB4A
:106D10002869D4F89011F5F3C7F4E0B1012384F8A1
:106D20008C314946D4F8702106F1B000F6F380F3B7
:106D3000D4F890012AA92BAAF5F3BCF22A992B9A30
:106D4000D4F8D400F5F350F3D4F86821286831461C
:106D5000013A1BF069D894F86C310133DBB284F846
:106D60006C31AA6A934207D80AF1FF3A5FFA8AFAAD
:106D7000BAF1000F7FF47BAF0021502206A8F6F392
:106D8000DBF3002120221AA8F6F3D6F394F86C0165
:106D9000AB6A984234BF002001202DB0BDE8F08FCF
:106DA00062E6890075EA87002DE9F04F4368CFB0AD
:106DB000CB58044603F1080948468846F6F368F4C0
:106DC00007460220F3F71CFE00234EA941F8043DBC
:106DD000BBB208F1190207930692079A8346019203
:106DE00098F818302046069ACDF80090FFF753FA2D
:106DF00018B94D9B002B40F00A810121002220236D
:106E0000606AF1F347F10121002220234290606A79
:106E1000F1F340F10121002220234390606AF1F355
:106E200039F10121002220234490606AF1F332F10C
:106E30000121002220234590606AF1F32BF101210A
:106E4000002220234690606AF1F324F10121002200
:106E5000E3694790606AF1F31DF10521024649900C
:106E60002069F5F385F3E36901210022606AF1F3FB
:106E700011F10421024648902069F5F379F3206965
:106E8000F5F38CF14A902069F5F388F14B90206975
:106E9000F5F384F108AD002180224C902846F6F3EA
:106EA0004BF33A4628464946F6F3C2F20121002246
:106EB0003023606AF1F3EEF001210022302340908C
:106EC000606AF1F3E7F0002633460DF1E00A4190E5
:106ED00098F818200195022028AD0699029700968F
:106EE000CDF80CA0CDF810B0F3F7B0FE302231464B
:106EF0002846F6F321F34748F6F3CAF3454B30270B
:106F000000930190514602205A463346029503975A
:106F1000F3F7BCFE01213B462A464098F1F3E8F521
:106F20004098A2690146F1F76BFB429B4899009398
:106F3000439B499A01934098A369F1F779FF4299DD
:106F4000439A4B98F5F350F231463A462846F6F309
:106F5000F3F23148F6F39CF32F4B01900093514626
:106F60005A463346022002950397F3F78FFE3B46BD
:106F700001212A464198F1F3BBF54198A2690146E7
:106F8000F1F73EFB449B48990093459B499A019336
:106F90004198A369F1F74CFF4499459A4C98F5F351
:106FA00023F24C994A9A4B98F5F3A2F0079A98F875
:106FB000183001924A99069A2046CDF80090FFF7C2
:106FC000EEF946A947AA4A98F5F374F142A8F1F3FD
:106FD0009FF143A8F1F39CF144A8F1F399F145A87E
:106FE000F1F396F148A8F1F393F149A8F1F390F188
:106FF00040A8F1F38DF141A8F1F38AF14BA8F5F324
:107000003BF14CA8F5F338F14AA8F5F335F14FB050
:10701000BDE8F08FB85B0100D25B0100C06A00F0F0
:107020000100704721B18368CB5893F8BC017047C9
:10703000084670472DE9FF41476804460023D0F811
:10704000008038460E46A2F168050393FFF7E6FF7D
:1070500090B138464146FFF7E5FF68B103AB0093B6
:1070600021462B46386806F16002FFF747FA039D78
:10707000014610B99DB100E03146A5F12003202B57
:107080000DD8B4F8AC309D4209D104F16C002A4609
:10709000F6F3BAF1002814BF0520002000E0052017
:1070A00004B0BDE8F08100002DE9F0419846B8B089
:1070B0000023359336937F4B07460C4630AE03F1E1
:1070C000100E18685968354603C5083373452E46B7
:1070D000F7D13D680121202302F10806686A0022E9
:1070E000F0F3D8F735902869F5F358F0B8F1680F48
:1070F000369015D97B689B79002B00F0B980284623
:10710000FFF78CFF20B128462168FFF78BFF48B9B5
:10711000A8F168081FFA88F8A4F8AC80464401E09A
:1071200040F0A880D4F8BC00012132462023F1F3BE
:10713000DFF4D4F8BC00F1F3F9F2002840F09C80B1
:10714000D4F8BC006969F1F369F0002880F29480FA
:10715000012106F120022023D4F8CC00F1F3C8F479
:107160000121D4F8D00006F140022023F1F3C0F44D
:10717000D4F8BC00D4F8B810F1F350F070B9D4F8DA
:10718000CC00D4F8C410F1F349F038B9D4F8D000E9
:10719000D4F8C810F1F342F000286FD0D4F8D8002A
:1071A000D4F8CC10D4F8D020F5F31EF1002867D025
:1071B000D4F8BC10D4F8D400369AF5F393F136988D
:1071C000D4F8D8100246F4F393F73698D4F8C010E8
:1071D000024620AEF5F386F1369834A90022F5F385
:1071E00069F03246202301213498F1F3A7F0002101
:1071F000202228A8F6F3A0F1202137AB324618AFA1
:10720000019328A80B460097F8F38AF7D4F8B81032
:10721000D4F8BC206B693598F1F77DF9202332460C
:1072200001213598F1F38AF03146102204F108006B
:10723000F6F3FEF030A8F6F32BF2202540220346A9
:107240000096039204AE294630AA3846019502966C
:10725000F8F340F704F1180031462A46F6F3E8F057
:1072600004F138000CA92A46F6F3E2F0002408E005
:10727000FF2406E0042404E0032402E0012400E0EB
:10728000022435A8F1F344F036A8F4F3F5F7002111
:10729000202218A8F6F350F10021502204A8F6F39A
:1072A0004BF120A800212022F6F346F1204638B009
:1072B000BDE8F081FEE589002DE9F04F1D468368A9
:1072C00089B0EF5843688046CB580E46079318465E
:1072D00091463946129A139BFFF7E6FE03280446AF
:1072E00001D1009005E0022801D0042816D1032323
:1072F0000093012301930293002303930493D6F890
:1073000008313046B3F8623005F11401C3F340137D
:1073100005934A462B46F7F70BFB65E0012862D040
:10732000002861D1B7F8623040460133A7F86230D7
:10733000FFF774FE40B140462946FFF773FE002870
:1073400014BF7E20002000E0204601234FF0000AF9
:107350004FF0030B0193D6F80831CDF800B002903E
:10736000CDF80CA0CDF810A0B3F8623005F1140CE4
:10737000C3F34013614605934A462B463046CDF889
:1073800018C0F7F7D5FACDF800B0D6F808314FF0AD
:10739000020BCDF804B0CDF808A0CDF80CA0CDF8C4
:1073A00010A0B3F86230DDF818C0C3F34013614693
:1073B00005934A462B463046F7F7BAFAD9F800301B
:1073C000B96EC7F85930B9F80430A7F85D30D8F86D
:1073D00000309868079BD3F88820534607F0B4DB49
:1073E00087F858B000E0FF24204609B0BDE8F08FD0
:1073F0002DE9F04FD0F804A087B09AF80630054682
:107400000C4693460768D1F8009043B390F8A93032
:1074100013B1013B80F8A930D4F8B4313846009359
:10742000D4F8B831514601935A464B46FFF744FF12
:107430000646D4F8B40168B10021D4F8B821F6F3B7
:107440007BF0D4F8B401FBF39FF00023C4F8B4310F
:10745000C4F8B831002E14BF022000202DE03846B9
:10746000FFF7DCFD38B138464946FFF7DBFD002861
:1074700014BF7E20002003234FF001088DE808018F
:107480000026029003960496DAF8083109F11401F7
:10749000B3F862305A46C3F34013059350464B4647
:1074A000F7F746FA3B68A16E9868D5F8882033460E
:1074B00007F04ADB84F85880304607B0BDE8F08F0B
:1074C000052B10B503D1BDE81040FFF791BF43680D
:1074D0009B792BB190F8A93013B1013B80F8A9300A
:1074E000022010BD2DE9F0419846436805469B797E
:1074F0000C461646069F8BB190F8A930013380F8F0
:10750000A9303846FBF334F0C4F8B401002834D075
:1075100041463A46F5F38CF7C4F8B8710023A4F855
:107520006030A4F86230A4F864303368C4F859308D
:10753000B388A4F85D302868FFF770FD90B1286823
:107540002168FFF76FFD68B121462846FEF7EBFF83
:107550002046FFF790F8284621463246BDE8F04124
:10756000FFF746BF204629466CF04EDD20B90423C4
:1075700084F85830BDE8F0810220BDE8F0812DE9A3
:10758000F04387B015460F9A0646012A0C461F465F
:10759000DDF83880D0F804C0D1F8009059D19B882C
:1075A000072D8CBFFA88FF220BB17E2B59D1002109
:1075B0007E2B84F8BC1103D1012384F8BC3104E094
:1075C0001BB96368DB6A98074BD5132A16D00321D1
:1075D00001224D238DE80E00002303930493DCF871
:1075E00008316046B3F8623009F11401C3F3401367
:1075F000059342464B46F7F79BF932E096F8A80010
:1076000007F1080196F8A99040B9012386F8A8303F
:10761000B9F1000F28D1682D0AD904E0B9F1000FA3
:1076200012D1682D0AD920462A466DF00FDAD8B952
:107630000E953046214642463B460DE030462146F7
:107640006DF042D848460FE0304621466DF03CD8F8
:1076500009E042B90E95424607B0BDE8F043FFF796
:1076600041BF022000E0002007B0BDE8F0832DE913
:10767000FF4105680C46A3F10807D1F80080A4F883
:10768000AC7000212846039102F10806FFF7C6FC02
:10769000A0B128464146FFF7C5FC78B103AB009383
:1076A00032463B4628682146FEF728FFBDF80C30DD
:1076B0000646A4F8AC3018B913B90FE0A4F8AC70C2
:1076C000B4F8AC20A2F120039BB2202B06D804F121
:1076D0006C003146F5F3ACF6002001E04FF0FF30CE
:1076E00004B0BDE8F0812DE9F04F90E8C00089B00A
:1076F0000792139A8046012A0C469A46DDF848B054
:107700000D6840F0AC803368896E986807F042DA03
:1077100004F16C030021402218460693F5F30CF7A0
:107720000021A4F8AC100799BAF8042007298CBFEF
:10773000BAF80610FF214C2A069B3CD14FF00009F5
:10774000184649464022A4F86090F5F3F5F6A4F8EF
:10775000AC90404621465246079BFFF788FF3046D3
:10776000FFF75CFC78B130462946FFF75BFC50B16F
:10777000032201234FF07E0C8DE80C10CDF80C9005
:10778000CDF8109008E003234FF0010E8DE808407B
:107790000023029303930493D7F808313846B3F8D3
:1077A000623005F11401C3F3401305935A462B468A
:1077B000F7F7BEF849E04D2A04D1B4F866308B42A1
:1077C00018D042E00AB17E2A3FD113290ED1079A80
:1077D0003046019239465A462B46CDF800A06CF04F
:1077E000D5DF002814BF0220002076E0B4F8603016
:1077F000052B01D900233BE0032201234FF04D0963
:107800008DE80C024FF00009CDF80C90CDF81090E7
:10781000D7F8083105F11401B3F862305A46C3F3C2
:107820004013059338462B46F7F782F8B4F86030DA
:10783000A16E0133A4F860303368D8F888209868C6
:107840004B4607F081D9484647E03368A16E9868F7
:10785000D8F88820002307F077D900203DE0931E58
:10786000012B4FF0000337D8B1F86010052903D978
:1078700084F85830022030E0032A09D132680131FF
:10788000A4F860109068A16ED8F8882007F05CD941
:107890003046FFF7C3FB38B130462946FFF7C2FB3D
:1078A000002814BF7E200020032301248DE8180047
:1078B0000024029003940494D7F808313846B3F8B2
:1078C000623005F11401C3F3401305935A462B4669
:1078D000F7F72EF8204600E0184609B0BDE8F08F13
:1078E0002DE9F3470B6882685B680646D3F808A069
:1078F000D3F80490B3F810801B680D46032B5AF898
:107900000240DAF810701DD1FFF788FBD0B1304685
:107910005146FFF787FBA8B1B4F8AC3093B1B9F189
:10792000010F0FD1B8F14C0F01D0BA7952B9AA6941
:10793000FF2000925D2104F16C02DBB2F1F70EFD35
:10794000002001E06FF01600BDE8FC872DE9F84348
:107950000B6882685B680446D3F808905F681E8AEB
:107960001B6859F80280032BD9F8105013D1FFF788
:1079700055FBA0B120464946FFF754FB78B1B8F853
:10798000AC0060B1012F06D14C2E01D0AB792BB9E0
:107990000330BDE8F8830020BDE8F8830020BDE88F
:1079A000F8832DE9F04F0B6882685B68B9B0D3F8B3
:1079B00008805E681F8A1B688146032B58F80240C6
:1079C000D8F810A08D69D1F81CB040F09F80012E2E
:1079D00048D137B1A7F14C039BB2012B01D97E2FBF
:1079E0000FD1B4F8663038A9284621F8043D0222A8
:1079F000F5F31EF502350FB17E2F02D19AF806304D
:107A00000BB14C2F13D14846FFF708FB20B1484675
:107A10004146FFF707FB50B9B4F8AC203AB128460D
:107A200004F16C01F5F304F5B4F8AC30ED180FB1C6
:107A30007E2F6ED101212A462023D4F8B800F0F31E
:107A40007DF4012105F120022023D4F8C400F0F3D5
:107A500075F4D4F8C800012105F140022023F0F3A9
:107A60006DF456E0022E54D1B4F8623038A921F8F2
:107A7000023D28463246F5F3DBF4BDF8DE3038AF80
:107A800027F8C83D01210DF11A022023D4F8B800CF
:107A9000F0F354F401210DF13A022023D4F8C4008C
:107AA000F0F34CF401210DF15A022023D4F8C80060
:107AB000F0F344F401210DF17A022023D4F8BC0044
:107AC000F0F33CF401210DF19A022023D4F8CC000C
:107AD000F0F334F401210DF1BA022023D4F8D000E0
:107AE000F0F32CF44FF00008C22302930235304625
:107AF00004F1180120224346CDF800800197039538
:107B0000CDF810B0F3F7A2F8404603E06FF016008E
:107B100000E0002039B0BDE8F08FF8B50B680446EE
:107B20005A68836896685168F558138A12683769ED
:107B3000032A2DD1012926D10BB17E2B12D1BB797D
:107B40006BB92046FFF76AFA20B120463146FFF7AD
:107B500069FA20B9B5F8AC0008B1023000E00220A3
:107B60006030F8BD4D2B15D04C2B11D1FFF756FAD4
:107B700020B120463146FFF755FA58B9B5F8AC00A8
:107B800050B10230F8BD02290CBF22200020F8BD00
:107B90000020F8BD0220F8BD0220F8BD19B18368AD
:107BA000CB5883F8BC21704770B50C680D4606466B
:107BB000102208460021F5F3BFF42C602046002176
:107BC000F268F5F3B9F404F52473C4F8EC3004F565
:107BD0002C732560C4F8243170BD2DE9F0470D46A3
:107BE00098462B68BDF82060099C0768896B95F85A
:107BF0002CC073B193F8009093F801A049EA0A29C8
:107C0000A5F81C9093F81690DB7D49EA0323A5F8AC
:107C10007E303B68B5F81C9093F8D130002B5AD1D8
:107C200097F92735B3F1FF3F03D190F8A43313B18F
:107C300051E0012B4FD0C9F38027B5F87E9019F0A1
:107C40000F0901D127B987E027B94FF0010904E0F6
:107C5000012702E04FF000094F460123002204F5FE
:107C6000227004F5237176F017DAD4F8883298453B
:107C700005D1D4F88C32F31A18BF012300E0012398
:107C80003FB933B1C4F88872C4F88C72A4F8867214
:107C90005CE0B9F1000F08D00020C4F88802C4F8F5
:107CA0008C02A4F88602BDE8F087B5F87E50C4F8CF
:107CB0008882C4F88C62A4F886524846BDE8F087F2
:107CC00006D18F88B74294BF0027012700E0012723
:107CD000F8B2BDE8F087BCF1000F13D04B6B03EB9B
:107CE000C20153F83230984506D307D18888B04294
:107CF00094BF0026012602E0012600E00026F0B233
:107D0000BDE8F087D1F8E03052019A181369984520
:107D10001CD302D1938AB3421BD89369984506D3EA
:107D200007D1908BB04234BF0020012002E0012037
:107D300000E0002070B106F07F06F308D05C06F08A
:107D40000706304100F00100BDE8F0870120BDE8E2
:107D5000F0870120BDE8F0874B6B03EBC20153F8BD
:107D600032309845ACD2B2E72DE9F04F1C4693F87B
:107D700060B05F68D368ADF5117D06460591914608
:107D8000156933B11B7A0B2B03D13B7803F0010348
:107D900001E0FB789B09E36394F82C30494600939B
:107DA00030462A46E36B4FF023DB0146A06320B147
:107DB0002A6D40F2371313402BB9304621464A460C
:107DC00071F002DAE2E090F90E2090F90F30D3184A
:107DD000A2689A42C0F0DA80A269138A13F0080FF1
:107DE0000DD0007A0B280AD196F8DC0538B18879D5
:107DF000032804D823F008031B041B0C13820B7AFE
:107E0000042B59D00B2B00F0AE80022B40F0C08029
:107E1000BB7897F800A097F8068043EA0A2A7B7996
:107E20004FEA084848EA03283B7948EA0308FB7907
:107E3000A76E48EA036817F0010740F0AC802846B7
:107E400021465A464346CDF800A0CDF80490FFF7EE
:107E5000C4FE002800F09F80AB79002B40F06782C1
:107E60003368D3F88830D3F8DC210132C3F8DC2141
:107E700094F82C2022B1D3F8B4220132C3F8B422F2
:107E8000D3F8E8210132C3F8E821D5F8183193F886
:107E900034301BB12846002165F0E0DB94F82C70EB
:107EA000002F00F044823368D3F88830D3F8C02222
:107EB0000132C3F8C02269E03B7897F801A097F837
:107EC000068043EA0A2AFB794FEA084848EA036831
:107ED0003B7948EA03087B7948EA03282B7C13B9ED
:107EE000EB6DDB0757D4A76E17F0010753D1284677
:107EF00021465A464346CDF800A0CDF80490FFF73E
:107F00006CFE002847D0AB79002B40F0108233681C
:107F1000D3F88830D3F8DC210132C3F8DC2194F89F
:107F20002C2022B1D3F8B4220132C3F8B422D3F802
:107F3000F0210132C3F8F021D5F8183193F834302C
:107F40001BB12846002165F089DB94F82C70002FC6
:107F500000F0ED813368D3F88830D3F8C8220132BD
:107F6000C3F8C82212E00237C83110223846F5F3B0
:107F700083F500280CDA8D4839461022F5F3ECF62B
:107F8000A16B8B48C8311022F5F3E6F60027CEE14D
:107F90004FF00008C24696F8B03293B92B6D1F0718
:107FA0000FD4A06B037A022B02D1F6F331F140B962
:107FB00063699B69980004D4A3691B8A190700F1BF
:107FC000FB8063699B695A06E0D4A3691A8A42F070
:107FD00008021A82A16B0B7A013B0A2B00F2CE80B9
:107FE000DFE813F035000B0035006C00CC00CC004E
:107FF000CC00CC00CC00CC00AE000846F6F308F173
:1080000008B12B7C4BB1A36BD3F88820904504D8E2
:108010000FD093F88C205A450BD0A16B226804F145
:108020004007384614310A32434601F0C3D9E765A8
:1080300001E06433E365A16B04F14A07384614316B
:10804000E26D534601F080DA3846102110E0616895
:10805000032284A8F5F3ECF1A36B84A803F11401C7
:108060001A690330F5F3E4F1A36B84A819690331AD
:1080700007AAFBF38DF1A36B606893F90E30A1683A
:10808000C018C91A07AAFBF3A5F1A36B606893F99E
:108090000E30A168C018C91A4FF0FF32F6F3F4F0A1
:1080A000444BA2699842138A04D123F010031B04A5
:1080B0001B0C01E043F0100313827DE06368DF785E
:1080C00017F020071FD00A6948A81431D200FBF32B
:1080D00003F6002321686269484670F0A5DC00279A
:1080E000A36B01900097196948A82368E268EEF332
:1080F000C7F3831C05D1A3691A8A42F010021A82C1
:108100005AE0013058D13368D3F88830D3F8DC21F5
:108110000132C3F8DC21D3F8F4210132C3F8F42191
:1081200094F82C20002A00F0FF80D3F8B42201320A
:10813000C3F8B422D3F8CC220132C3F8CC22F6E043
:1081400001F11400E2682431236800F0F9DF00280F
:108150007FF41CAFA26BD2F8D8300133C2F8D8300C
:1081600033F07C4328D1F2220192D6F894012946BB
:1081700009F11402009376F05DDE1DE0AF79002F67
:108180007FF404AF3368D3F88830D3F8DC210132B0
:10819000C3F8DC2194F82C20002A00F0C580D3F825
:1081A000B4220132C3F8B422C1E000BFA2ED8900BD
:1081B000A8ED8900E320BBDEA36B616893F90E2074
:1081C0008A18626093F90E1093F90F208A18A1683B
:1081D0008A1AA26093F90E1093F90F208A18216968
:1081E0008A1A2261A269128A02F01802182A64D13E
:1081F000AB79002B7FF4CAAE95F94420009301932C
:10820000029330463123D5F8081170F0A7DA3368AD
:10821000D3F88830D3F8DC210132C3F8DC21D3F85D
:10822000EC210132C3F8EC21D3F8F4210132C3F878
:10823000F42194F82C2072B1D3F8B4220132C3F89F
:10824000B422D3F8C4220132C3F8C422D3F8CC221A
:108250000132C3F8CC22A26B127A022A05D0032A7B
:1082600012D0012A7FF492AE0EE0D3F80822013238
:10827000C3F8082294F82C70002F58D0D3F8E022CD
:108280000132C3F8E02281E6D3F800220132C3F8BC
:108290000022D3F8FC210132C3F8FC2194F82C70A1
:1082A000002F44D0D3F8D8220132C3F8D822D3F813
:1082B000D4220132C3F8D42268E661698A89E26077
:1082C00094F82D209AB993F90F20059892B2FAF3F9
:1082D00029F16369DA89900402D5B3F850308BB97B
:1082E000A36BE26893F90F30D31AE3600AE00598B4
:1082F000F6F3F4F0A36B014693F90F20059892B2C0
:10830000FAF310F1A36BC4F86480A4F862A01B7A9E
:10831000042B01D0022B09D1A36ED90706D4304615
:10832000214670F09DDF01E0174600E00127384646
:108330000DF5117DBDE8F08F2DE9F341099F002374
:108340000D9904469046089E0A9D009301933FF0C4
:108350004FDE032F0BD9042268463146F5F368F04F
:10836000072F04D901A8311D0422F5F361F0A8F10B
:108370004C08B8F1050F2AD8DFE808F00A03160FF9
:10838000231BD4F88434BDF80020A3F8922016E013
:10839000D4F88434B3F8923017E0D4F88434BDF8BC
:1083A0000020A3F896200AE0D4F88434B3F896307D
:1083B0000BE0D4F88434BDF80020A3F89E20002000
:1083C00007E0D4F88434B3F89E302B60F7E76FF001
:1083D0001600BDE8FC81D0F884242DE9F843B2F8FA
:1083E000928004464145D4BF00200120B2F84A5093
:1083F000B2F89690B2F89460B2F898C010B1C8EB99
:10840000010701E0C1EB0807B2F89030BFB2002BC2
:1084100075D0BCF1010FADB2334607D1002851D061
:108420002BB203FB08F393FBF1F346E0BCF1020F20
:108430002BD131B2B8B10FFA89F3994203D1042399
:10844000A2F8983062E0132F02D9A6F1140339E0A4
:10845000092F02D9A6F10A0334E0042F01D9731FB2
:1084600030E0B31E2EE00FFA85F841451DD0132FE2
:1084700002D906F1140325E0092F02D906F10A03F7
:1084800020E0052F1CD9731D1CE0BCF1040F39D16D
:1084900033B238B10FFA89F18B4237D0052F38D972
:1084A000731F0AE029B28B4204D10123A2F898304D
:1084B000BDE8F883052F2DD9731D4FF0020C01E0A4
:1084C0004FF0040C1BB229B28B4204DC0FFA89F581
:1084D000AB42A8BF1D462368A2F89450A2F898C0EA
:1084E0002DB22946012220461B7E72F0B1DC2368A2
:1084F0002046294600221B7E72F0AADC06E01846C0
:10850000BDE8F8834FF0FF30BDE8F8830020BDE8F8
:10851000F8830020BDE8F883D0F8843413B5B3F8AD
:10852000902004466AB1036A0DF1060118695BF0F8
:10853000BFD980B12046BDF906100122FFF74BFFDD
:1085400009E06421012372F083DC012220466421CA
:10855000134672F07DDC1CBD08B5036AD3F8D80061
:1085600079B143784A789A4208D102300231F4F363
:108570004BF7D0F1010038BF002000E00020C0B26E
:1085800008BD084608BD2DE9FF4799464369D0F864
:10859000208082461B680446174602695AF8180B69
:1085A0000E464146D55801F055FA216920685246D9
:1085B0006FF096DC0123C8F800302B680146023BBF
:1085C000012B03D82369DB6DC8F8D0300C9B2068E1
:1085D0000293424633468DE8800201F058FA48B1D2
:1085E0002B68022B05D1636AD888003018BF0120A0
:1085F00000E0012004B0BDE8F0872DE9F04FC3682A
:10860000044600F1180799B01646056A8A460068C4
:1086100021693A4603936FF063DC013E0290062E17
:1086200000F23881DFE816F007003601BC003601A1
:10863000DB003601FF00EE68002E00F02C81D5F83B
:10864000D03013F4804B0CD023682169D3F8D406C2
:108650000368CB581B781BB14AF04ADB834600E025
:108660009B46636893F86231A3B1D5F8D000F0F768
:108670008BFE88B12368D3F86008FEF7CFFC58B1B1
:1086800023680299D3F86008FEF7CCFC20B1B5F856
:10869000DC8002E0984600E08046B5F806C020681D
:1086A000DC44C4441FFA8CFC0CF1710321693A4686
:1086B0009BB2CDF804C077F07BD9DDF804C0064644
:1086C000002800F0E8800CF15F0CD0F808901FFA49
:1086D0008CFC4FEA1C2343EA0C2C09F11207A9F881
:1086E00010C000215F223846F4F326F74AF4847361
:1086F0001A0A89F8132089F814302B8B05F13C01F4
:108700001A0A89F8152089F81630202209F11F006D
:10871000F4F38EF6EA8809F171009344D8441FFA05
:1087200088F84FEA182343EA0828A9F86F80E96817
:10873000F4F37EF6636893F86231F3B1D5F8D000B4
:10874000F0F722FEC8B12368D3F86008FEF766FC94
:1087500098B123680299D3F86008FEF763FC60B112
:10876000EB68002B00F09B80E888D5F8E010381803
:108770005F30B5F8DC20F4F35BF6D5F8D030580460
:1087800040F18D8023682169D3F8D4060368CB5863
:108790001B78002B00F083803A464AF0FFD97EE038
:1087A000206821693A46712377F002D906460028ED
:1087B00071D0D0F808905F22002109F1120789F8E2
:1087C000112089F810103846F4F3B6F64AF4807395
:1087D0001A0A89F8132089F814302B8B1DE02068C1
:1087E00021693A46712377F0E3D80646002852D033
:1087F000D0F808905F22002109F1120789F81120B2
:1088000089F810103846F4F397F64AF440731A0AC0
:1088100089F8132089F81430EB8A1A0A89F8152090
:1088200089F816303BE0206821693A46712377F0D9
:10883000BFD8064678B3D0F8089000215F2209F12E
:10884000120789F8101089F811203846F4F374F6ED
:108850004FEA1A2389F8133089F814A01FE0D5F8DD
:10886000D000F7F37DF10146484605F18C0204ABD8
:10887000F7F386F1044630B9314603982246F9F3FE
:10888000A7F6264607E007F14D0004A91022F4F3ED
:10889000CFF500E00026304619B0BDE8F08F032385
:1088A00089F80F30D5F8D000F6F354F505F15C04E3
:1088B00000280CBFFE2302233846082200F8053B9F
:1088C0002146F4F3B5F508212046F7F34FF11AF0ED
:1088D0000301C9D1C3E72DE9F04F91F813800B7D57
:1088E0008BB043EA082818F0030904460E460692A6
:1088F0004769056ACDF8208005D1D5F8D000F7F397
:108900002FF1844600E0CC4605F15C0A06F1170B16
:108910000120082359465246CDF810C0F6F302F65E
:108920008245DDF810C000F0F78318F480710791DC
:1089300010D0338A1A0A42EA03239BB25C2B40F21E
:10894000EB833046614605F18C02F6F3E5F700282B
:1089500000F0E283338A1A0A42EA03239BB25E2BB9
:1089600040F2DA8396F86F1096F8702042EA0122FE
:108970005F329342C0F0D08306F112020992594649
:1089800008225046F4F354F505F1640059460822D4
:10899000F4F34EF5D5F8D000F6F3DCF4002868D0F7
:1089A00018F4805F65D096F86F2096F8703043EA2F
:1089B0000223B3F5807F0BDD38462169012274F074
:1089C00065DC206904F11801012277F089D9E7E21A
:1089D0004FF48070F9F3C6F5824630B93846216904
:1089E000012274F053DCD14698E32020F9F3BAF564
:1089F000834630B95046F9F3C7F53846216901225C
:108A000008E34FF48170F9F3ADF5059068B950466D
:108A1000F9F3BAF55846F9F3B7F53846216901225A
:108A200074F034DCDDF8149078E3B9F1000F04D170
:108A3000D5F8D000F7F394F08146059B494605F13F
:108A40009C020293099800238DE8000CF6F394F73A
:108A500081465046F9F398F55846F9F395F505988F
:108A6000F9F392F5B9F1000F03D1384621690122DB
:108A700020E396F815A0B37DD5F8D00043EA0A2A82
:108A8000F6F38AF410B918F0080326D0BAF10D0FE6
:108A90000BD003D8BAF1050F15D10DE0BAF1100FC4
:108AA00017D0BAF1200F0ED111E018F0080F13D033
:108AB00038462169022271E218F0080F0FD03846BB
:108AC000216903226AE238462169042266E2022112
:108AD00006E00422059204E00323059301E001214E
:108AE000059118F0080900F026822B8A059A934216
:108AF00003D038462169052250E2079B002B40F045
:108B0000C78003232B60D5F8D0305A0606D462689C
:108B100092F86221002A37D0580335D513F48049E2
:108B200032D196F86F1096F87030042206F1710079
:108B300043EA0121F6F3F8F70246002833D04378E0
:108B4000132B03D8384621690422B3E2636A2169F2
:108B5000483300934FF020092046063201F1DC0330
:108B6000CDF8049073F054D88246E0B9636AA3F854
:108B7000069094F80834B3B1A068D4F8041406F051
:108B800009D884F808A40EE019060CD5616AB1F87A
:108B9000E42042B101F14800C431F4F349F4636ABE
:108BA000B3F8E410D980636ADB882BB920463146DC
:108BB000069A72F0DFDFAFE205F11C0906F11F0132
:108BC0002022484605F13C06F4F332F420222068C6
:108BD000314619F029D9D5F8D0305A040AD522687F
:108BE0002169D2F8D40602688A58127812B149F085
:108BF000FFDF3BE021690A6D100508D413F4922FC2
:108C000005D1D1F8083193F883309A0612D5636AFA
:108C100004F1180003F148020092DB88E23101936D
:108C200005F18C030293AB8A4A4603933346F6F36D
:108C30000DF41BE004F1180A5046E2310622F4F369
:108C4000E3F3002800F06882636A216903F14802B7
:108C50000092DB885046019305F18C030293AB8AA6
:108C6000E23103934A463346F6F3F0F540F63B62B1
:108C70003846216908EA0202012374F04BDB08B18F
:108C8000042356E1384621690D2274F0FFDA43E2ED
:108C9000069A4AB997F81690B9F1000F0CBF4FF435
:108CA00000794FF0000901E04FF00009D5F8D0003D
:108CB000F6F350F341F2C833002808BF4FF4E473D1
:108CC00003EA080218BF4FF000099A4240F02482DC
:108CD00019EA080F40F020822B68033B042B00F2B6
:108CE0001B822946052341F81C3B06F11F00202268
:108CF000F4F38AF3002840F00F8296F86FA096F8FC
:108D00007030D5F8D00043EA0A2AF6F323F300289E
:108D10003FD006F1710B584651463022F5F306F06C
:108D20008146C8B1D5F8D03042785B0440F1FA8171
:108D300023682169D3F8D4361B68CB581B78002BE5
:108D400000F0F081123A92B2ECE1A86809F1020158
:108D50000230F4F359F318B138462169072215E0BF
:108D60000AEB0B0199F80120C9EB010189B2901CB3
:108D700081421CDD6FF001039B1A4844C918302260
:108D8000F4F3D4F798B121693846062274F07EDAFC
:108D900009E0AB88534506D1A86806F17101524637
:108DA000F4F332F318B1206904F1180142E0D5F868
:108DB000D000F6F3CFF278B106F171005146F6F328
:108DC000A7F648B938462169092274F05FDA2069AC
:108DD00004F1180101222EE02068036893F8623143
:108DE00063B304F1180921694A466FF079D88346C4
:108DF000D5F8D000F0F7C8FA00B32368D3F86008BC
:108E0000FEF70CF9D0B1BBF1000F17D0236859461B
:108E1000D3F86008FEF706F980B1514606F17100FB
:108E2000F422F4F383F701462046FFF795FB28B9B7
:108E300020694946112276F053DF6DE140F20B22A2
:108E40003846216908EA0202032374F063DA814696
:108E500028B1062318F040092B6004D116E03846EB
:108E600021690D2226E12A8A04F1180B2B8B206838
:108E70008DE80408216905F1AC0276F0D1DED5F861
:108E8000D000F6F367F2002834D003E038462169B9
:108E900008220FE1514606F17100F6F339F64278E7
:108EA0008046063A92B2EA82837905F16C0903F0B2
:108EB000030385F8CC3008F108014846F4F3B8F212
:108EC00095F8CC200599EB8A009206F14F020191AA
:108ED000029298F80620216902F0040203922068A9
:108EE0004A4676F021DE23682169D3F87C063246B3
:108EF00054F0ECDED5F8D000F6F32CF2C0B1082324
:108F00002B6038462169002274F0C0D923695A4683
:108F1000DB682068009379210623F4F701F92368C0
:108F20002269D3F8D4361B68D35800221A70F3E0B4
:108F300006232B60F0E02B68052B40F2ED80236ABE
:108F400005995A8A8A4208D0D3F8D000F6F324F261
:108F500018B1384621690A22ACE008F46073B3F511
:108F6000607F40F0D98007232B60D5F8D000F6F35E
:108F7000F1F18146002841D018F4805F0BD096F8BB
:108F80006F1096F8703006F1710043EA0121F6F394
:108F9000BFF5814638B9216938460B2274F076D97D
:108FA0004FF00009BAE0427805F16C0A063A92B235
:108FB000EA82837909F1080103F0030385F8CC30D4
:108FC0005046F4F335F295F8CC20EB8A00926A8A89
:108FD0002169019206F14F02029299F80620206859
:108FE00002F004020392524676F09EDD2368216966
:108FF000D3F87C06324654F069DE70E0BAF1200FF7
:1090000055D84FF48070F9F3ADF2834630B9216939
:1090100038460C2274F03AD9D9467FE02020F9F383
:10902000A1F2069050B95846F9F3AEF238462169DC
:109030000C2274F02BD9DDF818906FE04FF481709A
:10904000F9F390F2844680B95846CDF810C0F9F390
:109050009BF20698F9F398F2384621690C2274F0D5
:1090600015D9DDF810C0E14658E0069B05F16C0209
:109070000792414605F19C0201930290079B0998D3
:10908000CDF810C0CDF800B0F6F370F48146584624
:10909000F9F37AF20698F9F377F2DDF810C060463A
:1090A000F9F372F2A5F816A0B9F1000F05D1216904
:1090B00038460C2274F0EAD830E0089A08F0300301
:1090C0001B110599009302F0400301914F36039361
:1090D00020682169079A5346029676F025DD3846C6
:1090E000216908F00B02052374F014D928B1082374
:1090F0002B6038462169002202E0216938460D22A2
:1091000074F0C4D823692068DB687921009304F1E6
:1091100018020623F4F704F84FF0010948460BB093
:10912000BDE8F08FA988931C99427FF415AE0CE638
:109130002DE9FF4790E810028E7905460F46002E74
:1091400063D140F21440F9F30DF2804600285FD05D
:109150003851314640F21442F4F3EEF1AB8AD9F8BB
:10916000D02608EB030448F803902B694FF0010A5E
:10917000E360EB686261A360AB6827616360E42031
:10918000C8F8006088F804A0C4F8FC63F9F3EAF1B9
:109190002062002841D03146E422F4F3CDF1E820EA
:1091A000F9F3E0F16062002837D03146E822F4F3A9
:1091B000C3F1D4F82480E868C8F800901949224621
:1091C000334605F06BDDC8F86800002825D0E86854
:1091D00015492246334605F061DD6063E8B1E86871
:1091E00012492246334605F059DDC4F80404A0B103
:1091F000236A286A0193636A6946009702938DF88F
:109200000CA0F3F313F4304604E06FF0060001E025
:109210004FF0FF3004B0BDE8F0872846394672F0C1
:1092200099DBF5E7E1578800E9588800C9588800BC
:1092300038B51D4690B10368848ACB5873B11C19A8
:10924000114604F130001022F4F3F2F004F1400072
:1092500029462022BDE83840F4F3EAB038BDD0F802
:109260008404F0B503F15605A83300EB430300EB8B
:109270008505B3F90A60AF6890F8E940BE1B76181F
:10928000AE6026415E81B0F95E31D0F86811CB1A2C
:109290009B18C0F868312341A0F85E31F0BD10B5CD
:1092A0000A7AD0F884342AB390F82922D1F8080138
:1092B0002AB190F86000904228BF024601E090F881
:1092C0006020D1F81801047864B1007AD1F808114F
:1092D00018B1C98D4A43002101E0CA8D012183F8EC
:1092E000291105E0012283F82921D1F80821D28D26
:1092F0000A3203E083F829214FF49B72C3F824213A
:1093000010BD2DE9F04F8BB0D0F884449A469DF8FB
:109310005C30904608939DF85420B4F8C63007920C
:109320000393189A94F8E9300F4609920593B4F81C
:10933000F020D4F8D81094F81C3106469DF950B0AE
:109340009DF8585004920691002B00F0AB81036801
:1093500093F8693123B13BF04DDA002800F0A28187
:10936000336893F864312BB194F86D3113B1002355
:1093700084F86D3194F828313BB1B068D4F83011DD
:1093800005F008DC002384F828318E2130693CF098
:1093900069DA43004E334FF6FE71194030693CF0F4
:1093A00061DA94F858318146FF2B08D094F8E83000
:1093B000012212FA03F300EA03091FFA89F994F86B
:1093C000AF30AB4213D0002305F1320204EB82022E
:1093D000E91A93604A4242EB0102323204EB820204
:1093E00084F8AF50C4F8CC30C4F8C8309360BAF1F8
:1093F000000F00F05781079AC2B9022F40F3528143
:10940000C7EB0A01B4F9F22009B204EB450391421B
:10941000A8BF0A46A3F8EA20D6F884345B79012B6A
:109420002AD9C8EB0B03A4F8EE3025E0049F04EB27
:1094300045023BB2B2F9EA70C7EB0A07FF1A022FE6
:1094400003DD1C2FA8BF1C2700E00327D6F88424C7
:109450005279012A10D9B4F9EE80C8EB0B08C3EB9E
:109460000808B8F1020F05DDB8F11C0FA8BF4FF0D6
:109470001C0801E04FF00308D6F868329B792BB93D
:10948000089A1AB130460999FFF709FF05F132022F
:1094900004EB82029368304601339360C4F8CC3009
:1094A000D4F8383151460133C4F8383105F14E0350
:1094B00004EB83035A6801325A605A462B46FFF781
:1094C000CEFED4F8E030D4F8E420934203D9039BD5
:1094D0001BB2049307E0D4F8DC00013301210690AD
:1094E000C4F8E03004910598012212FA00F3D4F890
:1094F000CC1099422DD3D5F1010B38BF4FF0000BA2
:109500000BF1A80C04EB4C0C04EB4500B0F85A012D
:10951000BCF80AC0C0EB0C0C0FFA8CFC94F86C0180
:109520008CEAEC7AAAEBEC7A8245ACBF00210121EF
:10953000844503910EDB94F8E8000BFA00F18945AD
:1095400009D005F13C0104EB8101486880184860AE
:1095500001E00392002205F1540B05F12C0004EB0D
:10956000800004EB4B01B1F90AC0D0F808A0CCEBA5
:109570000A0C67448760059807414F81D4F8C00002
:10958000B4F9B610059F411A4144C4F8C0103941DE
:10959000A4F8B61004EB8501D1F8D010B4F9C400DA
:1095A000994204EB4B01B1F90A1028BF84F8B1507D
:1095B000884244DBD4F8CC00069FB8420CD9D5F1E0
:1095C000010194F8E82038BF002111FA02F2914518
:1095D0002FD005F13C0225E0039F4FB394F844716E
:1095E0003DB1B4F9B2C07FB2C1EB0C0107EBC101D0
:1095F00006E0B4F9B4C07FB2C1EB0C01C900C91BCD
:10960000049FB1EBC70F13DB984211D3D5F10101D1
:1096100094F8E82038BF002111FA02F2914508D0F1
:1096200005F13E0204EB820251680131516000E015
:109630002AB10120002D14BF0321022106E0002DD4
:109640000CBF2846002014BF0221032194F8AF204C
:1096500084F8492194F81D215AB1D6F868229279EC
:109660003AB938B130690B46009201923DF0C6D844
:1096700004E018B9D4F8CC209A4213D294F81D31E2
:1096800083B1D6F868329B7963B9012284F8282126
:10969000B068D4F83011D4F824210BB0BDE8F04FF5
:1096A00005F0529A0BB0BDE8F08F2DE9FF41D0F8DC
:1096B0008454064695F81C310C4695F8E970002B49
:1096C00000F08180036993F80A31002B7BD0036896
:1096D00093F8693153B13BF08DD8034630B9B06887
:1096E000D5F83411142205F02FDA6CE0336893F8C2
:1096F000643133B195F86D311BB1002385F86D31BC
:1097000061E0D6F83C33022B0AD0D5F8E020D5F83A
:10971000E4309A4294BF4FF000084FF0010801E096
:109720004FF0000895F81D31002B4CD0D6F8683268
:109730009B79002B47D1336A0DF10F0118695AF05C
:109740000BDD9DF80F3085F8AF30002B14BF0321DF
:109750000221B8F1000F25D003F1020E05EB8E0EA9
:1097600005EB4302DEF8B0C0B2F9B200C0EB0C006A
:10977000CEF8B000384103F12C0EA2F8B20003F18C
:10978000540205EB8E0E05EB4202B2F9B200DEF890
:10979000B0C0C0EB0C00783850FA07F7CEF8B00034
:1097A000A2F8B27085F84931002201238DE80C003F
:1097B00030690B463DF022D89DF80F3054F8232035
:1097C000013244F82320BDE8FF8110B5D0F884446D
:1097D00094F81C3123B104F58671FFF766FF00236E
:1097E00084F8283110BD70B5D0F88444054694F84B
:1097F0001C3103B3D4F8CC20D4F8C8309A4203D13A
:1098000004F58A71FFF751FFD4F8CC30C4F8C830A2
:1098100094F81D317BB1D5F868329B795BB994F827
:10982000292142B1A868D4F834114FF4FA72BDE886
:10983000704005F0899970BD38B5D0F8844405466C
:10984000D4F83411806805F0A5D9D4F8CC20D4F828
:10985000C8309A4204D1284604F58A71FFF725FFE3
:10986000D4F8CC30C4F8C83038BDD0F884340022E5
:109870004FF6A271C3F8B820C3F8BC20C3F8C020CB
:10988000A3F8B220A3F8B420A3F8B620C3F860214F
:10989000C3F86421C3F86821A3F85A21A3F85C2116
:1098A000A3F85E21A3F8EA10A3F8EC10A3F8EE10D9
:1098B000C3F8CC20C3F8D020C3F8D420C3F8382193
:1098C000C3F83C21C3F84021C3F8E020C3F8F420DA
:1098D000C3F8F820C3F8FC20C3F80021C3F8042122
:1098E000C3F80821C3F80C21C3F81021C3F81421D0
:1098F000C3F8182183F829217047D0F88434D3F8AD
:10990000CC208A60D3F838218A6493F81D2112B1E3
:1099100093F8AF2001E093F8AC204A6093F81D2142
:109920000A6093F848214A654A688A65D3F8D020CE
:109930000A64D3F8D4204A64D3F83C21CA64D3F82B
:1099400040210A65B3F9B220CA60B3F9B4200A61B4
:10995000B3F9B6204A61D3F8F4208A61D3F8F8202D
:10996000CA61D3F8FC200A62D3F800214A62D3F816
:1099700004218A62D3F80821CA62D3F80C210A6351
:10998000D3F810214A63D3F814218A63D3F818213D
:10999000CA63D3F84C21CA65D3F85021D3F85431A7
:1099A0000A664B667047F7B5D0F88444D4F84C513A
:1099B0008D4207D1D4F85051954203D1D4F85421A7
:1099C0009A423CD001F00F05042D3AD8022D38D030
:1099D00003F00302022A34D01F0907F00307022F05
:1099E0002FD00A0902F00F02042A2AD8022A28D00E
:1099F0009E0806F00306022E23D09E0906F00306F9
:109A0000022E1ED0C4F85431036AC4F84C111B68EE
:109A1000C4F85011022B04BF3E462A46042A14BF44
:109A20001146314684F8AD10D0F88434012283F811
:109A300046110092019200690B463CF0DFDE0020E7
:109A400001E06FF01C00FEBD704700000048704749
:109A50009466010010B50C46C1B1886808B1F8F3EE
:109A600093F5E06808B1F8F38FF5D4F8D80008B1A1
:109A7000F8F38AF5D4F8E00008B1F8F385F520464C
:109A80000021E422BDE81040F3F356B510BD2DE9E6
:109A9000F74F0546D2F8D000019114469846DDF8FC
:109AA00030B0DDF83490DDF838A0F5F353F428B188
:109AB000404659463022F4F339F103E04046594616
:109AC000F5F3E0F20646002800F0D880D4F8D00084
:109AD000F5F340F428B1484651463022F4F326F11C
:109AE00003E048465146F5F3CDF20746002800F062
:109AF000C6802B6893F86231002B4FD0D4F8D00089
:109B0000EFF742FC002849D0D5F86008FDF786FA47
:109B100010B3D5F868329B792BB9D5F86008019954
:109B2000FDF780FAC0B148465146F422F4F3FEF046
:109B30008146002800F0A28040780230A4F8D400CA
:109B4000F8F310F5C4F8D800002800F097804946D3
:109B5000B4F8D420F3F36CF4D5F86008FDF75EFA9E
:109B6000E0B1D5F860080199FDF75CFAB0B1404664
:109B70005946F422F4F3DAF0054600287ED0407806
:109B80000230A4F8DC00F8F3EDF4C4F8E00000289B
:109B900074D02946B4F8DC20F3F34AF4022323827C
:109BA0006382D4F8D000F5F3D5F310B104232382F7
:109BB0006382D4F8D000F5F3CDF350B106F10A007A
:109BC00004F110010022F5F3A7F4002856D0002577
:109BD00013E073780A2B0FDDD4F8D05006F10E0095
:109BE000A5F10802554245EB020504F110012A4691
:109BF000F5F3B6F608B941E005462046218A2A4623
:109C000076F088D8002839D0D4F8D000F5F3A2F344
:109C100030B1301D04F112010122F5F37DF413E09F
:109C20007378092B11DD06F1080045B9F27A012A93
:109C300006D0A2F105035A4242EB030200E00122E2
:109C400004F11201F5F38CF6C0B178780230A080EF
:109C5000F8F388F4A06088B13946A288F3F3E8F3FA
:109C600070780230E080F8F37DF40746E06030B1B0
:109C70003146E288F3F3DCF3012700E0074638467B
:109C8000BDE8FE8F01320103323D00904C3300AA43
:109C9000AA0300000088B4000100000001010000D8
:109CA000010050F201000050F20000409600000F49
:109CB000AC00000FAC0600AAAA03000000AAAA0389
:109CC0000000F8000FAC00050400C9BF05F000CE8D
:109CD000BF0000000101000001011C7040002D02C6
:109CE000F0000A01280028013801480158015501F7
:109CF000500150036666E2016666E3016666E401B0
:109D00006666E5016666E6016666E7016666E80185
:109D10006666E9016666EA016666EB016666EC0165
:109D20006666ED016666EE01CDCCF0010A00050025
:109D30000800400608000500080008007700080039
:109D40008A0008000100050001000A00010005006A
:109D5000400610091E091F092409250926092009A2
:109D6000210927092809290922092309300931096C
:109D7000320912090F090009010906090709080932
:109D80000209030909090A090B09040905090C0953
:109D90000D090E0911096502340284007400560091
:109DA0006502340204000400040003000300030001
:109DB000030002000100010000000000FFFFFFFFA0
:109DC000FFFFFFFFFFFFFFFFFFFF0000372E3935CA
:109DD0002E343920283232373162623620435929F5
:109DE000007265636C61696D2073656374696F6E81
:109DF0002025733A2052657475726E65642025645F
:109E000020627974657320746F20746865206865BA
:109E100061700A004D656D6F7279207573616765B9
:109E20003A0A0009546578743A20256C6428256C38
:109E3000644B292C20446174613A20256C642825E8
:109E40006C644B292C204273733A20256C642825BE
:109E50006C644B292C20537461636B3A2025644B4E
:109E60000A00094172656E6120746F74616C3A205A
:109E700025642825644B292C20467265653A2025E7
:109E8000642825644B292C20496E207573653A207F
:109E900025642825644B292C2048574D3A202564F9
:109EA0002825644B290A0009496E20757365202B0B
:109EB000206F766572686561643A202564282564A0
:109EC0004B292C204D6178206D656D6F727920696A
:109ED0006E207573653A20256C6428256C644B29C7
:109EE0000A00094D616C6C6F63206661696C757264
:109EF0006520636F756E743A2025640A00095374F7
:109F000061636B20626F74746F6D2068617320628F
:109F100065656E206F7665727772697474656E0A16
:109F20000009537461636B20626F74746F6D3A2023
:109F3000307825702C206C776D3A20307825702C85
:109F400020637572723A20307825702C20746F70FF
:109F50003A20307825700A000946726565207374CE
:109F600061636B3A203078257828256429206C7746
:109F70006D3A2030782578282564290A0009496E31
:109F800075736520737461636B3A20307825782887
:109F90002564292068776D3A203078257828256453
:109FA000290A0009496E2075736520706F6F6C2057
:109FB0002564282564293A2025642825644B292C0A
:109FC00020772F6F683A2025642825644B290A00E2
:109FD00009496E20757365202D20706F6F6C3A20D3
:109FE00025642825644B292C20772F6F683A20257B
:109FF000642825644B290A0009506B744964205475
:10A000006F74616C3A2025642C20467265653A2095
:10A0100025642C204661696C65643A2025640A0039
:10A020006D77006D6400554E494D504C3A20726179
:10A030003D25700A005443414D3A20256420757334
:10A0400065643A202564206578636565643A256413
:10A050000A000A465749442030312D25780A666C9B
:10A060006167732025780A000A54524150202578F0
:10A07000282578293A2070632025782C206C7220BE
:10A0800025782C2073702025782C20637073722023
:10A0900025782C20737073722025780A0020207296
:10A0A000302025782C2072312025782C2072322007
:10A0B00025782C2072332025782C207234202578A6
:10A0C0002C2072352025782C2072362025780A0025
:10A0D000202072372025782C2072382025782C20DB
:10A0E00072392025782C207231302025782C20726E
:10A0F00031312025782C207231322025780A000A4F
:10A1000020202073702B30202530387820253038DF
:10A1100078202530387820253038780A00202073C0
:10A12000702B3130202530387820253038782025A4
:10A1300030387820253038780A0A0073702B25785B
:10A1400020253038780A00686E6461726D5F617234
:10A150006D7220616464723A20307825782C206317
:10A1600072345F6964783A2025640A0062757373FB
:10A170007461747300535357553A207072696D655A
:10A1800020646F6573206E6F74206861766520703F
:10A19000203D2033206D6F6420340000010000005A
:10A1A0000001000020010000A1418000B95380009F
:10A1B000212C8000795780006D3D8000609D8800D3
:10A1C000A09E8800549F88008C9B8800409C88003B
:10A1D000FDFFFFFFD89A8800020000008001000008
:10A1E00030010000DD418000E5538000492C8000F3
:10A1F000AD578000993D8000749D8800C09E880006
:10A20000749F8800AC9B8800609C8800FDFFFFFF66
:10A21000F89A880004000000FF00000020080000F9
:10A22000253E8000B1518000ED2B80003557800025
:10A23000253D8000549D8800809E8800349F8800C2
:10A240006C9B8800209C8800066D0700B89A8800E7
:10A25000030000000902000044010000F9418000F1
:10A2600001548000892C8000F5578000ED3D80006E
:10A27000889D8800F09E8800A49F8800DC9B880051
:10A28000909C8800FDFFFFFF289B8800706125647B
:10A290003D307825257800706425643D307825258B
:10A2A000780070646825643D3078252578007064F6
:10A2B0006C25643D30782525780067637225643D00
:10A2C0003078252578002530325825303258253011
:10A2D0003258253032582D25303258253032582DFD
:10A2E00025303258253032582D253032582530321D
:10A2F000582D2530325825303258253032582530E7
:10A300003258253032582530325800556E64656613
:10A31000696E6564206572726F72202564000000AA
:10A32000600104000500010364010400000027002F
:10A3300024010400040000002801040000000000C3
:10A340002C010400000000003001040000000000A7
:10A35000340104000A04700034010400EFBED4008C
:10A3600034010400050000FF3401040001FF02FF76
:10A370003001040018000000340104000A04E00069
:10A3800034010400EFBE480034010400050000FF62
:10A390003401040001FF02FF340104000010180121
:10A3A00034010400020300103401040018F1F2F338
:10A3B00034010400BBCC0000300104003800000070
:10A3C00034010400000000003001040058000000C7
:10A3D00034010400000000003001040038000000D7
:10A3E000340104000F200007340104000000940031
:10A3F0003401040000000090340104007475767785
:10A4000034010400000000003401040000000500D5
:10A4100034010400FFFFFFFF300104006803000067
:10A42000340104006E84330034010400DCBA5000AF
:10A4300034010400D40000AB34010400BADABADA03
:10A4400034010400001018F134010400F2F300108C
:10A450003401040018F1F2F334010400100000008C
:10A4600034010400000000003401040000000A0070
:10A47000340104000100000E340104004252434D37
:10A48000340104005F54455334010400545F5353B6
:10A4900034010400494401043401040082848B9691
:10A4A000340104000301010634010400020000002D
:10A4B0003001040068000000340104000A0428028E
:10A4C00034010400DCBA8000340104000000FFFF06
:10A4D00034010400FFFFFFFF34010400001018F1F5
:10A4E00034010400F2F300103401040018F1F2F317
:10A4F00034010400D0AF000034010400000000006B
:10A500003401040000000001340104000200000EC8
:10A51000340104004252434D340104005F5445535A
:10A5200034010400545F53533401040049440104CE
:10A530003401040082848B96340104000301010677
:10A54000340104000201000030010400680600002C
:10A55000340104000A04280234010400DCBA80003B
:10A56000340104000000FFFF34010400FFFFFFFF7F
:10A5700034010400001018F134010400F2F300105B
:10A580003401040018F1F2F334010400D0AF0000EC
:10A590003401040000000000340104000000000148
:10A5A000340104000200000E340104004252434D05
:10A5B000340104005F54455334010400545F535385
:10A5C00034010400494401043401040082848B9660
:10A5D00034010400030101063401040002010000FB
:10A5E00000010400000000019004020000000000CF
:10A5F000A0040200F1F30000B0040200EFFD00002F
:10A60000A8040200FFFF0000A804020000000000F0
:10A61000A204020001000000B2040200FBFF0000DF
:10A62000AA040200FFFF0000AA04020000000000CC
:10A63000A4040200CF1A0000AC04020000000000D5
:10A64000BC04020000000000A6040200D7020000C3
:10A65000B6040200FFFD0000AE040200FFFF000090
:10A6600006040200010000000604020000000000D1
:10A670000C040200180000000604020000000000A4
:10A6800048040200000C0000020402002006000042
:10A69000020502000000000000050200004000006A
:10A6A0000205020004000000000502000040000056
:10A6B0000205020008000000000502000040000042
:10A6C000020502000C00000000050200004000002E
:10A6D00002050200C000000080050200FFFF00002C
:10A6E00082050200FFFF000084050200FFFF00005A
:10A6F00086050200FFFF000088050200FFFF000042
:10A700008A050200FFFF00008C050200FFFF000029
:10A710008E050200FFFF000090050200FFFF000011
:10A7200092050200FFFF000094050200FFFF0000F9
:10A7300096050200FFFF000098050200FFFF0000E1
:10A740009A050200FFFF00009E050200FFFF0000C7
:10A75000A0050200FFFF00009C050200F0FF0000C2
:10A76000400502000080000020050200060F0000E6
:10A77000400502000080000040050200008100004A
:10A780002005020000FF00002C050200010100006E
:10A790004005020000810000400502000082000028
:10A7A000200502001E2800002C0502000000000009
:10A7B0004005020000820000400502000083000006
:10A7C000200502002931000040050200008300003E
:10A7D000400502000084000020050200323F000016
:10A7E00040050200008400004005020000850000D2
:10A7F00020050200404100004005020000850000E5
:10A8000012060200010000002E060200CDCC00005E
:10A81000300602000C000000000602000480000068
:10A8200096060200080000009A060200E4000000FC
:10A8300088060200000000009C06020002000000E2
:10A8400088060200001000009C06020002000000C2
:10A8500088060200002000009C06020002000000A2
:10A8600088060200003000009C0602000200000082
:10A87000880602000B0F00009E0602000700000081
:10A88000100502000B00000050040200014E000001
:10A89000520402005B010000E4040200900000008A
:10A8A00004040200B400000054050200FFAF0000E1
:10A8B000FE040200000000005E050200001000001F
:10A8C00060010400040001036401040000000000B2
:10A8D00064010400B4000000640104004700470064
:10A8E00064010400000064006401040030094000B9
:10A8F000600104000D000103640104000200020075
:10A90000640104000100C0006401040005000000AF
:10A91000640104000000C0006401040064006400DD
:10A92000640104000E0047006401040000050000FB
:10A9300060010400150001036401040040003C08AC
:10A940006401040000000700640104000A00000024
:10A95000600104001A0001036401040000C000004B
:10A96000600104001D0001036401040010270000C1
:10A97000600104001F0001036401040000001C0CBE
:10A980006401040006001027600104002500010393
:10A99000640104000000320060010400280001038B
:10A9A0006401040000004C0A6401040000003F013F
:10A9B00064010400FFFF00046401040046041E0754
:10A9C000640104000200EC09600104002E00010390
:10A9D0006401040000000080600104009201010392
:10A9E00064010400640400006401040000004000ED
:10A9F0006401040096070000600104009701010350
:10AA0000640104001A08000060010400BF01010392
:10AA10006401040000000500600104000804010353
:10AA20006401040007020000600104001004010337
:10AA30006401040000000100600104001C0C01001E
:10AA400064010200FFFF0000600104001D0C010012
:10AA500064010200FFFF0000600104001A0001030E
:10AA6000640104000000200C6001040023000103C5
:10AA7000640104000000A607640104000000A20AAB
:10AA80006001040026000103640104000A0E0B09A2
:10AA9000640104000E0200006001040032000103A2
:10AAA000640104000000900B640104000000A00495
:10AAB0006401040000007C066001040058000103EA
:10AAC000640104004252434D640104005F54455345
:10AAD00064010400545F53536401040049440000BE
:10AAE00060010400600001036401040039000000FB
:10AAF000640104005000000064010400C000000074
:10AB0000600104007000010364010400BE03BE0381
:10AB100064010400BE03BE0364010400BE03BE035F
:10AB200064010400BE03BE03640104000004EA03E0
:10AB300064010400D403BE03640104000B04F503A4
:10AB400064010400DF03C90364010400BE03BE0303
:10AB500064010400BE03BE0364010400BE03BE031F
:10AB600064010400BE03BE03640104000004EA03A0
:10AB700064010400D403BE03640104000B04F50364
:10AB800064010400DF03C903640104001604160411
:10AB9000640104001604160464010400220416046F
:10ABA0006401040016042E04640104001604160453
:10ABB000640104001604160464010400160416045B
:10ABC000640104003A041604640104001604160427
:10ABD000640104001604160464010400220416042F
:10ABE0006401040016042E04640104001604160413
:10ABF000640104001604160464010400160416041B
:10AC0000640104003A0416046401040000001F00FB
:10AC100064010400FF031F0064010400020000003F
:10AC200064010400020000006001040098000103B8
:10AC30006401040000001F0064010400FF031F0002
:10AC40006401040001000000640104000100000030
:10AC500060010400A00001036401040000001F0063
:10AC600064010400FF031F006401040001000000F0
:10AC7000640104000100000060010400A800010359
:10AC80006401040000001F0064010400FF031F00B2
:10AC900064010400010000006401040001000000E0
:10ACA00060010400C000010364010400372437245C
:10ACB000640104003724372460010400BA01010351
:10ACC0006401040001000702640104000702070395
:10ACD000640104000700000060010400DF010103BB
:10ACE000640104002000CB01640104000000540052
:10ACF000640104000000AB086401040000001004BB
:10AD000064010400840002006401040000001400D7
:10AD100064010400CF01020064010400440000004B
:10AD200064010400AF080200640104001004640020
:10AD30006401040002020000640104001000CA0162
:10AD40006401040002003C00640104000000AA0841
:10AD500064010400020010046401040054000208AD
:10AD6000640104000000080064010400CE0100003A
:10AD7000640104003400000064010400AE08000017
:10AD8000640104001004440064010400020A00008D
:10AD9000640104000800C9016401040002003000DD
:10ADA000640104000000A90864010400020010040A
:10ADB000640104003C00021064010400000004006F
:10ADC00064010400CD010000640104002C000000B7
:10ADD00064010400AD0800006401040010043400A4
:10ADE0006401040002120000640104000400C801B0
:10ADF0006401040000002C00640104000000A808A5
:10AE00006401040000001004640104003000021911
:10AE1000640104000000000064010400CC01020091
:10AE2000640104002C00000064010400AC0802006E
:10AE3000640104001004300064010400021A0000E0
:10AE400064010400C0000A046401040070000000F2
:10AE5000640104003A010A046401040028022CC0C1
:10AE600064010400F2020A0464010400000000010D
:10AE70006401040060001404640104003800000050
:10AE800064010400020114046401040014012CC0D4
:10AE900064010400DE011404640104000000800069
:10AEA000640104002200370464010400150000005E
:10AEB00064010400DF0037046401040065002CC055
:10AEC000640104002E0137046401040000002F0017
:10AED0006401040011006E84640104000B00000092
:10AEE00064010400D4006E846401040033002CC0AB
:10AEF00064010400FC006E8464010400000018007A
:10AF00006401040002008A9D64010400FB00020841
:10AF100064010400C54EFA0064010400020A83348F
:10AF200064010400FE000210640104006227F900BD
:10AF3000640104000212421A64010400FD000219B7
:10AF400064010400B113F80064010400021A8111C5
:10AF500064010400FC00021C64010400C10FFC0039
:10AF6000640104000000C10F64010400FC00000043
:10AF700064010400C10FFC006001040050020103E1
:10AF80006401040000000000640104000100711469
:10AF90006401040004020000600104005402010383
:10AFA0006401040001000000640104000100711448
:10AFB000640104000402000060010400580201035F
:10AFC0006401040002000000640104000100711427
:10AFD0006401040004020000600104005C0201033B
:10AFE0006401040003000000640104000100711406
:10AFF0006401040004020000600104006002010317
:10B000006401040000000100600104006C020103FF
:10B010006401040020000000600104001204010328
:10B020006401040000000C006001040050050103ED
:10B03000640104001800000064010400983A983A82
:10B0400064010400A60E6400640104000000F40121
:10B05000640104000400000064010400C8AFA8619A
:10B0600064010400204E1E0064010400000003007F
:10B0700064010400030000006401040050C30000E8
:10B08000600104005B050103640104000000140575
:10B0900064010400E2040000600104005F05010394
:10B0A00064010400204E00006401040000000F0051
:10B0B00064010400F401030060010400650501035C
:10B0C0006401040000001300640104000000030098
:10B0D000640104000100070064010400C8AF00001F
:10B0E0006401040088130000640104002C17DF4091
:10B0F000600104006C0501036401040000002C01E0
:10B10000640104000000A00F600104006F0501034A
:10B1100064010400000002006401040000002C012E
:10B1200064010400C000000064010400C044000089
:10B13000640104006400000064010400DC05401F99
:10B140006401040000004600640104005000500047
:10B15000640104000200000064010400F50A00001C
:10B16000600104007A050103640104002010409C82
:10B1700064010400204E000064010400B80B0000CC
:10B18000600104007E050103640104000000204EFC
:10B19000640104000000050064010400DC053F00B8
:10B1A00064010400710200006401040030750000B5
:10B1B000600104008605010364010400C409A00FB6
:10B1C0006001040089050103640104000000D00748
:10B1D000600104008B05010364010400204E204E31
:10B1E000600104008E05010364010400200080401A
:10B1F0006401040000000A0064010400E803E81C84
:10B2000064010400384A0000600104009305010352
:10B210006401040000006400600104009F05010354
:10B22000640104000200940260010400A10501030E
:10B2300064010400E100000060010400A4050103B2
:10B24000640104003075000060010400A7050103DB
:10B2500064010400DC05000064010400581B0000C8
:10B2600060010400AF0501036401040000000F0049
:10B2700064010400C800000060010400B20501037D
:10B280006401040000000200640104000000640086
:10B2900060010400BB05010364010400A86170178C
:10B2A00060010400C405010364010400BE00000045
:10B2B00060010400380C010064010200000000007D
:10B2C0006001040003000200640104001F0000008C
:10B2D000600104000400020064010400FF03000098
:10B2E0006001040005000200640104001F0000006A
:10B2F0006001040006000200640104000700000071
:10B300006001040007000200640104000400000062
:10B31000600104000800020064010400FFFF000057
:10B320006001040009000200640104000000000044
:10B33000600104000A000200640104000000000033
:10B34000600104000B000200640104000000000022
:10B35000600104000C000200640104000000000011
:10B36000600104000D000200640104000000000000
:10B37000600104000E0002006401040000000000EF
:10B38000600104000F0002006401040000000000DE
:10B390006001040010000200640104001F000000AE
:10B3A00060010400110002006401040000000000BC
:10B3B00060010400120002006401040000000000AB
:10B3C000600104001300020064010400000000009A
:10B3D0006001040015000200640104000000000088
:10B3E0006001040016000200640104000000000077
:10B3F000FFFF00000000000086060200D0090000E8
:10B40000800602003E3E0000820602003E0200006E
:10B41000000702003C000000840602001202000047
:10B42000600104000300010064010200C00000008C
:10B430006001040003000100660102000A00000030
:10B440006001040004000100640102001400000017
:10B450006001040007000100640102008301000094
:10B46000600104002500010064010200F4010000F5
:10B4700060010400C5050100660102002B04000004
:10B4800060010400C6050100640102000001000023
:10B4900060010400E1010100640102003C000000C1
:10B4A00060010400E60101006601020034000000B2
:10B4B00060010400EC0101006401020030000000A2
:10B4C00060010400F1010100660102002C0000008F
:10B4D00060010400F7010100640102002C0000007B
:10B4E00060010400FC010100660102002800000068
:10B4F0006001040002020100640102002800000053
:10B50000600104000702010066010200280000003B
:10B51000FFFF000000000000ED9F8000C1AD800033
:10B52000DDAE8000F9AB8000B5B0800065AF800073
:10B53000C9B08000DDB0800071AD800085AD8000B5
:10B5400009AC800005B18000FDAA8000A1B0800098
:10B5500065AE800035AA800081A18000C5A1800071
:10B5600031A880008DA8800019A8800079AF8000E4
:10B57000B1A68000ADAB80008DAB8000E5AB800054
:10B580008DA380007DAB800079A28000F5A38000B0
:10B5900045A7800045A0800039A1800065A38000F8
:10B5A00039A0800055A080002D9F8000399F800029
:10B5B00000000000000000000000000075A38000F3
:10B5C00061A8800039A8800071A2800095A7800042
:10B5D000219F8000199F8000B9A0800085A0800075
:10B5E000E59E8000280000000F000000040100001C
:10B5F000080700000007070000070400000004041B
:10B600000000040000000001010000000000000034
:10B610000303000000000000000000000000000024
:10B62000B108000000000000040404040401040048
:10B63000E20400080A0000006A1000000000000098
:10B640000000000031060000DDC88D000404040481
:10B6500004010400E20400080A0000006A1000006F
:10B660000000000000000000310400008C2EBA0031
:10B670000404040404010400E20400080A000000B9
:10B680006A10000000000000181800000000000010
:10B69000000606000000000000000000000000009E
:10B6A000311900000000A0000C0C0C0C0A0304006F
:10B6B000E20400080A0000006A1000000000000018
:10B6C00000000000B1120000277662000C0C0C0C88
:10B6D0000A030400E20400080A0000006A100000E7
:10B6E0000000000000000000B10C00001443FD0049
:10B6F0000C0C0C0C0A030400E20400080A00000011
:10B700006A100000E02E010101500000000000005E
:10B71000C832020101490000899DD8004038030168
:10B7200001420000AAAAAA00003C0401013E000058
:10B7300000008000483F0501013B0000D05E420050
:10B74000A04106010139000049922400004B070185
:10B750000132000000000000584D080101300000D7
:10B76000071F7C00204E090101300000000000008E
:10B77000C05D0A010128000000000000A8610B0163
:10B78000012600006666660090650C010124000039
:10B79000C44EEC0030750D010120000000000000D7
:10B7A00040830E01011C00002449920018920F02F0
:10B7B00001330000F93E56000096100201320000ED
:10B7C00000000000409C1102013000000000000059
:10B7D00080BB1202012800000000000020CB1302F1
:10B7E00001240000C44EEC00000000000000000036
:10B7F00000000000626F617264666C616773330001
:10B8000073707572636F6E666967000000000000F8
:10B8100000000000B1190000ABAA0A000B0C0C0CD0
:10B820000A030400E20400080A0000006A10000095
:10B830000000000000000000B1120000143BB10045
:10B840000B0C0C0C0A030400E20400080A000000C0
:10B850006A1000000000000000000000310D000030
:10B860007A0534000B0C0C0C0A030400E2040008F7
:10B870000A0000006A100000000000001210000022
:10B88000000000000000000000000000B1190000EE
:10B89000000040000C0C0C0C0A030400E204000839
:10B8A0000A0000006A100000000000000000000014
:10B8B000B1120000FF88D8000C0C0C0C0A03040025
:10B8C000E20400080A0000006A1000000000000006
:10B8D00000000000B10D0000F0FF4E000C0C0C0C3D
:10B8E0000A030400E20400080A0000006A100000D5
:10B8F00006000000BC010000C5420000314200000B
:10B900008945000078000000010000003940000077
:10B910003F4000004140000080000000680000003F
:10B92000FB440000F7440000D144000067E6096AC8
:10B9300085AE67BB72F36E3C3AF54FA57F520E5150
:10B940008C68059BABD9831F19CDE05B982F8A4289
:10B9500091443771CFFBC0B5A5DBB5E95BC2563961
:10B96000F111F159A4823F92D55E1CAB98AA07D879
:10B97000015B8312BE853124C37D0C55745DBE729C
:10B98000FEB1DE80A706DC9B74F19BC1C1699BE41C
:10B990008647BEEFC69DC10FCCA10C246F2CE92DAC
:10B9A000AA84744ADCA9B05CDA88F97652513E98D0
:10B9B0006DC631A8C82703B0C77F59BFF30BE0C6D7
:10B9C0004791A7D55163CA0667292914850AB72765
:10B9D00038211B2EFC6D2C4D130D385354730A6502
:10B9E000BB0A6A762EC9C281852C7292A1E8BFA2D9
:10B9F0004B661AA8708B4BC2A3516CC719E892D141
:10BA0000240699D685350EF470A06A1016C1A419C3
:10BA1000086C371E4C774827B5BCB034B30C1C39C2
:10BA20004AAAD84E4FCA9C5BF36F2E68EE828F7481
:10BA30006F63A5781478C8840802C78CFAFFBE909B
:10BA4000EB6C50A4F7A3F9BEF27871C601234567E9
:10BA500089ABCDEFFEDCBA9876543210F0E1D2C358
:10BA6000142030401C2010776C2564002530347879
:10BA700000776C25643A2025732025732076657243
:10BA800073696F6E20257320465749442030312D4D
:10BA900025780A004E6F762032392032303231005C
:10BAA00032323A34393A30390061702000737461AF
:10BAB0002000776D6520003830322E31316420004F
:10BAC0003830322E3131682000726D20006361639E
:10BAD0002000616D7064752000616D7064755F7425
:10BAE000782000616D7064755F72782000616D73FD
:10BAF000647572782000616D7364757478200072CB
:10BB00006164696F5F70777273617665200070326F
:10BB10007020006D6368616E20006466727473202B
:10BB20000074787077726361636865200073746273
:10BB3000632D74782000737462632D72782D3173D5
:10BB4000732000776E6D20006273737472616E7380
:10BB500020006D6670200073616520006964617566
:10BB600074682000746B6F2000776C6300677069E5
:10BB70006F6F757400000000E15601000200008044
:10BB8000080000003D6F8900E20000000100000095
:10BB900000000000000000000000000002000000A3
:10BBA0000000313164003131680031317500545882
:10BBB000204D435320203A00202025642825642569
:10BBC0002529000A20202020202020203A000000E3
:10BBD000A18789000700800001000000000000002C
:10BBE00000000000000000005258204D4353202068
:10BBF0003A006170707300615F77706100615F7718
:10BC00007061690025733A20686F73745F656E61B7
:10BC1000622025640A00627373636667006274635E
:10BC2000006274635F646F735F7374617475730033
:10BC3000955701000E000000070000000000000002
:10BC40000000000000000000636D005F5F004B52C9
:10BC500000000000BC580100E0ED8800000000007A
:10BC600000000000B058010000000000AA580100C8
:10BC7000A4580100000000000000000080580100EE
:10BC80002C590100885801007FB20000000000001C
:10BC900000000000000000000000000000000000A4
:10BCA0000000000000000000000000000000000094
:10BCB000000000009058010000000000000000009B
:10BCC0000000000000000000000000000000000074
:10BCD0000000000000000000000000000000000064
:10BCE0000000000000000000000000000000000054
:10BCF0000000000000000000000000000000000044
:10BD00000000000000000000000000000100000032
:10BD1000B158010000000000000000003230323154
:10BD20002D31312D32392032323A34323A34340026
:10BD30000000FF0000000000FF00000000236E0074
:10BD40000000FFFFF0000000000000000000000005
:10BD5000434C4D204441544100000C000200392E58
:10BD600031302E33390000000000000000000000D8
:10BD70000000312E32392E3400000000C45801007A
:10BD8000C8570100436C6D496D706F72743A203171
:10BD90002E33362E330000000000000000000000AB
:10BDA000000042726F6164636F6D2D302E300000B1
:10BDB0000000000000000000000000000000000083
:10BDC000636E7472790064756D705F696E666F0082
:10BDD00013858900000000400800000000000000FA
:10BDE00000000000000000006576656E747100665A
:10BDF00062740000115A010016000000775A010019
:10BE0000180000008F5A01001B000000275A010093
:10BE10001C0000009CEF88000E000000DA590100B1
:10BE200033000000DA59010033000000435A0100DA
:10BE300034000000435A010034000000435A01005E
:10BE4000340000009BEF880001000000D059010081
:10BE50000A0000009AEF880001000000031030364D
:10BE6000373839F4FFDD0001020304060708092012
:10BE7000252829232A32300B0C424746333F4043C2
:10BE8000363A3C3B2D3D484A7F596145626B6C6FA9
:10BE900070BFC0C3C4C744F4DD69656D00000132E2
:10BEA0002124302E46363B2D487F595E6BBFC74458
:10BEB00085F4DD01320C354146303637393A382DBC
:10BEC0003D484A7F5A5F58646EBFC0C744F4DD00E6
:10BED00001020304060507080920252829232A3220
:10BEE000300B0C2E333F4043424746363A3C3B2D05
:10BEF0003D484A7F5659456B6C6F70BFC0C3C4C77D
:10BF000044F4DD01320C35414636373A382D3D4890
:10BF10004A7F5A5F6EBFC0C744F4DD00013221245E
:10BF2000302E463637393B2D487F595E57636BBFFD
:10BF3000C744859CF4DD696572006C710044495208
:10BF40004543542D007068790000A40400400000AF
:10BF5000A40400800080D00420000000A404FF019D
:10BF60000000A40400040004A504FF032C01A504A0
:10BF700000E000A0A504001C00000D04FF03400029
:10BF80000D0400700040A204FF034000A2040070F2
:10BF90000040A804FF000100D004C07F00000C0591
:10BFA000FF010000A60400800080A604FF01FF003E
:10BFB0009A04FF01FF00F40900800080F4090038B2
:10BFC0000020F409FF0337009904FF0378009F0461
:10BFD00000C000409F04FF039001D7040800080040
:10BFE000D70400700020AC093C001400F8090400DC
:10BFF0000400706B745F66696C7465720000000009
:10C000000C000000FFFFFFFFFFFFFFFFFFFFFFFF30
:10C0100070726F745F670070726F745F6E00000003
:10C02000EC5B01000700000007000000FD5B010061
:10C0300006000000010000000000000000000000F9
:10C0400000000000534145204861736820746F2050
:10C05000456C656D656E742075312050310053411B
:10C0600045204861736820746F20456C656D656E6E
:10C0700074207532205032007361655F6D61785FA6
:10C080007077655F6C6F6F70007361655F70776567
:10C090005F686E705F656E61626C6500405C010098
:10C0A0002700000007000000585C01002800000085
:10C0B000070000006E5C0100260000000700000081
:10C0C0000000000000000000000000007374665FC4
:10C0D00074656D705F6D696E5F647574795F6379A7
:10C0E000636C65007374665F74656D705F6D6F6E11
:10C0F00069746F725F74696D65007374665F7465EF
:10C100006D705F7468726573680069647375700040
:10C1100074706300747863007761706900000000D8
:10C12000000000000000000000000000600A0000A5
:10C1300080380100736470636D64657600000000F0
:10C1400000000000005D0100000000000000000091
:10C1500000000000000000000000000000000000DF
:10C16000C5DF800045F6800059F68000C9DF8000F9
:10C17000BDDF800089DF800051DD8000000000000D
:10C1800055F680000000000000000000C57C0100A2
:10C19000A17C01008B7C0100E1F680000000000022
:10C1A000A5F68000F9F68000C1F68000EDF680006B
:10C1B00000000000000000000000000015880100E1
:10C1C000698801000000000011880100258C010031
:10C1D000F5890100598901000000000000000000FD
:10C1E000000000000000000000000000C589010000
:10C1F000000000001D1E1C0B80BA8C0100C2010053
:10C20000F20000008100000010000000C0AD3A0202
:10C2100000C20100EC0000008100000022000000CC
:10C22000776C00000000000000000000000000002B
:10C23000C05D0100000000000000000000000000E0
:10C2400000000000000000000000000035E20100D6
:10C250001D8E8100E9898100298F81000000000086
:10C26000B58C810000000000FD8D81000000000001
:10C2700000000000000000000000000001000300BA
:10C280000300060000000300030003000E000D0081
:10C290000E000E000E00020009000C000A0008004B
:10C2A0000D00010009000C000A0008000D0001004B
:10C2B00009000C000A0008000D00010009000C0034
:10C2C0000A0008000D0001000A000D000B00090023
:10C2D0000E0002000A000D000B0009000E00020013
:10C2E0000900390016000E000E0005000900390093
:10C2F00016000E000E0005000A000D000B000900DC
:10C300000E0004000A000D000B0009000E000200E0
:10C310000A000D000B0009000E0002001400BF000F
:10C32000C0001500110005001400BF00C00015007A
:10C33000110005001400BF00C00015001100050029
:10C340001400BF00C0001500110005001400BF005C
:10C35000C0001500110005000900390016000E008C
:10C360000E0005000900390016000E000E00050041
:10C370001400BF00C00015001100050009003900BD
:10C3800016000E000E0005000900390016000E0010
:10C390000E0005009600DE00DF001500110005000C
:10C3A0001400BF00C000150011000500090039008D
:10C3B00016000E000E0005000900390016000E00E0
:10C3C0000E0005000900610016000E000E000500B9
:10C3D0000900390016000E000E0005000C00B60022
:10C3E00019001100110008000900390016000E00A4
:10C3F0000E0005000900B600190011001100080028
:10C400000900B60019001100110008000900B6006B
:10C4100019001100110008000900390016000E0073
:10C420000E0005000900B6001900110011000800F7
:10C430000800370016000E000E0005000900B600C7
:10C4400019001100110008000000000000000000A9
:10C4500000000000000000000000000000000000DC
:10C4600000000000000000000000000000000000CC
:10C4700000000000000000000000000000000000BC
:10C4800000000000000000000000000000000000AC
:10C49000000000000000000000000000000000009C
:10C4A000000000000000000000000000000000008C
:10C4B000000000000000000000000000000000007C
:10C4C000000000000000000000000000000000006C
:10C4D000000000000000000000000000000000005C
:10C4E000000000000000000000000000000000004C
:10C4F000000000000000000000000000000000003C
:10C50000000000000000000000000000000000002B
:10C51000000000000000000000000000000000001B
:10C52000000000000000000000000000000000000B
:10C5300000000000000000000000000000000000FB
:10C5400000000000000000000000000000000000EB
:10C5500000000000000000000000000000000000DB
:10C5600000000000000000000000000000000000CB
:10C5700000000000000000000000000000000000BB
:10C5800000000000000000000000000000000000AB
:10C59000000000000000000000000000000000009B
:10C5A000000000000000000000000000000000008B
:10C5B000000000000000000000000000000000007B
:10C5C000000000000000000000000000000000006B
:10C5D000000000000000000000000000000000005B
:10C5E000000000000000000000000000000000004B
:10C5F000000000000000000000000000000000003B
:10C60000000000000000000000000000000000002A
:10C61000000000000000000000000000000000001A
:10C62000000000000000000000000000000000000A
:10C6300000000000000000000000000000000000FA
:10C6400000000000000000000000000000000000EA
:10C6500000000000000000000000000000000000DA
:10C6600000000000000000000000000000000000CA
:10C6700000000000000000000000000000000000BA
:10C6800000000000000000000000000000000000AA
:10C69000000000000000000000000000000000009A
:10C6A000000000000000000000000000000000008A
:10C6B000000000000000000000000000000000007A
:10C6C000000000000000000000000000000000006A
:10C6D000000000000000000000000000000000005A
:10C6E000000000000000000000000000000000004A
:10C6F000000000000000000000000000000000003A
:10C700000000000000000000000000000000000029
:10C710000000000000000000000000000000000019
:10C720000000000000000000000000000000000009
:10C7300000000000000000000000000000000000F9
:10C7400000000000000000000000000000000000E9
:10C7500000000000000000000000000000000000D9
:10C7600000000000000000000000000000000000C9
:10C7700000000000000000000000000000000000B9
:10C7800000000000000000000000000000000000A9
:10C790000000000000000000000000000000000099
:10C7A0000000000000000000000000000000000089
:10C7B0000000000000000000000000000000000079
:10C7C0000000000000000000000000000000000069
:10C7D0000000000000000000000000000000000059
:10C7E0000000000000000000000000000000000049
:10C7F0000000000000000000000000000000000039
:10C800000000000000000000000000000000000028
:10C810000000000000000000000000000000000018
:10C820000000000000000000000000000000000008
:10C8300000000000000000000000000000000000F8
:10C8400000000000000000000000000000000000E8
:10C8500000000000000000000000000000000000D8
:10C8600000000000000000000000000000000000C8
:10C8700000000000000000000000000000000000B8
:10C8800000000000000000000000000000000000A8
:10C890000000000000000000000000000000000098
:10C8A0000000000000000000000000000000000088
:10C8B0000000000000000000000000000000000078
:10C8C0000000000000000000000000000000000068
:10C8D0000000000000000000000000000000000058
:10C8E0000000000000000000000000000000000048
:10C8F0000000000000000000000000000000000038
:10C900000000000000000000000000000000000027
:10C910000000000000000000000000000000000017
:10C920000000000000000000000000000000000007
:10C9300000000000000000000000000000000000F7
:10C9400000000000000000000000000000000000E7
:10C9500000000000000000000000000000000000D7
:10C9600000000000000000000000000000000000C7
:10C9700000000000000000000000000000000000B7
:10C9800000000000000000000000000000000000A7
:10C990000000000000000000000000000000000097
:10C9A0000000000000000000000000000000000087
:10C9B0000000000000000000000000000000000077
:10C9C0000000000000000000000000000000000067
:10C9D0000000000000000000000000000000000057
:10C9E0000000000000000000000000000000000047
:10C9F0000000000000000000000000000000000037
:10CA00000000000000000000000000000000000026
:10CA10000000000000000000000000000000000016
:10CA20000000000000000000000000000000000006
:10CA300000000000000000000000000000000000F6
:10CA400000000000000000000000000000000000E6
:10CA500000000000000000000000000000000000D6
:10CA600000000000000000000000000000000000C6
:10CA700000000000000000000000000000000000B6
:10CA800000000000000000000000000000000000A6
:10CA90000000000000000000000000000000000096
:10CAA0000000000000000000000000000000000086
:10CAB0000000000000000000000000000000000076
:10CAC0000000000000000000000000000000000066
:10CAD0000000000000000000000000000000000056
:10CAE0000000000000000000000000000000000046
:10CAF0000000000000000000000000000000000036
:10CB00000000000000000000000000000000000025
:10CB10000000000000000000000000000000000015
:10CB200000000000000000002DE9F843054688469B
:10CB3000FBF33EF200212846FBF382F3044628462D
:10CB40006E69AF69F3F3F0F30A2E814616D90F2E02
:10CB500016D02846FAF31EF5142E054603D9A3680D
:10CB600023F00803A360A368142E43F00103A3601D
:10CB700014D9A36843F00803A3600FE0022E0FD975
:10CB80002846FAF375F5D4F8A430054623F0FF03E0
:10CB900043F00203C4F8A430022303E0012301E0C0
:10CBA000104D3023A268D20707D407F01802082AD4
:10CBB0000CBFB5FBF3F54FF4E11507F003070026B2
:10CBC0000BE004F54073B8F1000F05D030021818DF
:10CBD00049462A460023C0470136BE42F1DBBDE884
:10CBE000F88300BF00C63E052DE9F8431646984677
:10CBF00004460D46FAF374F5002107462046FBF380
:10CC00001FF3002281461346134988184068B0B9C3
:10CC10000C225343CA18CE505560C2F808802046F3
:10CC2000FBF3C6F1D9F824300C4D1E432E6020468C
:10CC3000FBF3BEF12B680125C9F8243004E0013371
:10CC40000C32052BE0D1002520463946FBF3F8F2E3
:10CC50002846BDE8F88300BFBC5F0100E403000084
:10CC600038B5124C002148222046F0F365F4104AF2
:10CC7000012384E80C0000250E491F2204F10C005A
:10CC8000F0F332F584F82B50F5F31CF34FF4002346
:10CC9000A3634FF40003E363074B20632364074B54
:10CCA0006563DB696564A36038BD00BF186001007F
:10CCB00044454247403901001C2B090070600100C7
:10CCC0004369142B01DDFAF317B57047436910B5BA
:10CCD0000A2B04460ADD064901220346FFF784FFBA
:10CCE00020460121BDE8104007F096BA10BD00BFF4
:10CCF00089160000C36910B5590704460CD5074BC7
:10CD000000221968FBF3B4F005492046102223469F
:10CD1000BDE81040FFF768BF10BD00BF2C04000045
:10CD2000FDB18000134B13B51360134601E0114CA5
:10CD30001C600433ADF17C04A342F8D3C41C24F07E
:10CD400003040D4B091B0D481960002303600C48B8
:10CD5000083903600B4884E80A0003600A4802604F
:10CD60000A4802F500520260094A1360EAF7C6FE5B
:10CD700044601CBD4B415453F403000014040000F4
:10CD800048040000046001006860010010600100B8
:10CD9000F003000008B500211420EAF7BDFE054BA2
:10CDA000002118601422F0F3C7F3BDE80840F5F342
:10CDB00001B100BF300400002DE9F0474D1C2946A9
:10CDC000824605F0A1FB134C206000B34FEA8509B1
:10CDD00048460021EAF7A0FE0F4F804638600F4E0C
:10CDE00068B14A460021F0F3A7F320680021F0F370
:10CDF0003FF73B6800221A603560BDE8F087504677
:10CE0000216805F0D5FBC6F80080C4F80080BDE8B5
:10CE1000F08700BFF8030000E803000004040000EE
:10CE2000F0B5184F85B00F21386805F0C3FA0F2808
:10CE300003903E4624D184200021EAF76DFE124C77
:10CE40002060D0B100218422F0F376F30025012385
:10CE500004AA42F8043D00950195386821684FF412
:10CE6000F06305F0D5FA0130206803D03221ECF7E9
:10CE700051FA05E0EAF7D8FE2560306805F0B8FA07
:10CE800005B0F0BD2C04000044040000B1F5E06FD3
:10CE900073B504460E46154606D10369009100217C
:10CEA00001911E680A460CE00D4B00221868FBF346
:10CEB000B9F1014680B123690022009601921E68F3
:10CEC00020462B46B04738B1064BA0611A68656111
:10CED00022621C60002001E04FF0FF307CBD00BFEB
:10CEE00000040000F85F01002DE9F84310200C4613
:10CEF000002191469846EAF70FFE054620B3144EEE
:10CF00003068FAF3EDF3099B074623B930682146F0
:10CF10004A46FBF387F13068FAF35CF5012383405E
:10CF2000089AEB60AA600B4AC5F804801168156086
:10CF3000094A2960116830680B4313603946FBF3D6
:10CF40007FF10020BDE8F8836FF01A00BDE8F88398
:10CF5000000400003C0400001004000013B5002190
:10CF60000446FBF36DF1174B1860174B00F570602A
:10CF700018606369222B12DDE36958060FD540F66D
:10CF8000270100222046FAF311F501462046FBF363
:10CF900057F10E4B002118602046FBF351F10020A1
:10CFA0004FF4006102460A4B00900190FFF79CFF8E
:10CFB00028B1012002B0BDE81040F4F377B602B00A
:10CFC00010BD00BF24040000946001003404000080
:10CFD000E9B1800073B5374B374C0193374B0021D3
:10CFE000202220461D682669F0F3A6F20123236063
:10CFF000334B26611B68E36145F8044C00F048FCA4
:10D00000ADF5FE513C390A462E48FFF78BFEF4F38E
:10D010003DF3F4F3A5F700F073F8FFF721FE0020CD
:10D0200006F0D4FD284D294C286007F00FFA206047
:10D03000FFF794FFFFF7AEFE206800F029FB2068A1
:10D0400006F0E8FD224B20681A6802F580321A606B
:10D05000204B1A6802F580321A601F4B1A6802F5DD
:10D0600080321A6000F0C0F800221C481C49F5F319
:10D07000E7F002221B481C49F5F3E2F000221B48AE
:10D080001B49F5F3DDF000221A491B48F5F3D8F0EF
:10D090002068FFF715FE2068FFF718FE2068FFF7ED
:10D0A00029FE286840F28F11FFF786FEFFF7B8FED1
:10D0B00020687CBDADDEADDE70600100945C0100D7
:10D0C000906001008C6A03002C0400000004000042
:10D0D000F403000014040000046001008DDA8900EC
:10D0E000891900001385890041B48000943B010038
:10D0F00091B680001DB28000973B01007047000090
:10D1000070B5174D2C682CBBB0202146EAF704FD02
:10D11000286010B32146B022F0F30EF24FF4806085
:10D1200021462E68EAF7F8FCB060286886681EB9C8
:10D13000EAF77AFD2E600DE04FF48062C26021466E
:10D140003046F0F3F9F12B68064A20461360064A90
:10D15000536170BD4FF0FF3070BD4FF0FF3070BDB8
:10D16000A8600100500400007060010070B5184C08
:10D170000546236833B9174E33680BB9FFF7C0FF74
:10D1800033682360206808B300230360C0F89C3034
:10D190004360012380F8A4306B6C0E3B012B03D954
:10D1A00028460D49FFF7C0FC0C4B9A6812B1226863
:10D1B000C2F89C3020680123C0F89C30F5F31EF0C3
:10D1C000074808492268F5F33BF0206870BD00BFAE
:10D1D00050040000A8600100716C0100986001001B
:10D1E000242B870011BE800010B5002304461022B6
:10D1F0000A49FFF7F9FC00212046FAF365F70022FF
:10D2000020464FF4A051EDF76DFF054B002220465C
:10D210009A60BDE81040FFF7A9BF00BFE5BC8000E1
:10D220009860010038B504460D4651B11020F5F361
:10D230009FF1044B186020B180E830004FF4F06398
:10D24000836038BDAC600100134B02461B68006868
:10D2500010B500F47041DC1E090B042C08D800F452
:10D260007060000A0E30012313FA00F0484310BD2D
:10D27000072B0CD8002010BD43F480741461146C8B
:10D28000013304F07F0401346403001901E000233A
:10D2900018468B42F0D110BD50140000036840685E
:10D2A000181823F00703083398428CBF0020012090
:10D2B00070470000044B054A186890421ABF00F1FD
:10D2C00008021A6000207047A05C010000100000F6
:10D2D0002DE9F34190E8480023F00704083413F0E7
:10D2E000070202D19D19AC424AD03546806800221F
:10D2F00003E0875C0DF802700132B242F9D19E184A
:10D30000A64204D900293DD0361B951B00E000261B
:10D3100023F00707C7EB030C002204E012F8078094
:10D3200000F8028001326245F8D18218002003E043
:10D330001DF8007017540130A842F9D15B19521939
:10D34000E71A002004E013F800C002F800C0013022
:10D35000B842F8D1002E18DD00AB5D190023EA5C5D
:10D36000CA540133B342FAD1C918E4180022C3F1F8
:10D37000080302E0A05C885401329A42FAD104E02A
:10D38000104603E04FF0FF3000E00020BDE8FC81D4
:10D390002DE9F0471C4B1D4C0026C4EB03081C4B29
:10D3A0004FEAA80803FB08F8474629E02368D4F8A9
:10D3B00008A023F0070900251AF8052015F8093000
:10D3C0009A4202D00120F4F371F40135082DF3D113
:10D3D0002046FFF763FF88B90E4B054603EBC70AEB
:10D3E000013705EB09031AF805201B7A9A4202D08F
:10D3F0000120F4F35BF40135082DF2D101360C3431
:10D400004645D3DBBDE8F087901300000010000014
:10D41000ABAAAAAA00080000144B2DE9F0471B682C
:10D42000134D9B68134F03F00F097F1B0123124A12
:10D4300003FA09F9BB1002FB03F80026444606E094
:10D440002846FFF72BFF00B9013401360C3546455D
:10D45000F6DB2246BB104FF0553404FB032307488C
:10D460004946BDE8F047F0F38DB000BF4C14000012
:10D470000010000090130000ABAAAAAAA93B01006B
:10D4800041F4003138B5426304460163652502E08A
:10D490000A20F4F355F5236B002B01DB013DF7D196
:10D4A00038BD836A43F0004383627047836A23F088
:10D4B000004383627047F8B58668054601240F462D
:10D4C00006F00F06FFF7F2FF14FA06F6AC62EF6201
:10D4D000002405E0A1B228460022FFF7D1FF013465
:10D4E000B442F7DBF8BD00002DE9F041FFF7E2FEA2
:10D4F000194E1A4BDFF87080194FF61A194BC8EB0A
:10D500000707002814BF05461D4604465D1BFFF7AC
:10D5100083FF47B1002140463A46F0F30DF0404604
:10D520003946F4F383F146B100210C483246F0F35A
:10D5300003F00A483146F4F379F155B10021204651
:10D540002A46EFF3F9F720462946BDE8F041F4F307
:10D550006DB1BDE8F08100BF901300000010000025
:10D560000008000000100000C5040000424B2DE937
:10D57000F74F1D6841492846FFF79DFF404A414B40
:10D58000A968D31A404A9B105A43019271D00120D6
:10D5900001F00F0110FA01F18A4201DDF4F386F384
:10D5A0002846FFF751FE394BA0F1040B1A68994643
:10D5B0000E2A01D8861000E001264FF00008314CF9
:10D5C0004CE06368013B072B01D8A36813B9012025
:10D5D000F4F36CF32046FFF761FE38B9FFF76AFEFB
:10D5E000074620B90120F4F361F300E0002720464C
:10D5F0003946FFF76DFE10B10120F4F357F3DFF861
:10D600007CA0A1682268D9F80030CAEB010122F0A1
:10D610000702C9100E2B96BF02EA0B02324346EAFC
:10D62000920289B22846FFF72BFFA7B12268D9F8EA
:10D63000003022F00702CAEB07010832C9100E2B96
:10D6400098BF02EA0B0289B28CBF324346EA9202CB
:10D650002846FFF715FF08F101080C34019B984597
:10D66000AFDB2846FFF71DFF03B0BDE8F04FFFF723
:10D670008FBE03B0BDE8F08F4C140000000800001E
:10D680009013000000100000ABAAAAAA50140000DA
:10D690002DE9F7430446FAF38BF4204600F008FA2C
:10D6A0006B48EAF71DF92046F2F334F600F578707E
:10D6B0004FF47A730730674FB0FBF3F038602046C1
:10D6C000F2F328F6644B654AC3186169B3FBF2F3C1
:10D6D000634A22291360634E634D04DDE3695806F3
:10D6E00001D5336800E02B6803F5C2630433D3F837
:10D6F00000E030682B68222905DDE269520602D578
:10D7000000F5C26201E003F5C26204321268964578
:10D71000F1D0222905DDE269520602D500F5C26387
:10D7200001E003F5C2630433D3F80080EAF7B8F8E8
:10D730003168814660692A681025222805DDE36981
:10D740005B0602D501F5C26301E002F5C263043352
:10D750001B689845F1D0222805DDE3695E0602D5F5
:10D7600001F5C26301E002F5C2630433013DD3F861
:10D770000080E2D1EAF794F83A68C9EB0006B2FA01
:10D7800082F39A40191FB2FBF6F2384B01321A604D
:10D790004FF47A73A2FB03233548CA400160C1F1FC
:10D7A000200113FA01F08018ECF742FB39680423DA
:10D7B0000FE0B5FA85F2B6FA86F0013A8242A8BFC8
:10D7C0000246964095409B18B6FBF1F201FB1266AB
:10D7D000551915F0404FECD0264A1360264B40F205
:10D7E000FF321D60236A002B244BC8BF6FF07F42BD
:10D7F0001A606369222B0CDDE369580609D5002005
:10D8000040F6270102461E4B00900190FFF76CFB8B
:10D8100005E020461A4920220023FFF7E5F9002001
:10D820001849F0F301F5184D286078B10120F4F3A0
:10D830006DF220462D68F2F36DF5B5FBF0F04FF474
:10D840007A754543114BA5F5FA651D60BDE8FE8369
:10D85000E91E0000A45C01003F420F0040420F009F
:10D86000B40300003404000024040000A8030000F6
:10D87000AC030000A4030000A0030000B0030000FC
:10D8800019B980008C850200840400008004000027
:10D890000D4B00211A6842F010021A601A6822F437
:10D8A00000721A60094A136843F0807343F48033AE
:10D8B0001360074B07221A6043F8041C59685A602A
:10D8C000044B20221A60704714ED00E0FCED00E0EC
:10D8D000241000E000E400E070B504460E46FAF3C0
:10D8E00067F32046F9F3FCF60546EAF75BFD40F6E0
:10D8F0002A0102462046FAF395F48269436926B16B
:10D9000042F0004243F0004303E022F0004223F0E3
:10D9100000438261294643612046BDE87040FAF326
:10D920008FB42DE9F84304461E4690460D46FAF39F
:10D930003FF32046F9F3D4F64146324607462046E7
:10D94000FAF370F42046FAF345F00646EAF72AFDAA
:10D9500040F62A0102462046FAF364F44FF001082B
:10D96000814685B108FA06F5836933EA050502D1D7
:10D970004046E9F787FF01360120B040E9F774FF20
:10D98000C9F818500EE0701C08FA06F608FA00F004
:10D99000E9F778FF4046E9F767FFD9F818301E43EA
:10D9A000C9F8186020463946BDE8F843FAF348B490
:10D9B000034630B1002000E01046421C5B08FBD15A
:10D9C000704770470346032B10B510460C461DD810
:10D9D000FAB1022B0BD0032B14D0012B03D0FFF78D
:10D9E000E7FF0D4B06E0FFF7E3FF0C4B02E0FFF70C
:10D9F000DFFF0B4B186043F8044C5A6804225A604E
:10DA0000002010BDFFF7D4FF064BF3E76FF00100D5
:10DA100010BD6FF0010010BD241000E0341000E0D4
:10DA2000441000E0541000E050B1431E034207D000
:10DA3000002300E013465A1C4008FBD10120984007
:10DA40007047000070B5EAF7E3F90446EAF7DAF93F
:10DA5000164E241826F4FE4626F0FF0606F500466C
:10DA6000A41B1ED00125B4F5004F0FD32846314624
:10DA70004FF40042FFF7A6FFB0B90135EDB2042D17
:10DA8000A4F5004406F50046EDD170BD20465CB11A
:10DA9000FFF7CAFF314602462846BDE87040FFF74F
:10DAA00091BF4FF0FF3070BD70BD00BF8C6A0300A6
:10DAB0002DE9F8430446FAF37BF2204640F60E01C6
:10DAC0000022FAF3AFF30546002838D02046FAF3D7
:10DAD0006BF2014618B920460A46F9F3F5F52046DF
:10DAE0002F68D5F80080F9F303F60428064605D818
:10DAF00025D108F4E028B8F5403F20D10020504956
:10DB0000F0F392F3D8B907F0F0073F090FE0013FB7
:10DB1000072E2F6108D90C2E06D02B6C03F440631E
:10DB2000B3F5406F00D010B1464B01206B61002F60
:10DB3000EDD1D5F8E83123F01003C5F8E831EAF764
:10DB400031FC40F62A0102462046FAF36BF33E4DC3
:10DB500006462860EAF726FC314602463B48EFF3CA
:10DB600011F52046F9F3C4F5394B18602B681A6893
:10DB700042F080721A601A6842F002021A600022B3
:10DB8000C3F8E0216269272A05DDD3F8E02142F0DD
:10DB90004002C3F8E02140F2DD5602E00A20F4F32F
:10DBA000CFF12B68D3F8E0319B0301D4013EF5D1CE
:10DBB00000210B4620464FF40062FFF7B2FE002121
:10DBC0000B46204640F61202FFF7ABFE00210B4643
:10DBD000204640F62902FFF7A4FE20460121FFF768
:10DBE0007BFE00201B49F0F31FF300B32046F9F33E
:10DBF00077F50646EAF7D6FB40F62A0102462046AC
:10DC0000FAF310F3D0F814900746D0F89880204625
:10DC1000F9F366F50123834043EA09037B6148F089
:10DC20000103C7F8983020463146FAF309F32B6810
:10DC30001A6A42F003021A62BDE8F843FFF702BF16
:10DC400097850200FF7F0121B0600100BB3C01000D
:10DC5000B8600100A28502000721C0F8A41140218C
:10DC6000C0F8A8114FF4F061C0F8C8111821C0F82D
:10DC7000CC1108210122C0F8D01106210A23C0F8D6
:10DC80009C21C0F8B021C0F8DC11C8221C21C0F8CA
:10DC90009831C0F8B42120231022C0F8E0110C21E3
:10DCA000C0F8A031C0F8BC31C0F8C031C0F8C42100
:10DCB000C0F8D431C0F8E4110323C0F8E8210421EE
:10DCC000C0F8F0210022C0F8D831C0F8EC11C0F83B
:10DCD000F421C0F8FC21C0F80032704741F2E4435F
:10DCE000984206D144F2F4300B1A584240EB03003C
:10DCF000704700207047D0F81C1238B5044659B15F
:10DD0000806804F0D0FB0546D4F81C02F4F33CF420
:10DD10000023C4F81C3200E00D46284638BD7FB50C
:10DD20000446062384200393F4F31CF4C4F81C0275
:10DD3000B8B100218422EFF3FFF300251C23A06873
:10DD4000D4F81C1203AA0095019504F061FB064665
:10DD5000013008D1D4F81C02F4F316F4C4F81C52B4
:10DD600001E04FF0FF36304604B070BD2DE9F041C0
:10DD700004460D461646984640F2E93702E00A206E
:10DD8000F4F3DEF063691A6D002A04DA013FF6D17C
:10DD90003846BDE8F081069A46443602B2F1807FEB
:10DDA00046F0004603D12A7842F08072B6181E650C
:10DDB00040F2E93602E00A20F4F3C2F063691B6D19
:10DDC000002B03DB2B700120BDE8F081013EF2D176
:10DDD0003046BDE8F08100002DE9F0438BB01D46D0
:10DDE000DDF848909F4B0846C3F80090114617464F
:10DDF000FFF774FF002800F030814FF40B70F4F34C
:10DE0000B1F30446002800F0298100214FF40B7281
:10DE1000EFF392F3A560C4F814902046FFF71CFFBF
:10DE2000914B1E68C4F818621EB13678003618BFD0
:10DE3000012604F12808404602214122F0F382F431
:10DE40000023009301930293384629464A46139BC8
:10DE500006F024FBE060002800F0FA80F9F338F4C3
:10DE60002060E068F9F344F46769804A7B68804980
:10DE700003F0010383F00103D4F800C0002B18BFA6
:10DE8000114684F87A3140F629039C456060D4F845
:10DE900008E0E26807F5007303D110B107F50877D1
:10DEA00001E007F504770097D4F8BC010190D4F89D
:10DEB000C0010290D4F8C80103904FF0FF300490E5
:10DEC000D4F8C40105900820069000200790704601
:10DED00004F04EFC6062002800F0BA80D4F81812FA
:10DEE000644FB9B10B78ABB1D7F8B03098476249FD
:10DEF0002246D4F81802F0F32DF3D4F818025F4943
:10DF0000224604F0F1FA2EB12046FFF708FF002860
:10DF100040F09E8002210A46D7F8B830606A9847E0
:10DF200020460021E2682B4600F06EF920610028AF
:10DF300000F08E8000210B462046514AF3F336F55F
:10DF40000023C4F8940184F87D314E48F5F304F0C1
:10DF500010B3EFF347F5012383404B48C4F88431F5
:10DF6000F4F3FAF710B1EFF33DF508B1D4F88401FA
:10DF7000C4F8880145490020F0F356F1030CA4F8D9
:10DF80008C31A4F88E013BB100212046404A0B465B
:10DF9000F3F30CF5C4F8900100203E49F0F344F18E
:10DFA000012808BF84F822022046F6F391F40028E5
:10DFB00035D000200125C4F8A40184F82A5236493E
:10DFC000F0F332F120B184F805523448EFF3DAF27D
:10DFD00000203349F0F328F1C0B28DF8260068B173
:10DFE00000F00F004FF080730AA901F8020D4FF402
:10DFF0004072009320460F23FFF7B8FE0AA90823BA
:10E0000001F8013D636900221D6F1A674FF08073AC
:10E0100000932046F023FFF7A9FE63691D6721499D
:10E0200022462148F4F30CF12048F3F3ABF7204BE0
:10E0300004F58472511C1A600332DA60D4F8F020BF
:10E04000596004F585719960C3F810805A6105E044
:10E050002046F4F399F2002400E0044620460BB079
:10E06000BDE8F0838804000044040000B985020084
:10E07000CB85020010A7880051E78000CDE7800023
:10E0800091F08000E08502000A860200028602000C
:10E09000EDE68000D5850200C1850200E985020019
:10E0A000AD85020095E68000E03C0100F9E28000C9
:10E0B000BC60010038B50025044680F8795100693C
:10E0C00000F0DEF82046F6F3F5F5E0682946F9F3AE
:10E0D000F9F2D4F8940128B1F3F3ECF3D4F89401F5
:10E0E000F3F312F4D4F8900128B1F3F3E3F3D4F886
:10E0F0009001F3F309F4E06805F078FFD4F81C32DE
:10E1000023B11B7813B12046FFF7F5FD2046BDE88B
:10E110003840F4F339B210B58469A068FFF7CAFF3C
:10E12000E06805F061FD002010BD000010B58469B5
:10E130000021342204F11C00EFF3FEF1034BA06830
:10E1400063622462F6F32AF3002010BD91F680008A
:10E150002DE9F347274D99462B680646072B0F46B6
:10E16000924640DC05F032FD80465020F4F3FAF18F
:10E17000044600283AD000215022EFF3DDF12B684D
:10E18000A4F8149084E848002761C4F80C80204665
:10E1900041F2E4414A4643468DE88004FFF71CFE05
:10E1A000A06010B300200A990B9A134B8DE840042D
:10E1B000FEF79AFE074618B1A068FFF77BFF12E052
:10E1C000A068F6F367F12B68A0610F210B4A304677
:10E1D000EFF318F2F7730A483146EFF3D3F12B68E7
:10E1E00001332B6002E0002400E004462046BDE835
:10E1F000FC8700BFD4600100C1F6800033860200B6
:10E2000013860200F4F3C0B12DE9F0411B4F98468C
:10E210003B780546072B144626D85420F4F3A2F188
:10E22000064610B300215422EFF386F13B7800221A
:10E2300086F8443001333B700123B46086E8200146
:10E24000A6F84C20A6F85020A6F84E20A6F852209A
:10E25000B3640420F4F386F10446306440B1002135
:10E260000422EFF369F100E000263046BDE8F081BA
:10E270003046F4F389F12646F7E700BFD860010085
:10E28000C26B1AB100235362826B5362C068FFF7FE
:10E29000B9BF0000054A064BD17E1970117F597035
:10E2A000517F9970927FDA70704700BF8C6A0300CB
:10E2B000906001002DE9F04F8FB0E9F7A9FD474EBE
:10E2C000474D3368049005932B68B3F5805F00F2E7
:10E2D0008180444F44493868EFF3A6F701287AD08B
:10E2E0002B68DFF81C910393D9F8003000240693C3
:10E2F000DFF810812368DFF810A10793D8F8003009
:10E30000DFF808B10893DAF80030384A0993DBF8EF
:10E310000030D7F800C00A93354B126819680C9288
:10E320000B913449301D0968039A0D916146CDF86F
:10E3300008C00193EFF37CF021462A683868EFF3B8
:10E34000FBF02D4A019BCAF800202849294A04986D
:10E350001C6014600C604FF0FF32311A3C60C9F849
:10E3600000402C60C8F80040CBF80040EFF38CF779
:10E370000599019BCA439042DDF808C029D1039A50
:10E3800006992A60C9F8001021681C4AC7F800C025
:10E390001160079A08992260099AC8F80010CAF813
:10E3A00000200A990B9ACBF800101A600F490C9BB9
:10E3B000039A0B600D9B0F4960460B60311DEFF314
:10E3C00037F02A68301D21460FB0BDE8F04FEFF35B
:10E3D000B3B0FEE7FEE70FB0BDE8F08F8C6A030034
:10E3E0009C5C0100985C0100828602004C140000D5
:10E3F0004814000050140000DDBAADBB3814000012
:10E40000945C010044140000341400004014000027
:10E4100070470000774B2DE9F04F1B6891B0043B2B
:10E42000012B03D8744B1868FFF7F2FFFEF7D2FDFB
:10E4300000210446F9F334F720460021F9F300F7F0
:10E44000054658B12046F9F3B3F52B6A002B05DADF
:10E450002046F9F3ADF54FF000432B62E9F7CBFF0F
:10E460002046F9F3CBF00EA90822EFF3F1F20246B1
:10E470002046D4F840B00B92F9F38CF08246204647
:10E48000F9F388F081462046F9F384F0804620466F
:10E49000F9F3EEF007462046F9F3EAF00646204687
:10E4A000F9F3E6F005462046F1F334F7014620463D
:10E4B0000C91F1F32FF784462046CDF834C0F1F3E8
:10E4C00029F70B9A0C99DDF834C0029208F54248FE
:10E4D0004A4A05F5424500F542400AF5424A09F527
:10E4E000424908F5A87807F5424706F5424605F582
:10E4F000A87501F542410CF5424C00F5A870B8FB37
:10E50000F2F8B5FBF2F50CF5A87CB0FBF2F00AF5D9
:10E51000A87A09F5A87907F5A87706F5A87601F590
:10E52000A871B1FBF2F1DFF8F8E0BAFBF2FA02FBF6
:10E530001899B7FBF2F702FB156602FB10C2CDF883
:10E5400004E0DFF8E0E02E4BB2FBFEF2B9FBFEF98F
:10E55000B6FBFEF6089109922A492B4A2B480093F4
:10E56000CDF80CB0CDF810A0CDF814900697079612
:10E57000EFF308F0264840F60D0144F2F432FEF7BE
:10E5800085FC38B1224840F6290144F2F432FEF706
:10E590007DFC20B91F4A204B1D4D1A6000E000256C
:10E5A000204605F01BFE44F218334FF6FF729042EE
:10E5B00014BF02461A4640F612011848FEF766FCE0
:10E5C0001649002818BF00214DB141B1124B284611
:10E5D0001B685B6898472B6928465B68984720460C
:10E5E000F9F3E6F42946FEF71DFE204611B0BDE81A
:10E5F000F08F00BF501400004C14000040420F0088
:10E600007D8602003F8602007E860200448602006C
:10E61000A85C0100D45C01008C040000945D010042
:10E6200040390100A0860100084670472DE9F04FEF
:10E63000D1F8FC3091B00B9303F560630446099365
:10E6400071E10E22002320460BA9E8F3DBF50F2829
:10E650000746204602D1E8F373F56CE100220BA9CE
:10E660001346E8F3CFF510F00E0F40F061818B4EAA
:10E670003A0D3E4040F23B43360A00F4F8789A42A5
:10E6800008924FEA181804D140F6FF739E4200F03A
:10E690004A8100F478534FEA532B002B00F043815A
:10E6A00000F4F82A00F47803DB0C4FEA9A3A13EBF3
:10E6B0000A02079325D140F267339E4214D10CAB76
:10E6C00001930DAB02930EAB03930FAB0493204663
:10E6D0000BA913460092E8F335F5002800F02381DA
:10E6E0000C9BC4F858331EE140F2DC539E4208D024
:10E6F00040F20B539E4204D040F627039E4240F066
:10E700001281D4F8D050314605F1B60344F8237095
:10E7100005F1C60344F823002046FFF785FF04EB0C
:10E720008503C3F8D40000270BE0012220460BA983
:10E730001346E8F367F500F00E00022840F0F88079
:10E7400001374745F1D10CAB01930DAB02930EABF2
:10E75000002703930FAB049320460BA93A463B4690
:10E760000097E8F3EFF420B1B94627E04FF0010934
:10E7700000E08146402300930CAB01930DAB029364
:10E780000EAB039300220FAB049320460BA9134654
:10E79000E8F3D8F40028E9D1B9F1010F0ED00D9BB0
:10E7A000002B40F0C5800F9B002B40F0C1800E9ADB
:10E7B000B2F5805F40F0BC809946DBE70C9A04EB31
:10E7C0008503C3F814210E9A0127C3F8D4210CAB9A
:10E7D00001930DAB02930EAB03930FAB0022049396
:10E7E00020460BA93B460092E8F3ACF460B1012F40
:10E7F0000AD10E9BB3F5805F06D10C9904EB85021C
:10E80000C2F89411C2F8143201370028DFD137461C
:10E810004FF001082E4617E00025002300930CABB3
:10E8200001930DAB02930EAB03930FAB0493204601
:10E830000BA942462B46E8F385F408B10135ECE715
:10E84000002D75D008F10108D845E5D135463E4682
:10E8500000271FE0C02300930CAB01930DAB029384
:10E860000EAB03930FAB049320460BA93A4600234B
:10E87000E8F368F400285BD00F9B002B58D10E9B67
:10E88000B3F5805F54D127B90C9A05F1A60344F87B
:10E89000232001375745DDD1002739E000FF0F0065
:10E8A000802300930CAB01930DAB02930EAB03934B
:10E8B0000FABBBF1010F0CBF3A467A1C0493204604
:10E8C00000230BA9E8F33EF4089A40F23B439A4236
:10E8D0000DD140F235139E4209D1D4F870330C9912
:10E8E00004EB83020133C2F87413C4F87033F8B137
:10E8F0000F9BEBB90E9BB3F5805F19D1BAF1000FF6
:10E9000005D127B90C9A05F1A60344F82320013755
:10E91000079B9F42C4D1B9F1000F04D1D4F8D03085
:10E920000133C4F8D0300B9B099A9342FFF489AEAF
:10E930000023C4F8D03011B0BDE8F08F10B5D0F886
:10E940007023002306E0D0F870134FF44C74C1F824
:10E950000049013304309342F5D110BD2DE9F8434D
:10E9600000270446154699460E46B84609E030464B
:10E9700000210422EEF3E0F50137C6F80080B0462E
:10E9800076194F45F3DBC4F80080BDE8F88370B515
:10E990000D460446D8B1D1B10E68C6B1B389CBB922
:10E9A000738A03F00303012B03D1F06908B1F3F379
:10E9B000EBF5738A201D23F0040373823146EDF3D7
:10E9C00061F723890020013B2381286070BD6FF02F
:10E9D000010070BD6FF00F0070BD2DE9F74F0C9F67
:10E9E000019116469A46DDF834B0BDF838900546D8
:10E9F000002857D00F9B002B54D0002952D0002A5A
:10EA000050D0BBF1000F4DD09BF80030002B49D007
:10EA100000F104084046EDF341F70446002844D0D5
:10EA2000B9F1010F0BD157B906FB0AF0F3F39AF5D0
:10EA3000074638B940462146EDF324F735E04FF05C
:10EA4000000800E08046002124222046EEF374F501
:10EA5000019B0822A360638A204623F0030349EA4E
:10EA6000030343F0040363825946EEF33DF60023AB
:10EA7000B9F1010FE3710CD1A4F814A0C4F81C8003
:10EA8000A66104F12000394632465346FFF766FF7F
:10EA900001E0EB6863612B89002001332B810F9B20
:10EAA0001C6004E06FF0010001E06FF01A00BDE8A7
:10EAB000FE8F2DE9F84307460E461546002A2DD055
:10EAC00000282BD0002929DD1020F3F34BF5044654
:10EAD00040B300211022EEF32FF5E760242707FB57
:10EAE00006F966814846F3F33DF5804630B9204685
:10EAF000F3F34AF56FF01A00BDE8F88300214A46A7
:10EB0000EEF31AF5204640F8048B41463A46334668
:10EB1000FFF724FF2C600020BDE8F8836FF00100B0
:10EB2000BDE8F8836FF01A00BDE8F88370B50646BB
:10EB300060B1046854B125895DB92068F3F324F508
:10EB40002046F3F321F53560284670BD6FF00100D3
:10EB500070BD6FF00F0070BDFFF719BF1FB5002427
:10EB6000019203930A46234600940294FFF735FF6F
:10EB700004B010BDFFF70BBF51B1032902D8042325
:10EB8000136003E0033121F003011160002070479E
:10EB90006FF0010070472DE9F04186B005460C4644
:10EBA0001E46DDF83080174612B31BB1B8F1000FD6
:10EBB00003D11DE0B8F1000F1AD12846214605AA5D
:10EBC000FFF7DAFFB0B92EB1059B7B4398450FD311
:10EBD000B3070DD10D9B28460193012302930E9B91
:10EBE00021460393059A3B460096FFF7F6FE01E0A7
:10EBF0006FF0010006B0BDE8F08110B5044690B199
:10EC0000C36823B1406804F10C01FFF7A5FFA368B6
:10EC100023B1606804F10801FFF79EFF2046BDE8BC
:10EC20001040F3F3B1B410BD2DE9FF4107461020A9
:10EC30000D4616469846F3F395F40446F8B10021C4
:10EC40001022EEF379F4124A27606560019204F114
:10EC500008020023029228460C2132460093FFF757
:10EC60009AFF034658B90B4A0090019204F10C0236
:10EC7000029228460C214246FFF78DFF18B120462C
:10EC8000FFF7BBFF0024204604B0BDE8F08100BFC1
:10EC90009086020088860200FFF7AFBF8069704748
:10ECA000008A400070470000808ACB69B2FBF0F315
:10ECB00000FB1322D2B242F000421B0642EA134389
:10ECC0008B61002300E001338869094A002802DAD9
:10ECD0009342F8D106E0934204D0C30005D4C0F3B8
:10ECE000407070474FF6FF7070474FF6FF707047E7
:10ECF0008096980010B58468002364694B61302CBD
:10ED0000C4BFD1F8F43003F47E03C1F8F430BDE899
:10ED10001040FFF7C9BF2DE9F041002480460F469F
:10ED20001601254640463946AA19FFF7E3FF4FF67C
:10ED3000FF73984206D0A84001350443102DA4B2B9
:10ED4000F0D100E004462046BDE8F081BF230B80EF
:10ED5000FF2313807047013906291DD8DFE801F031
:10ED6000040A1C1C101C17002023438240238382AA
:10ED7000802310E04023438283824FF480730AE0B3
:10ED800060234382402383824FF4C07303E0102347
:10ED900043824023838203820020704701390A297D
:10EDA00019D8DFE801F006080A0C0E181018181818
:10EDB000130040230CE060230AE0802308E0A02336
:10EDC00006E0C02304E04FF4807301E04FF4C07309
:10EDD000438220238382838A428A53431B11038206
:10EDE000002070476FF01600704770B50446058A22
:10EDF0008068F8F375F400210646A068F9F320F264
:10EE0000A2685369222B05DDC36C9B059B0D07335C
:10EE1000DB08A38510463146F9F312F2A38D6D008D
:10EE2000E81A023870BD70B5044680680D46164673
:10EE3000F9F394F030B1204629463246BDE87040DF
:10EE4000FFF769BF06F5806635F8160080B270BD21
:10EE5000F8B50446806816460F46F8F341F40021E1
:10EE60000546A068F9F3ECF13A4601462046FFF763
:10EE7000DAFF29463080A068F9F3E2F10020F8BDFE
:10EE800001392DE9F84F044691461E460E2971D8E6
:10EE9000DFE801F0081870287070703470707070BE
:10EEA00070703B0090F82E20838B0AB1C58C00E077
:10EEB000C58BED1AA369D9052ED53368AB4233D380
:10EEC000A78B36E090F82E20038C0AB1C58C00E0A9
:10EED000458CED1AA3699A051ED53368AB4223D33E
:10EEE000278C26E083694FF0020513F4806F13D05E
:10EEF0003368012B18D9876A02371AE0878CC58CD2
:10EF00008369ED1B13F4006F05E0878BC58C836963
:10EF1000ED1B13F4407F04D135606FF01D00BDE898
:10EF2000F88F3368AB4204D235606FF00D00BDE856
:10EF3000F88FA068F8F3D4F300218346A068F9F3B2
:10EF40007FF14FF00008824609E008EB07022046F7
:10EF50005146FFF768FF08F1010829F8020BA845A0
:10EF6000F3D1A0685946F9F36BF1C6F80080002090
:10EF7000BDE8F88F6FF00100BDE8F88F73B500238E
:10EF8000ADF80430ADF80630836804465B690D4681
:10EF9000272B05DDCB691B051B0D1B11043B06E070
:10EFA0001B2B06D84FF492629A4002D50C23836241
:10EFB0000EE0242B01D0272B04D1238A7F2B05D8E8
:10EFC0000C2304E0172B01D0182B01DD1423A362BE
:10EFD000EB6903F4E023B3F5803F0ED04FF0044318
:10EFE000AB61002300E00133AA69002A2E4A02DA4D
:10EFF0009342F8D157E0934255D02B69A26AA3619E
:10F00000033220462946FFF70EFF284BA26900096C
:10F0100003401343A36103F440730022B3F5407F20
:10F0200084F82E2002D1012384F82E30A36A0DF13A
:10F0300006020433A383238A2046E383E38401A9E1
:10F04000FFF784FEBDF80620BDF80430D61AB6B22C
:10F0500016B1E3836384A284A369DB050AD5204645
:10F060002946A26AFFF7DFFE000980B200B1E08303
:10F07000E38B00E0A38B2384AEB92046FFF7B5FEF7
:10F08000A36900EBD07040106084980509D5A26A8E
:10F09000204629460132FFF7C6FE00096084A0849D
:10F0A00001E0238CA3847CBD8096980000FFFF00C4
:10F0B000F8B543690546152B01D0162B3CDD2846D3
:10F0C000F8F340F70646002836D12846F8F33CF717
:10F0D000002833D02846F8F303F331460746284684
:10F0E000F9F3AEF00646EAF7FDF86B690446302BFB
:10F0F00004DDF16901F47041090B03E0A96901F431
:10F100006011C90C91B1F36903F4E0231B0C012BCE
:10F1100003D12046FFF742FE03E013B92046FFF774
:10F120001AFE20463146FFF729FF00E00C4628462C
:10F130003946F9F385F002E0002400E00446204659
:10F14000F8BD08B54368DB68984708BD08B5436853
:10F150001B68984708BD73B5002604460196EAF778
:10F16000C1F84C2231460546EEF3E6F16369152BF2
:10F170002B6001D0162B02D9EAF7B8F868606B68EB
:10F18000D3B1AC602046F8F313F7E8602046F8F3FB
:10F19000DBF6064620B92046012101AAF8F30AF75A
:10F1A0006B6820461B699847054636B920463146AC
:10F1B00001AAF8F3FFF600E01D4628467CBD2DE9C4
:10F1C000F7439946002304460F4690460193F8F30F
:10F1D000BBF6054620B92046012101AAF8F3EAF65C
:10F1E0002046F8F3B1F678B12046F8F3ABF658B9FB
:10F1F0002046FFF7B0FF50B1436839465E6942468A
:10F200004B46B047064604E06FF0180601E04FF0A9
:10F21000FF3625B92046294601AAF8F3CBF6304639
:10F22000BDE8FE8382604160016070472DE9F041D6
:10F23000541A012C0F461E46069D0EDD2046F3F3A0
:10F2400091F1804670B139462246EEF3F1F0C6F8EE
:10F25000008000202C60BDE8F0810020186028604C
:10F26000BDE8F0816FF01A00BDE8F0810EB4F3B58F
:10F2700081680446012945D908AB4068079A019383
:10F28000EEF3A8F2431C064603D0A368023B984263
:10F2900002DD0020A06036E060683D21EEF3CAF197
:10F2A00040B367682568C71B21E028463A46EEF35D
:10F2B000ABF0B0B9EB5D3D2B13D12846EEF3E8F18E
:10F2C0006268471C731CDB1B521BE919D2182846C5
:10F2D000EEF30EF16368DB1B6360A368DF19A760C0
:10F2E00008E02B4613F8012B1D46002AFAD161686D
:10F2F0008D42DAD3A368701C1B1AA36063681B18C5
:10F30000636000E00020BDE8FC4003B070470000EF
:10F310002DE9F04FBBB01A9019911B921893002B56
:10F3200002F01C874FF48050F3F31CF11290002878
:10F3300002F0148737A812994FF48052FFF772FF3A
:10F3400000214FF480521298EEF3F6F0189A1168EB
:10F35000D9B10B78CBB1449A1368022B03D814E0CF
:10F36000013A026000E0449802688B1813F8014CDF
:10F370001CB913F8023C002BF2D01298EEF358F0AF
:10F380004499389A0B68D318389300238DF89C3031
:10F390004FF0FF321593139301231192169302F04D
:10F3A000A8BE1999012251F8046B002319911792F4
:10F3B0001493179949B1F25C5F1C1092013AD2B2D2
:10F3C000FD2A0FD8F55D9F1C0DE0F15C4A1ED2B2FC
:10F3D000FD2A109103D880220D46109200E0179D5F
:10F3E0005F1C00E000257B19B3F5607F82F27E860A
:10F3F000109B202B28D005D8152B0BD01B2B42F0AF
:10F40000708664E01099222935D030D3802942F0EB
:10F41000688667E0F3195A78F35D1202D318072B58
:10F4200012DDBC1C34192246E14937A8FFF71EFF44
:10F430002046EEF32DF1FA1C1218DE4937A8B21857
:10F44000FFF714FF02F04DBEF4196278F35D12026B
:10F45000D21837A8D849FFF709FFE378A2781B0232
:10F4600037A8D6499A18FFF701FF02F03ABEF25DBD
:10F47000149202F036BE149B0C2B02F02D869DF8E0
:10F480009C30002B42F02D86F35D042B42F0298640
:10F4900007F1020806EB08042046EEF3B9F600284F
:10F4A00042F01F8616F80830DB0702F11A8627A9FA
:10F4B0002046EEF325F31199013142F01286F3193B
:10F4C0009A79DB791202D318119302F00ABEF3196C
:10F4D000DA799B7937A8BA4943EA0222FFF7C6FED8
:10F4E00002F0FFBDF35DF4198F2B02F2FA8501A241
:10F4F00052F823F0399301006B93010055940100F9
:10F5000015990100F19A0100D59801005398010066
:10F51000719801007B940100199B01008D9B0100F3
:10F52000B59B0100C99B010057BC01003B9A01003B
:10F53000BB980100F7970100619C0100A19C0100AC
:10F540004B930100E19C0100EF9C0100119D010023
:10F550001F9D010017930100D992010057BC0100C3
:10F56000FD9401002D9D01001195010057BC010083
:10F5700057BC010057BC0100439D0100879D01005D
:10F580009B9D0100BD9E010081A0010057BC0100B0
:10F5900057BC010025A20100C9920100B9920100E7
:10F5A000A99201009FA30100B3A30100C7A301001A
:10F5B000DBA3010057BC0100E99B0100EF940100AF
:10F5C00057BC010057BC0100ED930100A7A6010044
:10F5D000EFA301006B9D0100799D0100B5A601001C
:10F5E0001DB4010057BC010057BC010057BC01000D
:10F5F00057BC01001D95010047A4010071A4010042
:10F60000B3A40100F1A401002FA501006DA5010024
:10F61000ABA50100E9A50100FDA5010057BC010053
:10F62000C595010057BC010057BC010057BC010043
:10F63000D79701003195010057BC010057BC01006C
:10F6400057BC010057BC010071B4010057BC010058
:10F650000B9801002BA70100FBA7010051A9010095
:10F660003BAA010025AB01005FAB0100E7AB010045
:10F6700035AC010043AD0100CDAE010079AF010012
:10F6800025B001008FB401007B9601003B9701007B
:10F6900071B00100ADB10100B9B20100C5B3010004
:10F6A000D5B40100AFB60100E7B4010005B5010013
:10F6B00023B5010041B5010053B5010065B5010056
:10F6C00077B5010089B50100F3B50100FFB5010070
:10F6D0000BB601002FBC010057BC010057BC010054
:10F6E00057BC010057BC010057BC010057BC0100CA
:10F6F00057BC010057BC010057BC010011A6010016
:10F7000085A6010057BC010057BC010001B70100EC
:10F7100069B70100EFB7010075B80100A1B9010098
:10F72000B3B90100BFB90100E9B90100E1BA0100B4
:10F73000D9BB01004FEA950A5FFA8AFA4FF0000838
:10F7400001F03CB84FEA55095FFA89F94FF000081B
:10F7500001F005B84FEA55095FFA89F94FF0000842
:10F7600000F0EBBF07F1010806EB08042046EEF3BA
:10F770004FF5002842F0B58416F80830D80702F19A
:10F78000B084204627A9EEF3BBF1119B013342F070
:10F79000A884F3195A799B791202D318119302F0B5
:10F7A000A0BCA37862781B029A18119202F099BC4F
:10F7B000DE93020005890200378F0200748A02007E
:10F7C00043920200647837A8A54922461694FFF7B1
:10F7D0004DFD02F086BCE37822791B0443EA026304
:10F7E000627837A81343A2789E4943EA0222FFF7C2
:10F7F0003DFD02F076BCA27863781202D2189A49D5
:10F8000037A8FFF733FD2279E378120237A897492A
:10F81000D218FFF72BFD062D42F26384A27963799B
:10F82000120237A89249D218FFF720FD082D42F2A4
:10F830005884237AE2791B0237A88E499A18FFF779
:10F8400015FD0A2D42F24D8407F10A0807F109045B
:10F8500016F80820335D1202D21837A88649FFF740
:10F8600005FD16F80830325D1B0237A883499A1847
:10F87000FFF7FCFC02F035BC814B0622B5FBF2F22F
:10F880001A704FF00008994624E0434610217D4A43
:10F890001DA8EDF3B7F6434610217B4A2FA8EDF3E0
:10F8A000B1F66378A2781DA943EA022237A8FFF7D0
:10F8B000DDFC6379A2791B0443EA0263E27837A88E
:10F8C000134322792FA943EA0222FFF7CFFC08F164
:10F8D0000108063499F800309845D6DB02F001BCE7
:10F8E000022D06D137A869496278FFF7BFFC02F004
:10F8F000F8BBA37862781B0237A864499A18FFF70F
:10F90000B5FC02F0EEBBA27863781202042D1A4413
:10F9100005D92379E1781B0609045B181A4337A837
:10F920005B49FFF7A3FC062D42F2DB83F3199A79BA
:10F9300059791202082D0A4405D9197ADB7909068A
:10F940001B04C9180A4337A85249FFF78FFC0A2D38
:10F9500042F2C783F3199A7A597A12020C2D0A449B
:10F9600005D9197BDB7A09061B04C9180A4337A895
:10F970004949FFF77BFC02F0B4BB37A847496278DE
:10F98000FFF774FC02F0ADBBA37862781B0237A8C6
:10F990003A499A18FFF76AFC02F0A3BB013500212F
:10F9A000EDB2179102F09DBBA378627837A83C496D
:10F9B00042EA0322FFF75AFC02F093BB94F803A03B
:10F9C00023794FEA0A4A4AEA036A6378B5F1050BDC
:10F9D0004AEA030A48BFA5F1020BA3784FEAAB0B32
:10F9E0004AEA032A5FFA8BFB4FF0000824E0434405
:10F9F0001021244A2FA8EDF305F699F800301021C4
:10FA00004344214A1DA8EDF3FDF552462FA937A81E
:10FA1000FFF72CFCE37822791B0443EA0263627847
:10FA200037A81343A2781DA943EA0222FFF71EFC60
:10FA30000AF1040A08F10108DFF844900434D845BB
:10FA400099F80030D3DB9B4489F800B002F049BB41
:10FA50000B4BEA081A704FF0000899464DE000BFC2
:10FA60002C94020034900200628D02005A9402002D
:10FA70008E8A02008D87020088900200FF8F0200AC
:10FA800028610100003E01000B3E01001F930200AF
:10FA9000D98D0200238A0200348A0200298B0200D9
:10FAA000AF8D020043461021B14A1DA8EDF3AAF51F
:10FAB00043461021AF4A2FA8EDF3A4F5E37822794D
:10FAC0001B0443EA026362781DA91343A27837A896
:10FAD00043EA0222FFF7CAFBE379227A1B0443EAD6
:10FAE0000263627937A81343A2792FA943EA02225D
:10FAF000FFF7BCFB08F10108083499F8003098457D
:10FB0000D0DB02F0EEBA94F803A023794FEA0A4A58
:10FB10004AEA036A6378B5F1050B4AEA030A48BF6B
:10FB200005F1020BA3784FEAEB0B4AEA032A5FFACE
:10FB30008BFB4FF000083BE0434410218C4A2FA878
:10FB4000EDF360F599F80030102143448A4A1DA86E
:10FB5000EDF358F599F8003010214344874A33A853
:10FB6000EDF350F552462FA937A8FFF77FFBE37955
:10FB7000227A1B0443EA0263627933A91343A27910
:10FB800037A843EA0222FFF771FBE37A227B1B04CA
:10FB900043EA0263627A37A81343A27A1DA943EAB3
:10FBA0000222FFF763FB0AF1080A08F10108083492
:10FBB000DFF8CC91D84599F80030BDDB9B4489F83B
:10FBC00000B002F08EBA6E4B0C22B5FBF2F21A7046
:10FBD0004FF0000899463EE043461021644A33A89E
:10FBE000EDF310F543461021634A1DA8EDF30AF525
:10FBF00043461021614A2FA8EDF304F5E3782279FA
:10FC00001B0443EA0263627833A91343A27837A83E
:10FC100043EA0222FFF72AFBE379227A1B0443EA34
:10FC2000026362792FA91343A27937A843EA02221B
:10FC3000FFF71CFBE37A227B1B0443EA0263627A30
:10FC400037A81343A27A1DA943EA0222FFF70EFB4D
:10FC500008F101080C3499F800309845BCDB02F03B
:10FC600040BAE37822791B0443EA0263627837A83A
:10FC70001343A278434943EA0222FFF7F7FA02F05E
:10FC800030BAA378627837A83F4942EA0322FFF7E7
:10FC9000EDFA02F026BA4FF00509B5FBF9F95FFA63
:10FCA00089F94FF0000816E063781021374A2FA831
:10FCB000EDF3A8F4237962791B0443EA0263A27886
:10FCC00037A81343E2782FA943EA0222FFF7CEFABE
:10FCD00008F101080534C845E6DB02F002BA37A88E
:10FCE0002B496278FFF7C2FA022D42F2FA8137A857
:10FCF0002849A278FFF7BAFA02F0F3B9002237A830
:10FD000025496378FFF7B2FA022D42F22D820122D3
:10FD100037A82149A378FFF7A9FA032D02F024821E
:10FD2000022237A81C49E378FFF7A0FA042D02F05D
:10FD3000D681032237A818492379FFF797FA0122C1
:10FD4000139202F0CEB9627837A81249FFF78EFA03
:10FD500037A811490122A378FFF788FA02F0C1B948
:10FD600037A80E496278FFF781FA02F0BAB900BFEE
:10FD7000003E01000B3E0100163E0100223E010044
:10FD80002861010045870200299002002E3E0100F3
:10FD90006A8A0200319102009C8702005A8B02009D
:10FDA000AB1E0E2B02F29D8101A151F823F000BF82
:10FDB0006199010057BC010057BC010057BC01000C
:10FDC00057BC0100D9990100A7990100879901004A
:10FDD0006F99010057BC010057BC0100D99901007F
:10FDE000A7990100879901006F99010037A8A949D7
:10FDF0006278FFF73BFA02F074B937A8A649627A35
:10FE0000FFF734FA0C2D8CBF4FF009084FF00008B3
:10FE100001E04FF00008F31937A89E491A7AFFF75E
:10FE200025FA0C2D07D9B8F1000F08BF4FF00808CC
:10FE300001E04FF0000807F10709984916F809207A
:10FE400037A8FFF713FA002237A8954916F80930AA
:10FE5000FFF70CFA0C2D07D9B8F1000F08BF4FF0CF
:10FE6000070801E04FF000084FF00009A27863781E
:10FE70008C491202494437A8D21809F10909FFF741
:10FE8000F5F90234B9F11B0FF0D10C2D42F22981A2
:10FE9000B8F1000F08BF4FF00608834CB844B044D7
:10FEA00004F1240998F8022098F801301202214642
:10FEB00037A8D2180C34FFF7D9F94C4508F10208DD
:10FEC000F0D102F00EB9142D19D0172D03D0132D37
:10FED00042F0078119E006EB0708744998F81620EC
:10FEE00037A8FFF7C3F9724998F8152037A8FFF72C
:10FEF000BDF937A86F4998F81420FFF7B7F9F3193F
:10FF000037A86D49DA7CFFF7B1F9A946A2464FF050
:10FF100000082546AA786B7868491202414437A840
:10FF2000D21808F10908FFF7A1F90235B8F11B0F43
:10FF3000F0D14D464FF00008227AE3796049120271
:10FF4000414437A8D21808F10B08FFF78FF90234A3
:10FF5000B8F1210FF0D100249AF80E209AF80D3054
:10FF600058491202091937A8D2180B34FFF77EF945
:10FF7000212C0AF1020AEFD102F0B3B8E1786278DD
:10FF8000A3780091217937A8019161790291A17933
:10FF90000391E1790491217A05914B49FFF766F9C4
:10FFA00002F09FB8A9464FF00008254615F8013F1A
:10FFB000FF2B04D037A845494246FFF757F908F10F
:10FFC0000108B8F1040FF1D1B9F10C0F4D4642F21E
:10FFD000888004EB08035B78FF2B04D037A83B49EB
:10FFE0004246FFF743F908F10108B8F10C0FF0D1D0
:10FFF000102D42F2768004EB08035B78FF2B04D0CF
:020000041003E7
:1000000037A832494246FFF731F908F10108B8F143
:10001000100FF0D102F065B8627837A80AB1A37862
:100020001BB92B49FFF722F902E02A49FFF71EF915
:10003000F31937A82849DA78FFF718F902F051B810
:10004000A378627837A8254942EA0322FFF70EF920
:1000500002F047B8E37822791B0443EA026362782E
:1000600037A81343A2781E4943EA0222FFF7FEF89D
:1000700002F037B837A81B496278FFF7F7F8022D6E
:1000800042F22F8037A81849A278FFF7EFF802F064
:1000900028B800BF368E0200D38E02009B93020068
:1000A0004A890200D38B0200B38F0200BD8D02008B
:1000B000E6900200E7860200C68B0200E98D02008E
:1000C00096900200B7860200A6870200458A0200C9
:1000D0003992020084950200A78C02003C8D020038
:1000E000CB870200A7940200E89402007C1C325DDA
:1000F00037A8764902F00F02FFF7B8F8325D37A84B
:100100001209BC1C7249FFF7B1F8325D37A871497A
:1001100002F00702FFF7AAF8325D37A8D2086E494D
:1001200002F00302FFF7A2F801F0DBBF7C1C325D96
:1001300037A86A4902F00F02FFF798F8325D37A836
:100140001209BC1C6649FFF791F8325D37A8654972
:1001500002F00702FFF78AF8325D37A8D208624939
:1001600002F00302FFF782F801F0BBBF37A85F4936
:100170006278FFF77BF801F0B4BF627837A85C497A
:10018000FFF774F8A27837A85A49FFF76FF837A835
:100190005949E278FFF76AF801F0A3BF37A8574939
:1001A0006278FFF763F801F09CBF37A85449627882
:1001B000FFF75CF801F095BFA2786378120637A8C4
:1001C000504942EA0322FFF751F801F08ABF6278F2
:1001D00037A84D49FFF74AF8A27837A84B49FFF7EF
:1001E00045F82379E2781B0237A849499A18FFF7A6
:1001F0003DF801F076BF37A846496278FFF736F838
:1002000001F06FBF37A844496278FFF72FF801F07B
:1002100068BFA37862781B0237A840499A18FFF795
:1002200025F801F05EBF94F8028063784FEA082851
:1002300098441FFA88F83A494FEAD82237A8FFF7BE
:1002400015F808F4E062120A364937A8FFF70EF8ED
:1002500008F0F802D208344937A8FFF707F808F089
:1002600006025208314937A8FFF700F837A830498D
:1002700008F00102FEF7FAFF042D41F232872379DC
:10028000E4781B021C19A4B2E20A37A82949FEF738
:10029000EDFF04F4E062120A37A82749FEF7E6FFF3
:1002A00004F0F802D20837A82449FEF7DFFF04F073
:1002B0000602520837A82249FEF7D8FF37A821497D
:1002C00004F00102FEF7D2FF01F00BBFF487020039
:1002D00042880200C68E020039880200BF940200E4
:1002E00038870200558C0200438E02009392020070
:1002F000E6930200478D0200D4930200B7930200F8
:10030000E78E0200AC8E0200048E0200CC8D02004B
:100310000E900200438F0200F29402009B8C0200B8
:10032000F5880200CC9402006D870200E488020088
:10033000D994020076920200888B0200E3890200C1
:10034000F18E0200A893020000226378674937A863
:10035000FEF78CFF4FF000086549A27837A8FEF73A
:1003600085FFCDF800802279E3781202D31801933B
:1003700002226049434637A8FEF778FFCDF8008097
:10038000A27963791202D3180193022201235949F9
:1003900037A8FEF76BFFCDF80080227AE3791202CE
:1003A000D3180222019337A852491346FEF75EFF85
:1003B0001E2D41F29686627A37A84F49FEF756FF06
:1003C000A27A37A84D49FEF751FFE27A37A84C4987
:1003D000FEF74CFF227B37A84A49FEF747FFCDF8CE
:1003E0000080A27B637B1202D3180193052243464F
:1003F00037A84049FEF73AFFCDF80080227CE37B26
:100400001202D31801930522012337A83949FEF7B8
:100410002DFFCDF80080A27C637C1202D3180193DB
:100420000522022337A83349FEF720FFCDF80080CC
:10043000CDF80480227DE37C1202D31802930522BA
:100440006C234FF0010937A82F49FEF70FFFCDF8B5
:100450000090CDF80480A27D637D1202D318029330
:1004600005226C234FF0020A37A82749FEF7FEFE4B
:10047000CDF800A0CDF80480227EE37D1202D318CF
:10048000029305226C2337A81F49FEF7EFFECDF833
:100490000080CDF80480A27E637E1202D3180293FE
:1004A0000522682337A81849FEF7E0FECDF8009032
:1004B000CDF80480227FE37E1202D3180293052236
:1004C00037A868231049FEF7D1FECDF800A0CDF87B
:1004D0000480A37F627F1B029B18029337A80A49FE
:1004E00005226823FEF7C2FE01F0FBBD4A89020027
:1004F0002C880200A6860200E4910200C29202004B
:10050000409002007B940200269202000122637850
:100510009C4937A8FEF7AAFE4FF001089A49A27835
:1005200037A8FEF7A3FECDF800802279E378120207
:10053000D318019302220023944937A8FEF796FEB0
:10054000CDF80080A27963791202D31801930222B8
:100550008E49434637A8FEF789FECDF80080227AFF
:10056000E3791202D3180222019337A88749134670
:10057000FEF77CFE1E2D41F2B485627A37A88449CD
:10058000FEF774FEA27A37A88249FEF76FFEE27A80
:1005900037A88149FEF76AFE227B37A87F49FEF71C
:1005A00065FECDF80080A27B637B1202D318019315
:1005B0000522002337A87549FEF758FECDF80080C4
:1005C000227CE37B1202D31801930522434637A80D
:1005D0006E49FEF74BFECDF80080A27C637C1202D0
:1005E000D3180193052202234FF0000937A8674969
:1005F000FEF73CFECDF80090CDF80480227DE37C30
:100600001202D318029305226C2337A86449FEF71F
:100610002DFECDF80080CDF80480A27D637D12020E
:10062000D318029305226C234FF0020A37A85C49C5
:10063000FEF71CFECDF800A0CDF80480227EE37DFD
:100640001202D318029305226C2337A85449FEF7EF
:100650000DFECDF80090CDF80480A27E637E1202DC
:10066000D31802930522682337A84D49FEF7FEFDF3
:10067000CDF80080CDF80480227FE37E1202D318EB
:100680000293052237A868234549FEF7EFFDCDF810
:1006900000A0CDF80480A37F627F1B029B18029309
:1006A00037A83F4905226823FEF7E0FD01F019BD98
:1006B000A27863781202D2183A4937A8FEF7D6FD1D
:1006C000A279637912061B04D218237937A81B027A
:1006D000D218E3783449D218FEF7C8FD122D41F242
:1006E0000085A27A637A12061B04D218237A37A8EF
:1006F0001B02D218E3792D49D218FEF7B7FDA27B71
:10070000637B12061B04D218237B37A81B02D21866
:10071000E37A2749D218FEF7A9FDA27C637C120672
:100720001B04D318227C37A812029B18E27B2149B4
:100730009A18FEF79BFD01F0D4BCA27863781202F0
:10074000D31800930222434637A81B4908F1010839
:10075000FEF78CFD0234C845EFDD01F0C2BCA27883
:1007600063781202D31800930522434637A8124932
:1007700008F10108FEF77AFD0234C845EFDD01F00B
:10078000B0BC00BF4A890200DA8E0200A6860200D1
:10079000F2910200CF9202004B9402008A94020070
:1007A00026920200869202009886020016910200AC
:1007B0008C930200028F0200138A0200CDF80080A1
:1007C000A27863781202D318019305226C2337A80C
:1007D000BB4908F10108FEF749FD0234D045EDDDC3
:1007E0004FEA55095FFA89F909F1010B09F102098C
:1007F000B944BB4406EB09044FF00008CDF8008073
:100800002278C9EB040313F80B301202D3180193BA
:100810000522682337A8AA4908F10108FEF726FD3A
:100820000234D045EADD01F05CBCA37862781B029B
:1008300037A8A4499A18FEF719FD01F052BCA37815
:1008400062781B0237A8A0499A18FEF70FFD01F045
:1008500048BCA37862781B0237A89C499A18FEF717
:1008600005FD01F03EBCA37862781B0237A89849C9
:100870009A18FEF7FBFC01F034BC2279E3781206EB
:100880001B04D218A37837A81B02D21863789149A9
:10089000D218FEF7EBFC227AE37912061B04D21879
:1008A000A37937A81B02D21863798B49D218FEF7B7
:1008B000DDFC227BE37A12061B04D318A27A37A848
:1008C00012029B18627A85499A18FEF7CFFC01F054
:1008D00008BCA2786378120237A88149D218FEF7C3
:1008E000C5FC042D41F2FD832379E2781B0237A871
:1008F0007C499A18FEF7BAFC01F0F3BB2279E37841
:1009000012061B04D218A37837A81B02D2186378EA
:100910007549D218FEF7AAFC062D41F2E283227A2D
:10092000E37912061B04D318A27937A812029B1888
:1009300062796E499A18FEF799FC01F0D2BBDFF894
:10094000BC914FF00108A84581F2CB832279E3786E
:1009500012061B04D218A37849461B02D2186378EA
:1009600037A8D21808F10408FEF780FC0434B8F167
:10097000190F09F11809E6D101F0B3BBDFF8809136
:100980004FF00108A84581F2AC832279E378120682
:100990001B04D218A37849461B02D218637837A8E3
:1009A000D21808F10408FEF761FC0434B8F10D0F09
:1009B00009F11309E6D101F094BBDFF848914FF03B
:1009C0000108A84581F28D832279E37812061B0481
:1009D000D218A37849461B02D218637837A8D218D8
:1009E00008F10408FEF742FC0434B8F10D0F09F1D8
:1009F0001409E6D101F075BBDFF80C914FF0010846
:100A0000A84581F26E832279E37812061B04D2187E
:100A1000A37849461B02D218637837A8D21808F188
:100A20000408FEF723FC0434B8F10D0F09F1140992
:100A3000E6D101F056BBDFF8D4904FF00108A8458D
:100A400081F24F832279E37812061B04D218A3782F
:100A500049461B02D218637837A8D21808F1040857
:100A6000FEF704FC0434B8F10D0F09F11409E6D1C6
:100A700001F037BBA37862781B0237A81C499A188B
:100A8000FEF7F4FB01F02DBBA37862781B0237A8B8
:100A900018499A18FEF7EAFB01F023BB2279E378A4
:100AA00012061B04D318A278647812029B1837A888
:100AB000114901221B19FEF7D9FB01F012BB00BF3F
:100AC00000920200F48F0200B790020080890200B9
:100AD00059890200169102008C930200028F0200D5
:100AE0009C920200AF920200A9910200C091020004
:100AF000B98E0200379402003B910200998A0200ED
:100B0000628C02009788020048950200F093020070
:100B10002279E37812061B04D318A27864781202B3
:100B20009B1837A8974902221B19FEF79FFB01F07B
:100B3000D8BA37A894496278FEF798FB01F0D1BA89
:100B40009249627807F1020837A8FEF78FFB16F882
:100B500008208F49120937A8FEF788FB16F80820ED
:100B600037A88C4902F00F02FEF780FB032D41F2FB
:100B7000B882E27837A88849FEF778FB07F10508C4
:100B8000227937A88549FEF771FB16F8082037A8A7
:100B900092088349FEF76AFB16F8082037A88149B6
:100BA00002F00302FEF762FB37A87F49A279FEF745
:100BB0005DFB01F096BA94F8028063784FEA08284A
:100BC00098441FFA88F84FEAD82237A87749FEF7E9
:100BD0004DFB08F4806302229B0A37A87449FEF794
:100BE00045FB08F4007302225B0A37A87149FEF73F
:100BF0003DFB08F4F87302221B0937A86E49FEF783
:100C000035FB08F00E0302225B0837A86B49FEF79C
:100C10002DFB022208F0010337A86949FEF726FBE5
:100C20002379E4781B021C19A4B2E20A37A86549AB
:100C3000FEF71CFB04F4806305229B0A37A85C497D
:100C4000FEF714FB04F4007305225B0A37A8594928
:100C5000FEF70CFB04F4F87305221B0937A856496C
:100C6000FEF704FB04F00E0305225B0837A8534986
:100C7000FEF7FCFA37A85249052204F00103FEF7FB
:100C8000F5FA01F02EBAA27863781202D21837A8CA
:100C90004D49FEF7EBFA94F804E0E3784FEA0E2EA4
:100CA0000022734437A84949FEF7E0FA217AE27935
:100CB00009028A1894F806E063790092A17A627AB0
:100CC00009024FEA0E2E8A187344019237A80022B7
:100CD0003F49FEF7CBFA227BE37A0092627B37A88A
:100CE0000192A27B3B4902920022FEF7BFFAA17C4F
:100CF000627C09028A1894F810E0E37B0092217D5F
:100D0000E27C09028A180192A17D627D09028A189B
:100D10000292217EE27D09028A180392A17E627E00
:100D200009028A180492217FE27E09028A1805923C
:100D3000A17F627F09028A18069294F82010E27F50
:100D400009028A18079294F8221094F821200902C7
:100D50008A18089294F8241094F8232009028A181B
:100D6000099294F8262094F82510120252184FEA9E
:100D70000E2E0A9237A8184900227344FEF776FA1D
:100D800001F0AFB93B910200508D0200808A020051
:100D9000328B0200FF890200D7870200958B020088
:100DA0000991020087910200129202006E8D0200EA
:100DB0009B910200118F0200D791020099940200CA
:100DC000C1930200D8860200458C02004A890200C5
:100DD00021870200A88B0200EE8B020094F802E04B
:100DE00063784FEA0E2E0122734437A8AA49FEF712
:100DF0003DFAA179627909028A1894F804E0E3784F
:100E00000092217AE27909024FEA0E2E8A18734481
:100E1000019237A80122A149FEF728FAA27A637A43
:100E20000092E27A37A80192227B9D490292012228
:100E3000FEF71CFA217CE27B09028A1894F80EE086
:100E4000637B0092A17C627C09028A180192217D59
:100E5000E27C09028A180292A17D627D09028A1849
:100E60000392217EE27D09028A180492A17E627EAD
:100E700009028A180592217FE27E09028A180692E9
:100E8000A17F627F09028A18079294F82010E27FFE
:100E900009028A18089294F8221094F82120090275
:100EA0008A18099294F8242094F8231012025218F8
:100EB0004FEA0E2E0A9237A87A4901227344FEF7B0
:100EC000D5F901F00EB994F802E063784FEA0E2EDE
:100ED0000222734437A87049FEF7C8F9A1796279F4
:100EE00009028A1894F804E0E3780092217AE27902
:100EF00009024FEA0E2E8A187344019237A8022283
:100F00006649FEF7B3F9A27A637A0092E27A37A8CB
:100F10000192227B624902920222FEF7A7F9217C0C
:100F2000E27B09028A1894F80EE0637B0092A17CB0
:100F3000627C09028A180192217DE27C09028A18EA
:100F40000292A17D627D09028A180392217EE27DD0
:100F500009028A180492A17E627E09028A1805920B
:100F6000217FE27E09028A180692A17F627F090230
:100F70008A18079294F82010E27F09028A180892D2
:100F800094F8221094F8212009028A18099294F802
:100F9000242094F82310120252184FEA0E2E0A92BF
:100FA00037A8404902227344FEF760F901F099B86E
:100FB000627837A83C49FEF759F90122A37837A88F
:100FC0003A49FEF753F90222E37837A83749FEF78A
:100FD0004DF96379227903F001031B0237A83449E4
:100FE0009A18FEF743F901F07CB8A27863781202F0
:100FF000D31800932822002337A82E49FEF736F98C
:101000002279E3781202D31800932822012337A80B
:101010002849FEF72BF9A27963791202D3180093BD
:101020002822022337A82349FEF720F9227AE37900
:101030001202D31800935022002337A81D49FEF74F
:1010400015F9A27A637A1202D31800935022012371
:1010500037A81849FEF70AF9237BE27A1B029B188E
:10106000009337A8134950220223FEF7FFF801F03E
:1010700038B8A27863781202D21837A80E49FEF762
:10108000F5F82379E2781B0237A80C499A18FEF785
:10109000EDF801F026B800BF4A890200218702005E
:1010A000A88B0200EE8B0200E5870200F4860200A6
:1010B0002D930200F5900200118802005292020066
:1010C00094F804E0E3784FEA0E6E1B049E44A37884
:1010D0006C221B029E44637837A873449749FEF73D
:1010E000C5F894F808E0E3794FEA0E6E1B049E44BD
:1010F000A3796C221B029E44637937A873449049FC
:10110000FEF7B4F894F80CE0E37A4FEA0E6E1B0495
:101110009E44A37A6D221B029E44637A37A87344CF
:101120008649FEF7A3F894F810E0E37B4FEA0E6ED1
:101130001B049E44A37B6D221B029E44637B37A845
:1011400073447F49FEF792F894F814E0E37C4FEA89
:101150000E6E1B049E44A37C68221B029E44637C8B
:1011600037A873447549FEF781F894F818E0E37DD9
:101170004FEA0E6E1B049E44A37D68221B029E4410
:10118000637D37A873446E49FEF770F894F81AE04F
:10119000637E4FEA0E2E6C22734437A86949FEF72E
:1011A00065F894F81CE0E37E4FEA0E2E6D2273443E
:1011B00037A86449FEF75AF8A37F647F1B0237A85B
:1011C000604968221B19FEF751F800F08ABF94F8B5
:1011D00002E063784FEA0E2E7344682237A85A491A
:1011E000FEF744F82279E3781202D31800936822BC
:1011F0006C2337A85549FEF739F8A27963791202B2
:10120000D318009368226C2337A85149FEF72EF8B3
:10121000227AE3791202D318009368226D2337A84B
:101220004A49FEF723F8A27A637A1202D318009390
:1012300068226D2337A84649FEF718F8227BE37A27
:101240001202D3186822009337A813463F49FEF7CD
:101250000DF8A27B637B1202D3186822009337A893
:1012600013463B49FEF702F894F810E0E37B4FEA9F
:101270000E2E73446C2237A83349FDF7F7FFA27C8A
:10128000637C1202D3186C22009337A813462F49AF
:10129000FDF7ECFF227DE37C1202D3186C22009351
:1012A00037A813462A49FDF7E1FFA27D637D1202AC
:1012B000D31800936C2207F118086D2337A823492F
:1012C000FDF7D4FF16F80820E37D1202D31800932F
:1012D0006C226D2307F11A0937A81D49FDF7C6FFD7
:1012E00016F80920637E1202D31800936C2268233B
:1012F00037A81649FDF7BAFF227FE37E1202D31802
:1013000000936C22682337A81149FDF7AFFFA37F34
:1013100016F808E01B026822734437A80D49FDF750
:10132000A5FF94F8203016F809401B0237A8094998
:101330006C221B19FDF79AFF00F0D3BE328C02001D
:101340008F950200DC920200248F0200D78F0200EA
:10135000428B0200688B02006378002237A8AA49FA
:1013600003F01F03FDF782FFA378012237A8A649E7
:1013700003F01F03FDF77AFFE378022237A8A249A2
:1013800003F01F03FDF772FF6279237902F01F0259
:101390000092A27937A802F01F020192E2799B49DC
:1013A00002F01F02029203F01F030022FDF75EFF0E
:1013B000627A237A02F01F020092A27A37A802F022
:1013C0001F020192E27A914902F01F02029203F099
:1013D0001F030122FDF74AFF627B237B02F01F02FD
:1013E0000092A27B37A802F01F020192E27B87499C
:1013F00002F01F02029203F01F030222FDF736FFE4
:1014000000F06FBE6378002237A8814903F03F03E4
:10141000FDF72CFFA378012237A87D4903F01F03B5
:10142000FDF724FFE378022237A8794903F01F0370
:10143000FDF71CFF6279237902F03F020092A27946
:1014400037A802F03F020192E279724902F03F02AE
:10145000029203F03F030022FDF708FF627A237A2D
:1014600002F01F020092A27A37A802F01F02019236
:10147000E27A684902F01F02029203F01F03012280
:10148000FDF7F4FE627B237B02F01F020092A27B39
:1014900037A802F01F020192E27B5E4902F01F02B0
:1014A000029203F01F030222FDF7E0FE00F019BED6
:1014B0000022637837A85849FDF7D8FE0122A378A7
:1014C00037A85549FDF7D2FE0222E37837A85249E2
:1014D000FDF7CCFE0022237937A85049FDF7C6FE60
:1014E0000122637937A84D49FDF7C0FE37A84B4963
:1014F0000222A379FDF7BAFE00F0F3BD94F8028052
:1015000063784FEA082898441FFA88F84FEAD833DE
:1015100000930522002337A84149FDF7A7FE08F4F0
:10152000F043DB1200930522002337A83D49FDF765
:101530009DFE08F4E0631B1200930522002337A8E8
:101540003949FDF793FE08F08003DB110093022276
:10155000002337A83249FDF789FE08F07803DB1035
:1015600000930222002337A82E49FDF77FFE08F0E2
:10157000070300930222002337A82B49FDF776FECC
:101580002379E4781B021C19A4B24FF000084FEA3B
:10159000D4390522682337A8244904F4F04A4FEAD5
:1015A000EA2A8DE8000304F4E064FDF75FFE0522FB
:1015B000682337A81E4924128DE80005FDF756FE62
:1015C000682337A81B490522CDF800800194FDF758
:1015D0004DFE052237A86D2314498DE80003FDF761
:1015E00045FE05226D2337A811498DE80005FDF75A
:1015F0003DFE37A80F4905226D23CDF800800194E8
:10160000FDF734FE00F06DBDB18C0200668902006A
:1016100032890200C39002004C8E02007D8B0200D2
:1016200005930200659402004F90020005870200B6
:10163000528A0200118E020094F8028063784FEA09
:10164000082898441FFA88F84FEAD83300930522F7
:10165000012337A8B549FDF709FE08F4F043DB1272
:1016600000930522012337A8B149FDF7FFFD08F4D7
:10167000E0631B1200930522012337A8AD49FDF753
:10168000F5FD08F08003DB1100930222012337A847
:10169000A649FDF7EBFD08F07803DB10009302226A
:1016A000012337A8A249FDF7E1FD08F007030093E5
:1016B0000222012337A89F49FDF7D8FD2379E4785A
:1016C0001B021C19A4B24FF001084FEAD4390522BD
:1016D000682337A8984904F4F04A4FEAEA2A8DE8CB
:1016E000000304F4E064FDF7C1FD0522682337A878
:1016F000924924128DE80005FDF7B8FD682337A84C
:101700008F490522CDF800800194FDF7AFFD052239
:1017100037A86D2388498DE80003FDF7A7FD052252
:101720006D2337A885498DE80005FDF79FFD37A893
:10173000834905226D23CDF800800194FDF796FDC5
:1017400000F0CFBC94F8028063784FEA08289844F0
:101750001FFA88F84FEAD83300930522022337A8EE
:101760007249FDF783FD08F4F043DB120093052274
:10177000022337A86E49FDF779FD08F4E0631B12D8
:1017800000930522022337A86A49FDF76FFD08F090
:1017900080030222DB11009337A813466349FDF74B
:1017A00065FD08F078030222DB10009337A813468A
:1017B0005F49FDF75BFD022208F00703009337A89D
:1017C00013465C49FDF752FD2379E4781B021C198E
:1017D000A4B24FF002084FEAD4390522682337A893
:1017E000554904F4F04A4FEAEA2A8DE8000304F46C
:1017F000E064FDF73BFD0522682337A84F4924121A
:101800008DE80005FDF732FD0522682337A84C4915
:10181000CDF800800194FDF729FD6D2337A84649D6
:1018200005228DE80003FDF721FD052237A86D2371
:1018300042498DE80005FDF719FD37A8404905220A
:101840006D23CDF800800194FDF710FD00F049BC38
:1018500094F802E063784FEA0E2E2822734437A8EA
:101860003849FDF703FD94F804E0E3784FEA0E2EC3
:101870002822734437A83449FDF7F8FC94F806E0B1
:1018800063794FEA0E2E5022734437A82D49FDF795
:10189000EDFC237AE4791B0237A82B4950221B194F
:1018A000FDF7E4FC00F01DBCA27863780092E278BA
:1018B0002521019222791DA8029262790392A279D0
:1018C0000492E2790592227A0692627A0792A27ACB
:1018D0000892E27A0992227B0A92627B0B92A27BA7
:1018E0000C92E27B0D92227C0E92184AEBF38AF660
:1018F00037A817491DAAFDF7B9FCF2E37C1C325D3D
:1019000037A8144902F07F02FDF7B0FC325D37A81A
:101910001149D209FDF7AAFCE3E3A378627837A85E
:101920000E4942EA0322FDF7A1FCDAE30593020027
:10193000659402004F90020005870200528A02005F
:10194000118E02004C910200148902003A3E0100FF
:1019500068910200B2940200669202007091020047
:10196000A378627837A8944942EA0322FDF77EFC07
:10197000B7E3E37822791B0443EA0263627837A86D
:101980001343A2788D4943EA0222FDF76FFCA8E3D6
:10199000E37822791B0443EA0263627837A8134391
:1019A000A278874943EA0222FDF760FC99E3E378D5
:1019B00022791B0443EA0263627837A81343A278B2
:1019C000804943EA0222FDF751FC8AE3A37862785A
:1019D00037A87D4942EA0322FDF748FC81E3A3785A
:1019E000627837A8794942EA0322FDF73FFC78E3A1
:1019F000A378627837A8764942EA0322FDF736FCDD
:101A00006FE3A378627837A8724942EA0322FDF7B0
:101A10002DFC66E394F801905FEA990900F0618378
:101A20004FF00008A179E279090294F803E041EA55
:101A30000241627923790A434FEA0E2E4EEA034EA1
:101A4000A3780092617AA27A090241EA0241227ADD
:101A500037A80A430192217B627B090241EA0241D5
:101A6000E27A4EEA03030A4302925B49424608F1D6
:101A70000108FDF7FBFB0C34C845D3DB31E337A885
:101A800056496278FDF7F2FB2BE337A85449627898
:101A9000FDF7ECFB25E3227AE17923791143A27962
:101AA00094F803E0114362794EEA030EA3780A43E7
:101AB0004EEA030E63780092227BE17A4EEA03033A
:101AC0001143A27A37A81143627A0A430192227C19
:101AD000E17B1143A27B1143627B0A43029241499D
:101AE0000022FDF7C3FB227EE17D237D1143A27D11
:101AF00094F813E01143627D4EEA030EA37C0A437F
:101B00004EEA030E637C0092227FE17E37A81143E8
:101B1000A27E4EEA03031143627E0A43019294F8C7
:101B20002020E17F1143A27F0A43617F0A43029292
:101B30002C490122FDF79AFBD3E2A37864781B02BB
:101B40001C19A4B204F00F0300932822002337A825
:101B50002549FDF78BFB04F0F0031B1100932822AD
:101B6000012337A82049FDF781FB04F470631B12A1
:101B700000932822022337A81B49FDF777FB37A8DB
:101B80001A492822E30BFDF771FBAAE22179E278DA
:101B900009028A1894F802E063780092A2796179C8
:101BA000120252184FEA0E2E019237A81049002255
:101BB0007344FDF75BFB94E2D38802003F9302007D
:101BC000579302006F930200588E02006D8E020040
:101BD000828E0200978E020068900200249102001B
:101BE000D4890200798D0200998D0200ED920200E5
:101BF000538702002179E27809028A1894F802E0FA
:101C000063780092A179627909028A180192217A97
:101C1000E27909028A180292A17A627A09028A1884
:101C20000392217BE27A09028A180492A17B627BEB
:101C300009028A180592217CE27B09028A18069221
:101C4000A17C627C09028A180792217DE27C09024C
:101C50008A180892A17D627D09028A180992227E63
:101C6000E17D120252184FEA0E2E0A9237A87B49E4
:101C700000227344FDF7FAFA33E22179E27809028F
:101C80008A1894F802E063780092A17962790902D7
:101C90008A180192217AE27909028A180292A17ABD
:101CA000627A09028A180392217BE27A09028A1871
:101CB0000492A17B627B09028A180592217CE27B57
:101CC00009028A180692A17C627C09028A1807928E
:101CD000217DE27C09028A180892A17D627D0902B9
:101CE0008A180992227EE17D120252184FEA0E2EC6
:101CF0000A9237A85A4900227344FDF7B7FAF0E177
:101D00002179E27809028A1894F802E06378009257
:101D1000A179627909028A180192217AE27909028D
:101D20008A180292A17A627A09028A180392217BA8
:101D3000E27A09028A180492A17B627B09028A185E
:101D40000592217CE27B09028A180692A17C627CC2
:101D500009028A180792217DE27C09028A180892FA
:101D6000A17D627D09028A180992217EE27D090225
:101D70004FEA0E2E8A180A927344002237A8394976
:101D8000FDF774FA217FE27E09028A1894F81AE0BE
:101D9000637E0092A17F627F09028A18019294F803
:101DA0002010E27F09028A18029294F8221094F817
:101DB000212009028A18039294F8241094F8232011
:101DC00009028A18049294F8261094F82520090232
:101DD0008A18059294F8281094F8272009028A1886
:101DE000069294F82A1094F8292009028A1807927A
:101DF00094F82C1094F82B2009028A18089294F871
:101E00002E1094F82D2009028A18099294F8302097
:101E100094F82F10120252184FEA0E2E0A9237A889
:101E2000104901227344FDF721FA5AE1A378627840
:101E30001B0237A80C499A18FDF718FA51E137A888
:101E40000A496278FDF712FA4BE1A378627837A865
:101E5000074942EA0322FDF709FA42E14F880200EE
:101E60008C890200FE940200458C02000188020069
:101E70007E870200E2782379120442EA03626378E3
:101E8000217A1A43E379207B1B0443EA01636179D9
:101E900094F802C00B43E17A94F806E0090441EAA1
:101EA0000061607A42EA0C220143A07A43EA0E23E1
:101EB00041EA00210091E17B207C090441EA0061B4
:101EC000607B0143A07B41EA00210191E17C207D00
:101ED000090441EA0061607C0143A07C41EA0021E1
:101EE0000291E17D207E090441EA0061607D0143A9
:101EF000A07D41EA00210391E17E207F090441EAAF
:101F00000061607E0143A07E41EA00210491E17FEF
:101F100094F82000090441EA0061607F0143A07F3A
:101F200041EA0021059194F8231094F82400090453
:101F300041EA006194F82100014394F8220041EA4B
:101F40000021069194F8270094F82810000440EA34
:101F5000016094F82510014394F8260041EA00211D
:101F6000079137A88249FDF781F9BAE0E278237931
:101F7000120442EA03626378217A1A43E379207BF0
:101F80001B0443EA0163617994F802C00B43E17AD0
:101F900094F806E0090441EA0061607A42EA0C2202
:101FA0000143A07A43EA0E2341EA00210091E17B3C
:101FB000207C090441EA0061607B0143A07B41EA87
:101FC00000210191E17C207D090441EA0061607CEF
:101FD0000143A07C41EA00210291E17D207E0904B9
:101FE00041EA0061607D0143A07D41EA0021039147
:101FF000E17E207F090441EA0061607E0143A07E0A
:1020000041EA00210491E17F94F82000090441EAAB
:102010000061607F0143A07F41EA0021059194F8AF
:10202000231094F82400090441EA006194F8210087
:10203000014394F8220041EA0021069194F8270018
:1020400094F82810000440EA016094F82510014338
:1020500094F8260041EA0021079137A84549FDF789
:1020600005F93EE00B2D3CD1A37862781B02D21813
:1020700037A84149FDF7FAF82379E2781B02D21814
:1020800037A83E49FDF7F2F8A37962791B02D2180E
:1020900037A83B49FDF7EAF8237AE2791B02D21808
:1020A00037A83849FDF7E2F8A27A637A120237A816
:1020B00035499A18FDF7DAF813E0E37822791B0422
:1020C00043EA0263627837A81343A2782F4943EAB0
:1020D0000222FDF7CBF804E00022149201E0012374
:1020E000139310997B19FF297DF463A9159A013286
:1020F0001592159B1B998B427DF453A9119A511C83
:1021000003D037A82249FDF7B1F89DF89C3023B1E0
:1021100037A8204927AAFDF7A9F8169B0A2B0CD847
:1021200000201D49ECF3A4F038B9139929B937A858
:102130001A49139AFF23FDF799F8389A002302F8F9
:10214000013B449B1A9800931299189B3892FDF713
:102150006DF804461298F0F317F201E06FF00104F5
:1021600020463BB0BDE8F08F01211391B9E700BFD5
:10217000C28C0200FF8C02004F8F0200638F0200AE
:10218000778F02008B8F02009F8F02002C8E02003F
:102190001D900200F4890200468902009C8702001B
:1021A0002DE9F04F8DB0059205468A4606A800211C
:1021B000142298460B91EBF3BFF1594B1C78002C7D
:1021C00040F0A3806B69232B0CDD1C22284621469E
:1021D00023460094F5F388F2002806DA0126022748
:1021E000B14605E00427012601E00C270326A1469D
:1021F0002846F5F30BF20128834602D0022813D1BA
:1022000005E028465146EBF3CBF040000BE02846B2
:10221000FCF7A1FF044638B1FCF793FFC20503D5D4
:102220002046FCF793FF0B900B9800284ED0F0F35C
:1022300099F1044600286ED0BBF1010F03D0BBF129
:10224000020F1BD10BE00B9B002101930290059A1A
:102250002846534600910391EBF3A0F00CE00B9A53
:102260000CAB520843F8042D284601212246FCF706
:10227000A6FF0B9B5B000B93002840D122884FF6F2
:10228000FD73013A92B29A4203D92046F0F37CF1F1
:102290001CE0B9F1000F03D004EB4707069719E0E3
:1022A000E31962880693A388A7F5805707EB1222EB
:1022B0001B0602EB1343E3180793E388DB19E318CB
:1022C00008932389DF19E719099703E0154B0024C8
:1022D00006930126169A5046009206A932464346B6
:1022E000FDF716F850B9169B28461A68D8F8001062
:1022F00001F038FDD8F800200B4B1A6014B12046CD
:10230000F0F342F1064A01231370169B0020C8F82F
:102310000000186001E06FF01A000DB0BDE8F08F0A
:1023200029610100608B02008893020030B51946D4
:10233000039B049C43B14CB100251D6025600394B0
:10234000BDE83040FFF72CBF184630BD204630BDF9
:10235000014B00221A70704729610100F8B50C4F3B
:1023600006463C688CB101250BE0284600212C462E
:10237000E6F7C6FF20B128463146E6F7BBFF04E08A
:1023800001353B689D42F0D900242046F8BD00BFCE
:102390002C61010010B5847801462046E6F7B0FFB5
:1023A00028B120460021E6F7A5FF002010BD4FF020
:1023B000FF3010BD70B50C4E0D46306880B90B492A
:1023C000E6F798FF012404E020460021E6F792FF9B
:1023D000013433689C42F7D9034B28461D6070BD19
:1023E0004FF0FF3070BD00BF2C610100ADDEADDEEF
:1023F000064B1A68194632B1012300E001339342BB
:10240000FCD900230B600020704700BF2C61010045
:102410002DE9F0470C461668824615460846842288
:10242000002198469DF82470EBF386F02046FFF7D4
:1024300095FFC0B2002832D0012323709DF82030D0
:10244000A070003318BF0123E3703C233C2EB4BFBF
:10245000B1464FF03C09A4F80E806770A3810026B6
:1024600015E0504641463A46F0F390F030B96368C3
:10247000002B0CBF6FF01A0000200BE0A378013690
:10248000C3706368436123896060013323814E45D3
:10249000E7DB0020238963812B60BDE8F0874FF0E4
:1024A000FF30BDE8F087F8B506460C4600250BE086
:1024B0007B693046636000237B61FB703946E278BC
:1024C000F0F386F00135ADB26768002FF0D12389B3
:1024D00020465B1B238163895D1B6581FFF75AFFE3
:1024E000A77027703846F8BD10B5C37C032B08D001
:1024F0009C1D00EBC40401336160A260C374002022
:1025000010BD4FF0FF3010BD2DE9F84311F01F064C
:1025100018BF012606EB511707F107094FEA890991
:1025200048460D4601F01F08F0F31CF00446002851
:102530003BD000214A46BFB2EAF3FEF76780A58090
:10254000E580A46021462246002303E04FF0FF30DF
:10255000906101330432BB42F8D356B14FF0FF32E1
:1025600002FA08F87B1D04EB83035A6882EA08022A
:102570005A6017F01F0318BF012307F01F0003EB79
:1025800057172780002203E04FF0FF358D6001329E
:102590000431BA42F8D343B14FF0FF3383400137DF
:1025A00004EB87077A6853407B602046BDE8F883D8
:1025B0000846EFF3E9B7436B23B14FF47F629A60AB
:1025C000436B05E0836B4BB14FF47F629A60836B82
:1025D0009868D0F1010038BF002070470120704793
:1025E0000346002001E00130C0B25B08FBD1704718
:1025F0000B6843F440330B6008680B6800F440300C
:1026000023F440330B60A0F54031484240EB010019
:10261000704708B5416B09B9816B21B1806AFFF73A
:10262000E7FF012008BD084608BD2DE9F047DDF8A9
:1026300020801F88099D1046894614461E4639464B
:1026400042462B46EFF38EF48246E8B1012313FA9B
:1026500007F72B68013BDB19B3FBF7F35F43631EFE
:10266000DB195F4017EA090F0ED02046FFF7B8FFCD
:1026700030805046EFF380F43188204642462B46A6
:10268000BDE8F047EFF36EB45046BDE8F08770B593
:10269000002301290CBFB0F84620B0F86C2086B0AA
:1026A0000493B0F84430120101290446ADF8163005
:1026B0000D46806A41F6FF7329D104AED4F8C410E8
:1026C000009604F15C060196994214BF4FF48031E4
:1026D0004FF4005104F150060DF116030296FFF776
:1026E000A4FF002840D0BDF81630E26D15FA03F3C0
:1026F000511EC918B1FBF3F14B43A3659B1A9BB262
:10270000C018A4F86030049BE06363662BE004AD5E
:10271000D4F8CC10009504F184050195994214BFBA
:102720004FF480314FF4005104F178050DF1160398
:102730000295FFF77AFFB8B1BDF81630012515FAFA
:1027400003F3D4F88420511EC918B1FBF3F14B43B5
:10275000C4F880309B1A9BB2C018A4F88830049B40
:102760002064C4F88C30284606B070BDFFF78FBFD8
:102770002DE9F74F8DE803000EAEE02014469A468F
:102780000D9F96E8400ADDF84C80EFF3EBF6054626
:10279000002800F079810021E022EAF3CDF69A4B7F
:1027A0000021B8F1000F08BF98460A46C5F81C8002
:1027B0002046F4F38BF70C9BC0F30030AB63934BD4
:1027C00003212B60002285F83000C5F834A028468C
:1027D000EDF3F8F5082205F120000199EAF384F7FA
:1027E000002385F82730009BEC62AB62BBF1FF3F12
:1027F00014BF5B46CC23B9F1CC0F88BFC3EB0909EA
:10280000C5F89830BDF84430A5F84670C5F89C303E
:102810009DF84830A5F86C60C5F8A0300C9BA5F871
:102820009490002B45D0AA6B1368D80704D523F0E9
:1028300001031360AA6B1360AB6B4FF0FF329A6019
:102840002046F4F345F740F63C03984212D1E86A7B
:10285000F4F34EF7052809D0E86AF4F349F708289D
:1028600004D0E86AF4F344F70C2803D1AB6B4FF0C3
:10287000FF329A60AB6B9A681205120D1AB15A6852
:1028800042F00F0201E041F6FF72C5F8CC201A6851
:1028900002F4E012920C85F8B5201A6802F4600286
:1028A000520D85F8BA201B6803F040731B0E85F8A3
:1028B000BB30BAF1000F4DD06A6B1368D90704D54D
:1028C00023F0010313606A6B13606B6B4FF0FF32F0
:1028D0009A60E86AF4F3FCF640F63C03984212D1A1
:1028E000E86AF4F305F7052809D0E86AF4F300F77D
:1028F000082804D0E86AF4F3FBF60C2803D16B6BCC
:102900004FF0FF329A606B6B9A681205120D1AB184
:102910005A6842F00F0201E041F6FF72C5F8C42088
:10292000C5F8C8201A6802F4E012920C85F8B620A7
:102930001A6802F4E072920985F8B7201A6802F466
:102940006002520D85F8B8201B6803F040731B0E1F
:1029500085F8B93062680023012AC5F8A430C5F8AB
:10296000AC3018D1A268B2F5026F03D040F63C013A
:102970008A4202D14FF0004303E04FF08042C5F895
:10298000A420C5F8A830D5F8A430C5F8AC30D5F8E7
:10299000A830C5F8B0302046F4F39AF640F6290383
:1029A000984208D12046F4F3A3F620B12046F4F370
:1029B0009FF602280FD92046F4F38AF640F6340336
:1029C00098420CD12046F4F393F620B12046F4F35C
:1029D0008FF6012803D1002385F8313004E0284622
:1029E000FFF717FE85F831002846FFF7E4FD85F86C
:1029F000B40068B10D23FF2FA5F844300CD8FF2E8A
:102A000009D80C2305E000BF906101008C50010043
:102A10000423A5F844304FB1BC002046EFF3A2F5E3
:102A2000E86468B300212246EAF386F54EB1B400AB
:102A30002046EFF397F5686710B300212246EAF3CA
:102A40007BF527B128460121FFF790FEC0B126B1E2
:102A500028460221FFF78AFE90B1D5F8A4305BB179
:102A600095F8313043B9AB6DB3F1804F08D8D5F844
:102A70008030B3F1804F03D8012385F8DD3003E0C7
:102A80002846EDF3F9F400252846BDE8FE8F00BF87
:102A900010B50446F5F38CF2002120460A46F4F303
:102AA00015F6C30407D5204601F0DBFA00280CBF59
:102AB0002020402010BD202010BD2DE9F047044605
:102AC000266A09A9042E666A9DF82000CCBF06F488
:102AD000781606F4F01691E82202760C4FF0000802
:102AE0004BE031F828A01FFA83FCE24501EB880790
:102AF00003D197F802C0844504D008F101085FFAB9
:102B000088F83AE0002A35D006FB08F800252EE0C8
:102B100063692046222B0ADDE3695A0607D540F691
:102B200027010022F4F342F70146204600E000218D
:102B30004FF4CC62F4F3DAF5056063692046222B8A
:102B40000ADDE3695B0607D540F627010022F4F3AE
:102B50002DF70146204600E0002140F26462F4F3C4
:102B6000C5F509EB880353F8253001350360EBB256
:102B7000B342CDD3F878BDE8F087A845B1D30020A3
:102B8000BDE8F0872DE9F84304461E46002B00F00F
:102B9000B480436A02EB061503F4F8594FEA192989
:102BA00055F8043C013E0BB900279FE020469847AA
:102BB000002800F09E80F7E70122BA4055F8103C4B
:102BC0001A4200F0928063692046222B0ADDE369F5
:102BD0005A0607D540F627010022F4F3E7F601462E
:102BE000204600E000214FF4C462F4F37FF5076053
:102BF00015F90C2C22B1012A19D0013275D144E00B
:102C000063692046222B09DDE3695B0606D540F6A1
:102C10002701F4F3CBF60146204600E0002140F204
:102C20002462F4F363F555F8083C03605DE06369E2
:102C30002046222B0ADDE369590607D540F6270115
:102C40000022F4F3B3F60146204600E0002140F2F2
:102C50002462F4F34BF563698046222B20460ADD9B
:102C6000E3695A0607D540F627010022F4F39EF6E1
:102C70000146204600E0002140F22462F4F336F5DC
:102C800055F8083C026813432DE063692046222B67
:102C90000ADDE3695B0607D540F627010022F4F35D
:102CA00085F60146204600E0002140F22462F4F35C
:102CB0001DF563698046222B20460ADDE36959062B
:102CC00007D540F627010022F4F370F601462046AE
:102CD00000E0002140F22462F4F308F555F8082CD6
:102CE000036823EA0203C8F8003001374F457FF438
:102CF00063AF103D002E7FF453AFBDE8F8830000B2
:102D000070B59D4904460020EBF38EF2002800F0D8
:102D1000318100209849EBF387F29749054600205E
:102D2000EBF382F2944906460020EBF37DF215F0B6
:102D3000006500F0AC804FF40012002113462046DD
:102D4000E6F741FD0222062113462046F4F344F63D
:102D500063692046222B0ADDE3695A0607D540F64F
:102D600027010022F4F322F60146204600E000216C
:102D70004FF4C162F4F3BAF40668002506F48076D5
:102D80001BE04FF47A70EFF3DBF063692046222BEF
:102D90000ADDE3695B0607D540F627013246F4F306
:102DA00005F60146204600E000214FF4C162F4F32D
:102DB0009DF40668013506F480761EB9B5F57A7F74
:102DC000DFD170BDB5F57A7F00F0D4804FF47A7012
:102DD000EFF3B6F00822062113462046F4F3FCF583
:102DE0000023062104222046F4F3F6F54FF47A700E
:102DF000EFF3A6F063692046222B0ADDE36959064A
:102E000007D540F627010022F4F3D0F5014620460D
:102E100000E000214FF4C062F4F368F40568002676
:102E200005F001051BE04FF47A70EFF389F0636958
:102E30002046222B0ADDE3695A0607D540F6270112
:102E40000022F4F3B3F50146204600E000214FF4E0
:102E5000C062F4F34BF40568013605F001051DB1BD
:102E6000B6F57A7FDFD102E0B6F57A7F03D120464E
:102E70000621082279E029464FF480122B4620468D
:102E8000E6F7A1FC2046062101222B466EE07301E5
:102E900070D54FF48012134629462046E6F793FC7E
:102EA0000122062113462046F4F396F54FF47A707A
:102EB000EFF346F00422062113462046F4F38CF586
:102EC000062108222B462046F4F386F54FF47A704B
:102ED000EFF336F063692046222B0ADDE3695E06D4
:102EE00007D540F627012A46F4F360F5014620464F
:102EF00000E000214FF4C062F4F3F8F30668002507
:102F000006F001061BE04FF47A70EFF319F06369E5
:102F10002046222B0ADDE369590607D540F6270132
:102F20003246F4F343F50146204600E000214FF419
:102F3000C062F4F3DBF30668013506F001061EB942
:102F4000B5F57A7FDFD102E0B5F57A7F03D120466F
:102F50000621042209E000214FF400120B4620460E
:102F6000E6F731FC2046062102220023BDE870402E
:102F7000F4F332B570BD00BF6853010046F29053C0
:102F8000994210B5044609D049F21823994207D056
:102F9000B1F5964F0CBF1F23002302E02A2300E067
:102FA0003C230521FF222046E6F779FC4FF400027E
:102FB000062113462046E6F73CFC1E20EEF3C0F740
:102FC000204606214FF400020023BDE81040E6F73A
:102FD00030BC0000F0B5036A466A042BCCBF06F48F
:102FE000781606F4F01685B00446760C00253BE012
:102FF000102168461F4A2B46EAF304F30020694675
:10300000EBF336F100282ED000210A46EAF3CCF685
:1030100063690746222B20460ADDE369590607D576
:1030200040F627010022F4F3C1F40146204600E0F7
:1030300000214FF4CC62F4F359F305606369204634
:10304000222B0ADDE3695A0607D540F62701002244
:10305000F4F3ACF40146204600E0002140F2646243
:10306000F4F344F307600135EBB2B342C0D305B0CB
:10307000F0BD00BFD5950200F0B5036A85B0042B02
:103080000446466A03DD06F0F866B60D02E006F077
:10309000F076760D00253BE0102168461F4A2B464E
:1030A000EAF3B0F200206946EBF3E2F000282ED0FC
:1030B00000210A46EAF378F663690746222B204688
:1030C0000ADDE3695A0607D540F627010022F4F32A
:1030D0006DF40146204600E000214FF4CB62F4F38A
:1030E00005F3056063692046222B0ADDE3695B0670
:1030F00007D540F627010022F4F358F40146204694
:1031000000E0002140F25C62F4F3F0F20760013568
:10311000EBB2B342C0D305B0F0BD00BF0C990200C2
:10312000F0B5036A85B0042B0446466A01DDF60E4D
:1031300002E006F0F056760E00253BE010216846CE
:103140001E4A2B46EAF35EF200206946EBF390F04C
:1031500000282ED000210A46EAF326F663690746C6
:10316000222B20460ADDE3695B0607D540F62701DE
:103170000022F4F31BF40146204600E000214FF446
:10318000CA62F4F3B3F2056063692046222B0ADDBC
:10319000E369590607D540F627010022F4F306F447
:1031A0000146204600E0002140F25462F4F39EF212
:1031B00007600135B542C1D105B0F0BD1B990200D1
:1031C00000487047C0AD3A022DE9F04304460F466F
:1031D00085B00020904915461E46EBF325F060B9F6
:1031E0002046394615B1FFF7EBFF07E0FFF7E8FF90
:1031F0004FF47A75B0FBF5F500E0054600208749ED
:10320000EBF312F000F00F00012808D0022809D0DB
:10321000834B844A032814BF9146994604E0DFF8A3
:10322000149201E0DFF8109229462046FFF7A6FE2F
:103230002046F4F355F2002180462046F5F300F0D5
:10324000794B0246002E4BD101930323029339465A
:10325000204632462B460096CDF80C90FFF72DFC09
:103260000746002837D063692046222B0ADDE36930
:103270005B0607D540F627013246F4F397F3014683
:10328000204600E000214FF4C062F4F32FF2026800
:10329000BF004FF68373134007F07C0205F17F07F0
:1032A000FF09013F42EA07471F4363692046222B7B
:1032B0000ADDE369590607D540F627010022F4F339
:1032C00075F30146204600E000214FF4C062F4F39C
:1032D0000DF2076096E029465448EAF353F192E074
:1032E00000218DE80A0003230293204639462B462D
:1032F000CDF80C90FFF7E1FB002D00F08380204615
:10330000E6F774F8064606E0AB4203D16369222B68
:1033100007DC12E00C36002E74D03388002BF3D17A
:1033200070E0E3695A0608D540F6270120460022DE
:10333000F4F33CF30146204601E0204600214FF41F
:10334000C062F4F3D3F10268B37802F07C02B3EB0D
:10335000920F57D03579F3782D061B0505F070656F
:1033600003F4700300214FF07F622B432046E6F701
:1033700096FA737902211B052D4A43F40033204647
:10338000E6F78DFAB3686FF07F42032113402046C1
:10339000E6F785FA63692046222B0ADDE3695B06BE
:1033A00007D540F627010022F4F300F3014620463A
:1033B00000E000214FF4C062F4F398F102684FF688
:1033C000837335881340B2787F35ED119200013D4B
:1033D00002F07C0242EA05451D4363692046222B28
:1033E0000ADDE3695E0607D540F627010022F4F303
:1033F000DDF20146204600E000214FF4C062F4F304
:1034000075F10560012620464146F4F319F7304670
:1034100005B0BDE8F08300BFEC95020074530100D5
:103420008C5101000C52010006970200A395020086
:103430000000FE1F80530100F85301002DE9F04306
:1034400099468BB00023079308930993036A476A50
:10345000042BCCBF07F4781707F4F01704460D4689
:1034600090467F0C00260CE0102103A8334A334617
:10347000EAF3C8F0002003A9EAF3FAF620B901360E
:10348000F6B2BE42F0D34EE008AB009309AB019315
:1034900020462946424607ABE6F7C0FB01232946F2
:1034A0004A462046FFF790FE20462946FFF792FD48
:1034B000236A012B2CDD63692046222B0ADDE36998
:1034C0005E0607D540F627010022F4F36FF20146AD
:1034D000204600E000214FF4C062F4F307F1636975
:1034E0000646222B20460ADDE369590607D540F639
:1034F00027010022F4F35AF20146204600E00021A1
:103500004FF4C062F4F3F2F0036843F48063336075
:10351000089B20460093099B294601934246079B3E
:10352000E6F7D4F807E0204629464A460023FFF78D
:103530004BFE0028A8D10BB0BDE8F083D595020062
:103540002DE9F04F002587B004460E4604950595F9
:10355000F4F3C6F0294683462046F4F371F6A149F8
:1035600082462846EAF384F648B1012384F86033A2
:1035700029462A46EAF318F4C4F85C0301E084F80B
:10358000600300209849EAF373F648B10123002153
:1035900084F868330A46EAF307F4C4F8640301E0E8
:1035A00084F868032046F3F3F5F7904B676A984276
:1035B0008F4B94BF20252125A3F1080898BF98467A
:1035C00007F4F8573F0A08EBC50863692046222B29
:1035D0000ADDE3695A0607D540F627010022F4F315
:1035E000E5F10146204600E000214FF4C462F4F307
:1035F0007DF018F8083C013D036063692046222BEA
:103600000ADDE3695B0607D540F627010022F4F3E3
:10361000CDF10146204600E000214FF4C562F4F3ED
:1036200065F058F8043CA8F108080360002DCCD1DF
:1036300047E0082102A86F4A2B46E9F3E3F7002090
:1036400002A9EAF315F600283AD000210A46EAF367
:10365000ABF3236A80460C2B07DDB0F5803F04D224
:10366000C3B24FEA102843EA084863692046222B78
:103670000ADDE369590607D540F627010022F4F375
:1036800095F10146204600E000214FF4C462F4F3B6
:103690002DF0056063692046222B0ADDE3695A0696
:1036A00007D540F627010022F4F380F101462046B9
:1036B00000E000214FF4C562F4F318F0C0F8008078
:1036C0000135BD42B5D1204631464B4A1F23FFF795
:1036D00059FA00253EE00821484A2B4602A8E9F3A2
:1036E00091F7002002A9EAF3C3F58146002830D003
:1036F00063692046222B0ADDE3695B0607D540F6A5
:1037000027010022F4F352F10146204600E0002197
:103710004FF4C462F3F3EAF7056063692046222B95
:103720000ADDE369590607D540F627010022F4F3C4
:103730003DF10146204600E0002140F22462F3F30F
:10374000D5F7002180460A464846EAF32DF3C8F82B
:1037500000000135BD42BED1204604A905AAE5F707
:103760000FFF049F52463B463146002520460095F8
:10377000E5F752FE384304902046F4F347F4059AE7
:10378000049B002A3CD01A4363690592222B2046F1
:103790000ADDE3695A0607D540F627012A46F4F305
:1037A00005F10146204600E0002140F21C62F3F3DF
:1037B0009DF763690546222B20460ADDE3695B0617
:1037C00007D540F627010022F4F3F0F00146204629
:1037D00000E0002140F21C62F3F388F7059B0268C9
:1037E0003AE000BFC595020000970200BFAD3A0263
:1037F00000960200E79502001C970200E295020085
:10380000002B2BD063692046222B09DDE369590682
:1038100006D540F62701F4F3C9F00146204600E042
:10382000002140F21C62F3F361F763690546222B25
:1038300020460ADDE3695A0607D540F62701002233
:10384000F4F3B4F00146204600E0002140F21C628F
:10385000F3F34CF7049B026813432B60049BABB15A
:1038600063692046222B0ADDE3695B0607D540F633
:1038700027010022F4F39AF00146204600E00021DF
:103880004FF4C362F3F332F7049B0360059BABB1C3
:1038900063692046222B0ADDE369590607D540F605
:1038A00027010022F4F382F00146204600E00021C7
:1038B00040F21C62F3F31AF7059B0360314652464F
:1038C0002046E6F77EF94FF4FA60EEF339F320462E
:1038D0005946F4F3B5F407B0BDE8F08FF8B50446E7
:1038E00015460E46F3F3FCF6002107462046F4F396
:1038F000A7F4314602462B462046FFF79FFD20469F
:1039000031462A46E5F7D8FD20463946BDE8F8405D
:10391000F4F396B438B5036A0446012B2DD14369FC
:10392000222B0ADDC3695A0607D540F6270100227B
:10393000F4F33CF00146204601E0204600214FF41C
:10394000C062F3F3D3F663690546222B20460ADDF5
:10395000E3695B0607D540F627010022F4F326F061
:103960000146204600E000214FF4C062F3F3BEF6AA
:10397000036823F400732B6038BD2CDD4369222BD0
:103980000ADDC369590607D540F627010022F4F382
:103990000DF00146204601E0204600214FF4C062B0
:1039A000F3F3A4F663690546222B20460ADDE3699A
:1039B0005A0607D540F627010022F3F3F7F7014630
:1039C000204600E000214FF4C062F3F38FF6036855
:1039D00043F400732B6038BD70470120704738B541
:1039E00005460C46FFF79CFB284621460022FFF7C0
:1039F000F3FF28462146BDE83840FFF781B90000B3
:103A000038B504460D4600203149EAF331F440B19F
:103A100000210A46EAF3C8F12946C3B20122204632
:103A200003E02046294601220523E5F78BFF00200D
:103A30002849EAF31DF448B100210A46EAF3B4F13B
:103A40002946C3B209222046E5F77CFF002022491F
:103A5000EAF30EF448B100210A46EAF3A5F129463B
:103A6000C3B205222046E5F76DFF00201B49EAF3AB
:103A7000FFF348B100210A46EAF396F12946C3B2A2
:103A800006222046E5F75EFF002120464FF47862CB
:103A90004FF43863E5F7CDFE002120464FF4604235
:103AA0004FF42043E5F7C5FE4FF4C0220021134632
:103AB0002046E5F7BEFE0122002120461346E5F729
:103AC000B8FE20462946BDE83840FFF7D5BA00BF0A
:103AD00012970200DB95020012990200CA950200BB
:103AE00038B5036A0446092B69DD4369222B0ADDD8
:103AF000C3695B0607D540F627010022F3F356F7AA
:103B00000146204601E0204600214FF4C062F3F355
:103B1000EDF5026812F0010253D163692046222BB1
:103B200009DDE3695D0606D540F62701F3F33EF7AC
:103B30000146204600E0002140F26C62F3F3D6F526
:103B40004FF0004303604FF47A70EEF3F9F16369CC
:103B50002046222B0ADDE369590607D540F62701E6
:103B60000022F3F323F70146204600E0002140F253
:103B70006C62F3F3BBF505686369ED04ED0C222B71
:103B800020460ADDE3695A0607D540F627010022E0
:103B9000F3F30CF70146204600E0002140F26C628E
:103BA000F3F3A4F56D030023036005F542450648D1
:103BB00005F5A875B5FBF0F56420684338BD002015
:103BC00038BD002038BD00BFA086010038B50021F7
:103BD00005461020E3F7A0FF002104461022E9F378
:103BE000ABF46560204638BD08B1E4F71DB87047F6
:103BF00010B50446E4F706F96060E0602068E7F776
:103C000016FA6368A0F50060206118180123A0600F
:103C1000237610BD38B50546F4F3CAF11C20EEF347
:103C2000A1F4084C00211C222060E9F385F42068EF
:103C30000560FFF7DDFF044922682846BDE83840EB
:103C4000E6F726BC90040000D93F00002DE9F84FAC
:103C50000C46F4F3ADF141F20100E568EEF382F4B5
:103C600000287CD000F1010C064620E001321970DA
:103C7000D2B2434639783D460137C1B13D2903F1FF
:103C80000108F3D1327029464646002203E0013292
:103C90003770D2B2664611F8017FC3EB0508B04415
:103CA00006F1010C002FF2D11A7008F10105E76846
:103CB000A368FB189D4205D22B781BB12F466346A3
:103CC0000022D7E725460123E2688346BA1A2A82F2
:103CD0003BE0594611F8012B9A4202D14FF0000CFB
:103CE0000AE0102B2AD10F2AF8DC27E01BF8018FFD
:103CF00007F80C800CF1010C6245F7D101EB0208CA
:103D0000895C07EB020C4FF03D0907F8029008F1BF
:103D1000010B0CF1010701F10109002203E018F881
:103D200002A00CF802A001324A45F8D17A184FF0EF
:103D3000000C07F801C08B44571C06E011F802B0D4
:103D400001EB020C0BF1010BE344B345C1D301338A
:103D50000235112BB8D1BDE8F84FEEF315B4BDE82C
:103D6000F88F0000F8B50E4617460446F4F320F12C
:103D70003020EEF3F7F3054668B1C660074E3023F6
:103D8000436033688760036029462046FFF75EFF83
:103D900035600020F8BD6FF01A00F8BD94040000F3
:103DA00008B5064B1B683BB9054B196821B1054B9B
:103DB0001A680AB1FFF7D6FF002008BD940400007E
:103DC000985C01009C5C0100F8B5104B07461C682C
:103DD0001E46BCB1E3689BB10D4D2A689A420FD1D3
:103DE000F4F3E6F0E068EEF3CFF300232B6007E096
:103DF00038462568F4F3DCF02046EEF3C5F32C4694
:103E0000002CF5D100233360F8BD00BF94040000FE
:103E10008893020073B5856E04466DB1D0F8CC303E
:103E200000EB8303D3F8D420036E9A4203D1406E93
:103E3000A847054600E000252046F3F351F400238F
:103E400002A941F8083D06466946204601AA0DF040
:103E5000C1FE9DE806004FF4FF20E9F3E9F2204699
:103E60003146F4F3EDF1E36E5BB1D4F8CC2004EB12
:103E70008202D2F8D410226E914202D1606E29469D
:103E800098477CBDF8B50446F0F3BAF000284FD04F
:103E9000A56E6DB1D4F8CC3004EB8303D3F8D420F5
:103EA000236E9A4203D1606EA847054600E00025C4
:103EB0002046F3F315F4002107462046F4F3C0F141
:103EC0000121064600222046F0F3BAF04FF480119B
:103ED0000A462046F0F396F040210A462046F0F3C9
:103EE000A5F04FF080710A462046F0F38BF0204693
:103EF000FFF790FF0F4B0121C6F804354FF4FC7318
:103F0000C6F808350A462046F0F39AF020463946AE
:103F1000F4F396F1E36E5BB1D4F8CC2004EB8202AB
:103F2000D2F8D410226E914202D1606E2946984791
:103F3000F8BD00BFF200394001207047C36B44F266
:103F4000583293420DD004D844F25632934218D1DD
:103F500012E04AF62E22934208D04AF62F229342CC
:103F60000FD1C0F884334AF6322303E0C0F884331B
:103F70004AF63123C3637047C0F8843344F25433A4
:103F8000C363704738B541F2E443044603630D460A
:103F900029B108460F49EAF347F1A06240B9284623
:103FA0000D49EAF341F1A06210B94FF6FF73A36225
:103FB0000A492846EAF338F10949E0622846EAF35B
:103FC00033F1084960632846EAF32EF184F855007E
:103FD00038BD00BF2D9902002399020064990200A8
:103FE000439902004E9902007047000030B585B039
:103FF0000190002404A840F8044D01A90422E9F32B
:1040000017F2019DB5B12B46D3F88C2012B10022D6
:10401000C3F88C2001340433102CF5D10398FEF73B
:1040200097F90398FFF7D0FE034B9D4202D0284634
:10403000EEF3AAF205B030BDE46101000367D0F8E9
:10404000CC3010B500EB8303029CD3F8D430446627
:104050008166C266036610BD00238366C36603677C
:1040600070478069C0F3C06070472DE9F84304468B
:104070001E46089D099FFAF761FC00212046F4F3D3
:10408000DFF080462046F3F333F30A28C8BFD8F8A0
:104090002C306061C8BFA3642228D8F80430C8BFA0
:1040A000D8F8AC20A361C8BFE261DA001CD5222891
:1040B00014DDE3695B0611D50022204640F6270196
:1040C000F3F374F401462046F4F3BAF0D0F8043662
:1040D000002163622046F4F3B3F002E0D8F804361E
:1040E000636294F8243023624FF4E063A3604FF0DE
:1040F000FF33E36011232361A1464FF0000817E06E
:104100004146F4F39DF02046F3F3E2F22046F3F348
:10411000EFF21EB1D9F814319E4203D0D9F88C3099
:104120009F4201D1C5F8008008F1010809F1040996
:10413000D4F8D03020469845E2D32968F4F380F0D3
:104140000120BDE8F883F7B5002213460D46012192
:104150000446E5F738FB0021282207460B46204697
:104160000091F3F3C1F20646280709D02046012149
:104170000622F3F367F6204602210622F3F362F6E5
:1041800015F0F00F04D0204600210222F3F35AF676
:1041900015F4706F0ED0204600210122F3F352F681
:1041A00001210A462046F3F34DF620460221012262
:1041B000F3F348F601213B4620464FF0FF32E5F786
:1041C00002FB2046002128224FF0FF330096F3F334
:1041D0008BF2FEBD0020EAF327B0000010B50C49B9
:1041E0000446FFF7F7FF80B288B9D4F88000084989
:1041F000EAF31AF080B250B9D4F880000549EAF326
:1042000013F04FF6FF7380B2002808BF184610BDA8
:104210006D9902007B990200436907B50A2B09DDFD
:10422000003118BF01210091242200210123F3F362
:104230005BF201E04FF0FF300EBD07B50021F82220
:104240000B460091F3F350F200F00F000EBD00009A
:104250002DE9FF47DDF830809246DDF834900F46B7
:104260004FF46372002104461E460E9DB8F1010F03
:1042700008BF4FF00008E9F35FF111232361C4F890
:104280008860C4F85C90C4F858A0C4F80480B8F101
:10429000000F40F0C580204641463A464B46FFF7A6
:1042A0004BFE002800F0C0804FF0C0531A68130F77
:1042B00002F47021236093B202F47002120D626462
:1042C00044F25832090C9342E36321640AD004D8C3
:1042D00044F25632934208D104E0A3F52A432E3B20
:1042E000012B02D82046FFF729FE636C20460E3BC7
:1042F000012B8CBF0023012384F84C304FF0C051B8
:104300003A46FAF793F9D4F8D030002B00F08A80BF
:10431000002704AB43F8047D8DE8480020464FF0A9
:10432000C0513A463B46FFF7A0FE00287CD020460D
:10433000FFF736FD0F9B0095019320463946324624
:10434000A36DFDF7F3FF002870D105B12D683A4E3B
:1043500020462946FFF716FE3278002A42D16369CB
:10436000132B19DD4FF400612046F3F35BF733495B
:1043700007462846E9F37CF738B128462F49E9F388
:1043800053F7B0F1FF3F08BF00200023BB6503993E
:10439000F8652046F3F354F72046A16DFFF7BAFA0B
:1043A0002046A16DFFF71BFB28462549E9F33CF7A2
:1043B000024620B92046A16DFFF792FB0246C4F8E1
:1043C0008823A16D2046FFF789FA2046FFF75AFDA2
:1043D0002046A16DFFF7B4F82046A16DFFF710FB52
:1043E000012333702046F3F3E1F528461549E9F33C
:1043F0003FF738B113492846E9F316F7014620463E
:10440000FFF7A1FE28461049E9F332F778B12846B4
:104410000D49E9F309F701462046FFF7E5FD06E0FF
:10442000002404E01C4602E0044600E03C4620462E
:1044300004B0BDE8F08700BFE06101003E990200D2
:104440005B99020073990200349902001FB50F4C6A
:1044500002462378BBB910B90346014601E00C4B74
:10446000191D00200090019002930391094844F225
:1044700010714FF0C053FFF7EBFE28B1064B20221E
:104480001A6001232370034804B010BD7065010059
:1044900064620100E4610100A00400002DE9FF470F
:1044A00007464FF46370884691469A460D9E0E9DCE
:1044B000EEF358F00446C8B10C9B394601934246CE
:1044C0004B46CDF800A002960395FFF7C1FE0746C4
:1044D00020B92046EEF358F03C4607E006B13668B6
:1044E000C4F8806005B12D68C4F88450204604B03B
:1044F000BDE8F08770B5064686B04FF4BC70EEF3A9
:1045000031F00446E8B100214FF4BC72E9F314F035
:104510000D4B266000930D4B0025019330680C492C
:104520000C4A2346029503950495059500F0D8FEA4
:1045300030B94FF49663C4F8603184F8640100E048
:104540002C46204606B070BDA53881005D3D810037
:10455000D8D288003CC5890010B5044650B1036824
:1045600005491868224600F060FE2046BDE810406C
:10457000EEF30AB010BD00BF3CC589002DE9F04143
:10458000054686B08020EDF3EDF70446002844D0C0
:1045900000218022E8F3D0F704236360B423256070
:1045A000A381A046C5F85847274600260EE01C22E6
:1045B00002FB06423C61A8681B4910320023FAF353
:1045C0006DF338621C3700282BD0013663689E4299
:1045D000EDDB164B164900930023019302930393DE
:1045E000049305932868134A234600F079FEC0B966
:1045F00013E0D8F8201031B123689868FAF336F345
:104600000023C8F82030013508F11C0863689D427A
:10461000EFDB2046EDF3B8F70024204606B0BDE8F6
:10462000F0810025F2E700BF49488100A9468100DA
:104630007CD388007F3F890070B5044600281ED0D7
:1046400003680F491868224600F0EFFD2546002652
:104650000DE0296A29B123689868FAF307F300236B
:104660002B62E86908B1EDF38FF701361C356368FA
:104670009E42EEDB2046BDE87040EDF385B770BD8D
:104680007F3F890010B50446C06F08B1FFF764FF93
:10469000D4F8840008B107F0C1FED4F8800008B156
:1046A000FFF7CAFFD4F8B00008B100F013F9A06812
:1046B00008B101F0E3F92046BDE81040EDF364B71E
:1046C0002DE9F04F07468DB0B8208A4690461D462A
:1046D000179EEDF347F70446002800F0A0804FF046
:1046E000000B0021B822E8F327F7266084F88CB08D
:1046F0003846FFF76BFA0BABC4F8A8B02A46019016
:104700000693814641F2E44120463346CDF800B09D
:10471000CDF808A0CDF80C800494CDF814B001F0C9
:104720005DFA0546002875D0A06010F06FDA2B699D
:104730001021E3603C4B6060A3643C4A3346276130
:1047400064643846E8F35EF72B69D86FF2F356F7E6
:1047500049F6981398422B69D86F06D8F2F34EF7B2
:1047600008210346324A09A805E0F2F347F7314A27
:104770000346082109A8E8F345F7314609AA2E4B5C
:104780002E48E8F3FFF63246002016992C4B8DE8B0
:104790008001F8F7A9FB064600283BD16368012792
:1047A00083F8787008210A46286930F0D5DA362176
:1047B0003A46D5F89802EFF730FD2846FFF7DEFEBF
:1047C000C4F8800030B3284607F0F6FDC4F8840032
:1047D00000B32846FFF78EFEE067D8B16368194939
:1047E00083F8E070184B02968DE848000396049613
:1047F00005962868154A234600F072FD50B92846F0
:1048000000F032F8C4F8B00020B111482146EDF3B1
:10481000A9F120B120464946FFF734FF0024204685
:104820000DB0BDE8F08F00BFBD888100DB550100F1
:10483000E05501004D49890040390100819902008D
:10484000FD8D81002CD58800198A810058FB8900D4
:10485000F589810001207047024B01221A70E3F7AD
:1048600063BA00BFFC03000070B5064686B0202086
:10487000EDF37EF60446F0B100212022E8F35CF669
:104880004FF4E153E3804B2323810A2363810E4BD2
:1048900026600025009330680C490D4A2346019597
:1048A000029503950495059500F01AFD30B933681B
:1048B000012283F86321204606B070BD2046EDF347
:1048C00063F62C46F7E700BF7D9A81008CD58800FF
:1048D000C04B890010B5044678B1FBF309F3236897
:1048E00022461868054900F0A0FC2046EDF34CF67E
:1048F000236800221B6883F8632110BDC04B890028
:104900000368D3F8D42041F26B03116B99420BD1A9
:10491000936AEF2B28D001D8D62B04E0F52B23D0B7
:1049200040F20F118B421FD0936A40F2C65293425D
:104930001AD040F27452934216D0036A7F2210E0DC
:10494000482283F8FD2006E002F0C002921102EB3B
:10495000810183F8FD10036A93F9FD20142A0BDC12
:10496000482283F8FD207047036A93F8FD104AB28D
:10497000B2F1FF3FE8D1E3E77047D0F8E81110B596
:10498000044629B18068FAF371F10023C4F8E831D4
:10499000D4F8001229B1A068FAF368F10023C4F832
:1049A0000032D4F88434D3F8301139B1A068FAF366
:1049B0005DF1D4F884340022C3F83021D4F85013C8
:1049C00029B1A068FAF352F10023C4F85033D4F8A7
:1049D000541529B1A068FAF349F10023C4F85435FD
:1049E000D4F8F41529B1A068FAF340F10023C4F813
:1049F000F435D4F8C41729B1A068FAF337F10023CD
:104A0000C4F8C43710BD10B50446006807F0D8F8E4
:104A1000D4F8800620B106F021F80023C4F88036CF
:104A2000D4F87C0620B106F049FA0023C4F87C369D
:104A3000D4F89C0120B108F089FE0023C4F89C3111
:104A4000D4F88C0120B101F025FE0023C4F88C318C
:104A5000D4F8400120B102F069FF0023C4F84031CE
:104A6000D4F8540120B1FEF3FFF30023C4F854310D
:104A7000D4F8300120B102F019FC0023C4F8303121
:104A8000D4F8340120B102F0C1F90023C4F8343164
:104A9000D4F8380120B102F01BFB0023C4F83831F0
:104AA000204602F0D5FAD4F84C0120B106F0BAFA4B
:104AB0000023C4F84C31D4F8480120B108F078FD47
:104AC0000023C4F84831D4F8440120B106F032F98B
:104AD0000023C4F84431D4F85C0120B108F016FA80
:104AE0000023C4F85C31D4F82C3113B10023C4F88E
:104AF0002C31D4F8600120B104F0B4F90023C4F8DB
:104B00006031204608F0AAFA204605F09FFFD4F84D
:104B1000500120B105F0FAFF0023C4F85031D4F859
:104B2000700120B101F09EFC0023C4F87031D4F86C
:104B3000780120B104F0A8FC0023C4F87831D4F83F
:104B40007C0120B107F06CFE0023C4F87C31D4F85E
:104B5000740120B108F072FD0023C4F87431D4F858
:104B6000840120B101F01CFC0023C4F88431D4F886
:104B7000880120B104F0E2FB0023C4F88831D4F8A6
:104B8000780420B107F0F4FC0023C4F87834D4F89A
:104B90007C0420B107F02EFD0023C4F87C34D4F847
:104BA000800420B107F0C0FD0023C4F88034D4F89D
:104BB000940120B108F0A2FE0023C4F89431D4F887
:104BC000640820B108F0F6FE0023C4F86438D4F875
:104BD000F80620B108F040F90023C4F8F836D4F8FC
:104BE0009C0620B104F0E2FE0023C4F89C36D4F801
:104BF000A00620B101F060FD0023C4F8A036D4F86F
:104C0000CC0620B104F0BAFE0023C4F8CC36D4F8A8
:104C1000D40620B104F0F4FC0023C4F8D436D4F850
:104C2000D00620B108F084FA0023C4F8D036D4F8B6
:104C3000600820B107F0D6FE0023C4F86038D4F82D
:104C4000DC0620B107F0FEFB0023C4F8DC36D4F804
:104C5000BC0608B105F081FDD4F8C00608B105F026
:104C60007CFDD4F8A00120B103F0F8FE0023C4F8C5
:104C7000A031D4F8F00620B106F0C2F90023C4F840
:104C8000F036D4F8300720B1EDF37EF40023C4F8F9
:104C90003037D4F8A40620B105F03AFD0023C4F85B
:104CA000A436D4F8940620B104F070FF0023C4F8B1
:104CB0009436D4F8240120B108F06CF80023C4F82D
:104CC0002431D4F8280120B103F0A6FD0023C4F854
:104CD0002831D4F8880420B106F0A8FA0023C4F8DB
:104CE0008834D4F8E80520B104F0D2FD0023C4F8DC
:104CF000E835D4F8380620B1F9F7CEFF0023C4F820
:104D000038362046BDE8104004F0D4BB70B5D0F86A
:104D10008434056801220446A3F89020D5F8D80011
:104D20003C49E9F3A5F240B1D5F8D8003949D4F8A7
:104D30008464E9F379F2A6F89000D4F8843464220C
:104D4000A3F84A20D5F8D8003349E9F391F240B1ED
:104D5000D5F8D8003049D4F88464E9F365F2A6F8B0
:104D60004A00D4F884346422A3F84C20D5F8D80043
:104D70002A49E9F37DF240B1D5F8D8002749D4F8A3
:104D80008464E9F351F2A6F84C00D4F88434642228
:104D9000A3F89220D5F8D8002149E9F369F240B18F
:104DA000D5F8D8001E49D4F88464E9F33DF2A6F89A
:104DB0009200D4F884340122A3F89620D5F8D800C4
:104DC0001849E9F355F240B1D5F8D8001549D4F89F
:104DD0008464E9F329F2A6F89600D4F88434042216
:104DE000A3F89E20D5F8D8000F49E9F341F240B16D
:104DF000D5F8D8000C49D4F88464E9F315F2A6F884
:104E00009E00D4F884346422A3F894200122A3F8ED
:104E1000982070BD079A0200239A0200E3990200CD
:104E2000749B0200CD990200B5990200F7B5036AA0
:104E3000044693F9FC00421C2CD0236893F87C2094
:104E40000A2A02D8FEF308F225E0D3F8D850144914
:104E50002846E9F3E9F113498DF804002846E9F3FF
:104E6000E3F111498DF805002846E9F3DDF100254D
:104E70008DF806002E4601AF7857FEF3EDF176B2BD
:104E8000E8550135B042A8BF0646032DF6B2F2D16F
:104E9000304600E00820236A83F8FC00FEBD00BF16
:104EA000F5990200FB990200019A02000368D0F80C
:104EB000842470B5D3F8D8500323D371D0F8842458
:104EC00004461372D0F88424444982F8AD30D0F8F7
:104ED0008424284682F8AE30E9F3A6F140B220B926
:104EE00028463F49E9F3A0F140B2431E0E2B0CD8EF
:104EF0000128D4F8842401D1002302E0022804D13F
:104F00000123D371D4F884241372D4F8843493F831
:104F10001C210AB10322DA7132492846266AE9F3D4
:104F200083F186F8FC002046FFF780FF2E492846D3
:104F3000266AE9F379F186F8FD002046FFF7E0FCE8
:104F4000236A93F8FD2083F8FE20216841F26B026A
:104F5000D1F8D430186B904229D1226A92F9FC0022
:104F6000082824DC9B6AD12B12D0E92B10D0902B7F
:104F70000ED08B2B0CD08D2B01D10D2315E0932B54
:104F80000AD1B1F87A301B051B0DB3F5826F01DC35
:104F900018230AE01B2308E08E2B01D1102304E024
:104FA000D62B01D0E42B02D1172382F8FC302368E2
:104FB00040F27452D3F8D4309B6A934203D040F24B
:104FC000C652934207D1236A93F9FC20082A02DCD7
:104FD000172283F8FC20012070BD00BF579A020001
:104FE0001F9A0200959B0200519A020010B50446D8
:104FF0001C49806822460023F9F350F6C4F8E80102
:1050000070B3A068184922460023F9F347F6C4F8A4
:10501000000228B3A068154922460023F9F33EF6A2
:10502000C4F85003E0B1A068114922460023F9F307
:1050300035F6C4F8540598B1A0680E4922460023FD
:10504000F9F32CF6C4F8F40550B10023A0680A491E
:105050002246F9F323F6C4F8C407003018BF012034
:1050600010BD00BF713D82005D01820075EF8100BF
:105070001DFD8100CD378200A5CF810070B5FF22D4
:105080000446012384F8732484F8DB2241F20101F1
:10509000D4F8842400260376A4F85814642003214D
:1050A00084F8400584F8763484F87264D171D4F8B9
:1050B000842440F62A151172A4F85A54A4F85C54BA
:1050C000A4F85E54A4F86054A4F86254A4F864549C
:1050D000A4F86654A4F86E1440F62B150221A4F827
:1050E0006854A4F8701407250421A4F86A54A4F89D
:1050F0006C14A4F82E06A4F8686384F82062A4F85F
:105100002C6684F8346284F8236284F8216284F87F
:10511000F26484F8B06284F8276521684FF0FF30AC
:1051200081F8533048632168204681F84130216876
:1051300081F84230216881F8D160216881F84360AC
:10514000216884F80E6284F80F62C4F8506681F812
:105150009430216881F8F530216881F8F4302168B5
:1051600081F89D30216881F83431216881F86931F6
:10517000216881F82861216881F86161216881F8DE
:105180006A612268966684F8643384F8653392F81D
:105190004F10890718BF82F85230032301250022DF
:1051A00084F8DC3184F8E4314FF44873A4F83435E2
:1051B00084F85065A4F84E2584F8DC5505F096DD9A
:1051C000052384F82036236884F8206184F8585633
:1051D00083F8115123684FF0FF31A4F87017A4F839
:1051E000541884F8736784F8A15784F8B05783F88B
:1051F0004251236883F84351236883F85C61236834
:1052000083F86451236883F86651236883F86B51EF
:10521000236883F86751236883F86851236883F80B
:105220003B612368C3F83C6170BD2DE9F0470F4630
:105230009246002834D00468002C35D04FF0000886
:10524000C14628E0D4F8C40239464044E8F300F2ED
:10525000E8B9D4F8C8324FEA890653F829305345E3
:1052600015D1D4F8C43243445D6B013D5D63EDB9A3
:10527000184629463822E8F35FF1D4F8C8022946D7
:1052800080190422E8F358F12846BDE8F08709F1B7
:10529000010908F13808236893F8B4309945D1DB47
:1052A0006FF01D00BDE8F0876FF01D00BDE8F087CE
:1052B000F8B500250F4606682C4608E0D6F8C4026B
:1052C00039464019E8F3C4F1383538B10134336850
:1052D00093F8B4309C42F1DB6FF01D042046F8BD1A
:1052E0002DE9F0478A461146984691460468FFF733
:1052F000DFFF031E05DA2368002693F8B420354645
:105300003BE0D4F8C822382042F82380D4F8C422E5
:1053100000FB0320436B013343630020BDE8F087AB
:10532000D4F8C43206F138019F5D98191FBB494675
:105330001F22E8F3D9F1D4F8C4320C999E19089BC6
:10534000C6F820A0B362099B384673620A9BF362D9
:105350000B9B3363D4F8183743F8351003EBC502C1
:105360000D9B5360736B01337363D4F8C83243F8F9
:105370002580BDE8F08701350E469542D0DB6FF001
:105380001500BDE8F0872DE9F04107680C46154689
:105390009846D7F8CC02002604E003689C420BD064
:1053A000064600690028F8D111E0002303610EB120
:1053B000306101E0C7F8CC02069B80E83001C36091
:1053C0000020BDE8F0816FF01500BDE8F0811420E9
:1053D000EDF3C8F00028E8D1F5E7000013B500238D
:1053E0000446009321460068194AFFF7CCFF0146A6
:1053F00058BBD4F888040322164B05F07FFF014602
:1054000018BBD4F888040222134B05F077FF01463D
:10541000D8B9D4F888040522104B05F06FFF014677
:1054200098B9D4F8880406220D4B05F067FF0146B1
:1054300058B9D4F8880408220A4B05F05FFF002809
:1054400014BF4FF0FF30002001E04FF0FF301CBDD3
:10545000C9A381002DCC8100B12C8200F92E8200DD
:10546000FD4E000029FD8100026810B5D2F8CC0283
:1054700000230EE00468A14209D101690BB1196152
:1054800001E0C2F8CC12EDF37FF0002010BD03461E
:1054900000690028EED16FF01D0010BD41F2E44319
:1054A000984208D10023064A9A5A8A4205D002330C
:1054B000B3F58C7FF7D1002070470120704700BF03
:1054C0005C9A02002DE9F043D0F854530021C82221
:1054D00087B004462846E8F32FF06423EB850323C6
:1054E00085F8603000220123D4F858014FF4805130
:1054F00039F042D8FF28074605D1236A1869196890
:105500004DF094D90746236A6F860021A4F856749B
:10551000204607F46057B3F808801E680CF008DBDB
:10552000B7F5205F05F1380908D0B7F5C05F07D09F
:10553000B7F5805F14BF0A27142702E0A02700E018
:1055400028270021FF238DE80A00D4F88434029034
:1055500003971B7942460493484633465BF07ADA58
:10556000236893F84F309A0703D0EB8843F0200369
:10557000EB8007B0BDE8F08382B010B5142461431E
:10558000D0F8D44203936350059B60184360069B98
:1055900002618360049BC360BDE8104002B07047A5
:1055A00030B503680446DB6985B09A6D4068D4F86D
:1055B0003C16DB6DF9F738FBC4F83806002800F01C
:1055C000DE81204604F068F9C4F8E805002800F000
:1055D000D981204605F04AFEC4F88804002800F06E
:1055E000D481204603F048F9C4F82801002800F0CF
:1055F000CF81204607F098FBC4F82401002800F072
:10560000CA81204604F0D6FCC4F89406002800F0B5
:10561000D181204605F08EF8C4F8A406002800F0D9
:10562000CC81204604F0F2FE002840F0C9812046DB
:1056300004F04EFF002840F0C381204604F076FFBE
:10564000002840F0BD81204604F0D4FF002840F03F
:10565000B781204605F00AF8002840F0B1812046C5
:1056600005F020F80546002840F0AA810321D4F86F
:10567000A4060A4605F054F9C4F8BC06002800F058
:10568000A281D4F8A40602212A4605F049F9C4F8FB
:10569000C006002800F09A812946C04AC04B204627
:1056A0000095019407F084FBBE4B1A1D07CA1B68C6
:1056B0008DE80700082122462046FFF75DFF20689D
:1056C00006F062FA204606F065FFC4F87804002868
:1056D00000F07F81204606F0A7FFC4F87C04002874
:1056E00000F07981204607F035F8C4F880040028DE
:1056F00000F07381204601F063FEC4F8180500280D
:1057000000F06D81A84B2046C4F8543101F0E8FD4B
:10571000C4F83001002800F06481204601F0A0FBAD
:10572000C4F83401002800F05E81204601F000FD3D
:10573000C4F83801002800F05881204601F092FC9E
:10574000002840F05581204607F092FBC4F85C0128
:10575000002800F05081204607F06CF9C4F860087A
:10576000002800F04A8120682146A2688F4B03F090
:10577000CBFEC4F89802002800F04181204603F0D7
:10578000BBFBC4F86001002800F03B81884B204639
:10579000C4F82C3105F000FBC4F84401002800F0E7
:1057A0003281204607F01EFFC4F84801002800F0AF
:1057B0002C81204605F074FCC4F84C01002800F050
:1057C0002781204602F0D6F8C4F84001002800F0F6
:1057D00021812368012283F8A120204604F0EAF801
:1057E000C4F89C06002800F01781204607F09EFBB5
:1057F000002840F01381204605F0E4F9C4F8500178
:10580000002800F00D81204605F004F9002840F042
:105810000981204600F03CFEC4F87001002800F029
:105820000381204603F09AFDC4F87801002800F0B7
:10583000FD80204607F010F8C4F87C01002800F035
:10584000F880204607F010FFC4F87401002800F02B
:10585000F380204600F0BAFDC4F88401002800F06F
:10586000ED80204603F034FDC4F88801002800F0E4
:10587000E780204607F0BEFFC4F89401002800F03E
:10588000E180204600F06AFEC4F88C01002800F098
:10589000DB80204607F070FFC4F89C01002800F070
:1058A000D580204669F094DE60B1204608F036F8D5
:1058B000C4F86408002800F0C9802368012283F836
:1058C000322102E0236883F83201204607F08EFA85
:1058D000C4F8F806002800F0BB80204605F002FB63
:1058E000C4F87C06002800F0B580204605F0C4F816
:1058F000C4F88006002800F0AF80204607F03EFC88
:10590000C4F8D006002800F0A9802368012283F89B
:10591000A320204600F0E2FEC4F8A006002800F014
:105920009F80204603F0D4FFC4F8CC06002800F086
:105930009980204603F08AFEC4F8D406002800F0BF
:105940009380204606F08EFDC4F8DC06002800F0A7
:105950008D80236893F869313BB1204603F09CF8B1
:10596000C4F8A001002800F08380204605F022FB47
:10597000C4F8F00600280CBF7620002079E04FF430
:10598000967076E040F22D1073E04FF4977070E05F
:1059900040F22F106DE04FF498706AE019348200E5
:1059A000E5338200389A0200EFBEADDE41FF810090
:1059B000EFBEAD0D40F231105BE04FF4997058E04E
:1059C00040F2411055E040F2471052E04FF4A4700D
:1059D0004FE024204DE025204BE0262049E02A20FE
:1059E00047E0312045E0322043E040F2F51040E04E
:1059F0004FF4FB703DE035203BE0BD2039E039201D
:105A000037E03C2035E03E2033E040F26D2030E0CE
:105A10003F202EE043202CE06A202AE0472028E0A7
:105A2000492026E0482024E04A2022E040F2E520F8
:105A30001FE040F2E6201CE04B201AE05A2018E05C
:105A40005B2016E05E2014E05F2012E0632010E08F
:105A500065200EE008480CE067200AE06C2008E0B2
:105A60006E2006E06F2004E0702002E0722000E06B
:105A7000732005B030BD00BF50464D00F8B5044658
:105A8000002800F0A6800FF099D9D4F8F415D0F1D1
:105A9000010638BF002621B1A068F9F37BF000B9F8
:105AA00001362046D4F82C1305F00CDF2046D4F83C
:105AB000DC1405F007DF2046D4F8341305F002DFCC
:105AC000D4F8400308B1ECF35FF5D4F8980220B1A4
:105AD00003F070FD0023C4F89832276AB96911B148
:105AE000204661F09BD80025BD61D4F86432595935
:105AF00011B1204632F098DA0435202DF5D1D4F8D2
:105B0000580103F0B3FA2046FEF737FFD4F8180522
:105B100020B101F031FC0023C4F818352046FEF70F
:105B200072FF204602F042FA23688619D3F8D41097
:105B300031B1606802F035FA23680022C3F8D4203E
:105B40002368D3F8D80028B1ECF31EF523680022AF
:105B5000C3F8D820D4F8D05204E02846EF68ECF31C
:105B600013F53D46002DF8D12146C4F8D0522068E7
:105B7000FFF77AFC206818492246FFF756FBD4F855
:105B8000640118B107F09EF8C4F86451D4F89C027F
:105B900020B1ECF3F9F40023C4F89C32D4F8F804F3
:105BA00048B1ECF3F1F40023C4F8F83403E02046E4
:105BB000616815F037D8D4F89422002AF7D104F59B
:105BC000C6600C30F8F7B2FF2046616801F08AF831
:105BD00000E006463046F8BDDD5601002DE9F04FE5
:105BE00091B0002491461B9E9DF868200790DDF837
:105BF00078B02046099198460892DDF880A00C9470
:105C00000D940E94E3F792FB484631461C9A1D9B77
:105C1000CDF800B00CF031F8054608B1012376E369
:105C2000FEF71AFE0DAB01930EAB029348463146C8
:105C30001C9A1D9BCDF800B002F0AEF9074618B9CA
:105C400001230C93044688E30D9848B1AA49E8F370
:105C50000FF328B129462A46E8F3A6F01FFA80F987
:105C60001F9B3046009341460CAA4B4601F06CF84E
:105C70000446002800F0898305680E9A46600D9B53
:105C8000C5F8DC20D0F88424FF21C5F8D470C5F80D
:105C9000D83082F86010426A0023C261079A0D93DF
:105CA0008260964AC5F80C80C5F8A4206E610E93F8
:105CB000012280F84226D0F8E022C0F8A4B163F3B4
:105CC0001722C0F8E022089A414685F8212080F882
:105CD000CF31032380F84135FFF7D0F9236804F56D
:105CE000C662DB696068196E0C32F8F7E2FE07469F
:105CF000002840F032832046394605F007D8204678
:105D000007993246434606F045FFC4F8640108B9D6
:105D10000F23FCE27A4B28468DE88800794B7A49BC
:105D200004937A4B7A4A0593234602970397FFF729
:105D3000D7FA08B11023EAE2089B1C9A8DE84800C4
:105D40001D9B02920393204609994A464346CDF88B
:105D500010B002F01DFA0C90002840F0FE8223697A
:105D6000D86FFEF76AFAA4F84006B4F8AA010DF05D
:105D7000CFD9003018BF01200A3054F820300AA9CA
:105D8000236220692FF0FCDF00283DD10A9B0746E3
:105D9000C4F8B03139460FAA204604F0ADDC3946CC
:105DA0002046BDF83C20013704F0AADC062FF1D1D3
:105DB0004FF44073C5F8E8302A23C5F8B8303223D1
:105DC000C5F8BC3036234FF47D62C5F8C43040F2CC
:105DD000D453A5F8CA20A5F8C0304FF45D72002353
:105DE00085F8B670A5F8C82084F89437D5F8B8308F
:105DF000842B02D98423C5F8B8304FF40470ECF337
:105E0000B1F3C4F89C0208B9142380E24FF4047281
:105E10000021E7F391F322460023D2F8A002D4F840
:105E20009C12043241F82300D4F89C1251F823103C
:105E30008B710133042BF0D1012385F89330236A51
:105E40001869EEF7A1FF00F0010085F85400236AFD
:105E50001869EEF799FFC0F3C00085F85500294690
:105E6000204607F0EDF92B49D5F8D800E8F3DCF12E
:105E7000D5F8D42040F26E51936A07468B4208D081
:105E8000126B41F26B018A425AD1D12B01D0E92B1E
:105E900012D1D4F88434192283F84920D4F88434F8
:105EA0004FF0FF325A64642283F87A20D4F88434A5
:105EB000012283F8302059E0B3F5897F11D8B3F57A
:105EC000887F32D8F52B07D8F42B2ED2E42B2CD098
:105ED000EF2B2AD0D62B27E0A3F58773012B45D8CB
:105EE00023E0B3F59A7F17D2B3F5987F1DD840F21F
:105EF0001712934218E000BF839B020000315F0736
:105F000001638200EC56010008D68800514F000062
:105F1000DD560100899B0200B3F59A7F26D9B3F5BF
:105F20009B7F02D9B3F5A57F20D1D4F884343222E7
:105F300083F87A20D4F88434642283F8492010E06E
:105F400041F2E4418A4211D140F2DA5293420DD13A
:105F5000D4F88424642382F87A30D4F8842482F834
:105F60004930D4F884344FF0FF325A642046FEF7AB
:105F7000CDFED4F884341922A3F8AA20204607F0D5
:105F80007FF8D4F88434226A19781069DA784EF0F0
:105F9000D1D8D4F878364FF0010983F83490E1690C
:105FA0002069043103F0D7FD236AD4F884B418695A
:105FB0004EF0D8D9CBF8400004F5E47B206959466F
:105FC0002EF064DF0622281D5946E7F331F2B4F8BB
:105FD000AA010DF09DD8003018BF01200A3054F8F6
:105FE000203020462362FEF761FF08B918238EE1B6
:105FF000216A0F2340F2FF32A1F80031A1F80221FB
:1060000001F1F80301F1F402204601F01BFC236AC0
:10601000D3F8F420C3F8F020C3F8E820D3F8F82030
:10602000C3F8EC201A68022A08BF83F8159007F01D
:106030000103002B0CBF0323002385F84F30236A94
:106040001869EEF7A1FE10F40060236806D093F8FB
:106050004F2002B1012283F8512001E083F8510062
:10606000216A20461C3106F06DDA00212046D4F862
:1060700020900BF05DDD00227F2309F15001009399
:106080000190134609F11C005AF020DD204664F00F
:106090002FDF40F2CC63C4F828362046FFF780FAA1
:1060A0000C90002840F05981D4F8800402219DF919
:1060B0002C2059F0F9DD20464146FEF797FF10B934
:1060C0004FF47A7323E1204602F0F4FFC4F858013C
:1060D00010B940F2E9331AE12046FFF7F3F9204600
:1060E000314614F07FDD10B940F2EB330FE1C4F814
:1060F000BC05C4F8C0053146204614F073DD10B964
:106100004FF47B7303E10123C4F8C40585F8A8307C
:10611000204602F045FC10B140F2ED33F7E00623D3
:10612000A5F86030A5F8623095F89C30012B04D1B9
:106130004022A5F86020A5F86220D5F888300A2210
:106140001A804FF454725A80D5F88C300126C4223C
:106150001E805A80D4F830011FF0C8DD08B184F8E1
:106160000E62B4F8E13243F4C05343F01E03A4F8C6
:10617000E132236A1869EEF707FEC10607D5D4F8A5
:10618000843401229A74D4F88434FF22DA74B4F887
:10619000E1224FF2FF731340D4F88424A4F8E132D3
:1061A000D278012A07D123F4006323F00C031B04E7
:1061B0001B0CA4F8E132FF260221012284F8E062E0
:1061C00084F8DF6284F8DE62204603F0BDDB012143
:1061D0003246204603F0B8DB236A4FF0FF38C4F89C
:1061E00014821869EEF7D0FD10F00406204605D0A1
:1061F0000321FEF3C3F684F81C8204E03146FEF36B
:10620000BDF684F81C62236A1869EEF7BDFD3A07F3
:1062100002D5002384F81C32FB0603D5204600215A
:10622000FEF3ACF6BE070ED5A26A002382F84D300D
:10623000E26A82F84D30B4F8E13223F080031B04A7
:106240001B0CA4F8E132780703D52046002164F046
:10625000D5DF390607D5B4F8E13223F010031B046B
:106260001B0CA4F8E13295F84130A3B195F8423007
:106270008BB117F0600F0ED007F02001D1F10101B2
:1062800007F0400238BF0021D2F10102204638BF9A
:10629000002200F00FFFB4F8AA010CF039DF003043
:1062A00018BF012000F10A0654F82670D4F86812CD
:1062B0002046384A3B4660F06FDCB86154F826103F
:1062C000886910B940F24C4321E0503128223C301B
:1062D000E7F3AEF01420ECF34BF1C4F8300710B93B
:1062E00040F24D4313E0AB6D204643F00403AB6531
:1062F0000EF078DD2046FFF771F810B14FF4FA6325
:1063000005E0204603F0DEF818B140F2D1730C939B
:1063100023E023682049D3F8D800E7F3A9F770B148
:106320000346184613F8012B1AB11C498A5C520720
:10633000F7D500210A22E7F337F5C4F88406A068F0
:106340000021F8F3A7F4012384F8A837BAF1000F6D
:1063500017D00023CAF8003013E00D9820B1ECF3F9
:1063600013F100230D930E9314B12046FFF786FB23
:10637000BAF1000F04D00C9B0024CAF8003000E0F2
:106380005446204611B0BDE8F08F3046394601F042
:1063900008FEE2E710570100489A02000AA08800B0
:1063A00038B5044670B1056821462868FFF75CF8E7
:1063B000286805492246FEF738FF2046BDE83840E8
:1063C000ECF3E2B038BD00BF1657010070B5066AA5
:1063D0008EB005463820ECF3CBF0044600282FD0D1
:1063E0001B4B0560009300230193029303930493D6
:1063F000059328681749184A2346FEF771FFF8B934
:10640000164B214600932868154A0223FEF7BBFF6E
:106410000546A8B929461C2204F10B00E7F38CF0CD
:106420003069316807AA4CF025DA234607AAD97AE1
:10643000AA5C01350A43DA7201331C2DF6D103E060
:106440002046FFF7ADFF002420460EB070BD00BF10
:10645000C54F830084E188001657010074E188006D
:106460007D4F830038B5044670B105682146286821
:10647000FEF7FAFF286805492246FEF7D6FE2046B9
:10648000BDE83840ECF380B038BD00BF1A570100BA
:1064900030B5054687B00C20ECF36AF004460028BE
:1064A0003FD000230560012100930190204A284637
:1064B000204B02F037FA0028606032DB1E4BD5F823
:1064C00094068DE81800052121221C4B03F0F2FBF5
:1064D00038BB1B4BD5F894068DE818000521242203
:1064E000184B03F0E7FBE0B9174B019000930290C3
:1064F00003900490059015492868154A2346FEF735
:10650000EFFE70B9134B286800932146124A03230B
:10651000FEF739FF28B92A680123A36082F8A93061
:1065200003E02046FFF79EFF0024204607B030BD61
:106530007954830075548300C15583007D548300D2
:10654000915683009D5483004D558300C0E188001F
:106550001A570100A8E18800D154830030B50546E0
:1065600087B000286DD00820ECF302F00446002824
:1065700068D000230560142100930190354A284615
:10658000354B02F0CFF9002860605EDB334B4FF4EF
:1065900098718DE818006B22D5F89406304B03F003
:1065A00089FB002851D12F4B05218DE818006B2263
:1065B000D5F894062C4B03F07DFB002845D12B4BDE
:1065C0004FF490718DE818006C22D5F89406284B92
:1065D00003F070FB002838D1264B4FF490718DE802
:1065E00018006F22D5F89406234B03F063FB0028B4
:1065F0002BD1224B0A218DE818006E22D5F8940683
:106600001F4B03F057FB00281FD10095D5F89406C7
:106610000A216E221B4B03F003FEB0B91A4B019006
:106620000093029003900490059028681749184A37
:106630002346FEF755FE40B92B68012283F8AC20B3
:1066400000E00446204607B030BD2046EBF39CF73F
:106650000024F7E7215C8300015C8300395E83003E
:10666000555C8300195E8300355C8300595E8300AE
:10667000815C8300C55E8300C15C8300F15E8300A2
:10668000ED5C8300E15B8300195D8300D8E1880045
:106690001E57010010B5044650B10368054918683B
:1066A0002246FEF7C2FD2046BDE81040EBF36CB772
:1066B00010BD00BF1E57010010B5044650B103685D
:1066C000054918682246FEF7B0FD2046BDE8104097
:1066D000EBF35AB710BD00BF999B020070B5054699
:1066E00086B00820EBF33EF70446002800F0B9809E
:1066F0005F4B05604FF49071009301903022D5F804
:1067000094065C4B03F0D6FA002840F0AA805A4B5E
:10671000D5F894068DE818004FF49071F422574B89
:1067200003F0C8FA002840F09C80554BD5F8940639
:106730008DE818000A21F422504B03F0BBFA002820
:1067400040F08F804F4BD5F894068DE818004FF439
:106750009071A0224C4B03F039FB002840F081805F
:106760004A4BD5F894068DE8180005213022484B95
:1067700003F0A0FA002874D1464BD5F894068DE8B2
:1067800018000521F422444B03F094FA002868D144
:10679000424BD5F894068DE818000521A022404B05
:1067A00003F014FB00285CD1D5F8940605213022B3
:1067B0003C4B009403F034FD002852D1D5F89406E8
:1067C0000521F422384B009403F02AFD002848D11B
:1067D000D5F894060521A022344B009403F0A6FDC1
:1067E00000283ED1D5F89406C0213022304B0094C9
:1067F00003F016FD002834D1D5F89406C021A0225C
:106800002C4B009403F092FD58BBD5F89406C021A0
:10681000F422294B009403F003FD10BBD5F8940635
:106820000A21F422254B009403F0FAFC0646C0B975
:106830008DE8110001212846214A224B02F072F80E
:10684000002860600DDB204B28688DE848001F4958
:106850001F4A23460296039604960596FEF740FDCE
:1068600018B12046FFF728FF0024204606B070BD6F
:1068700059638300216383003BA10000D59C000085
:10688000E5A000006D6383003D638300996283008F
:106890002161830077A0000031A00000E96283003D
:1068A00071618300A96183000D9D00001D6283005A
:1068B0003D668300556683005D9C00008F9C000050
:1068C0008563830081638300B964830038E28800B4
:1068D000999B02002023402180E80A00C0F8B010F4
:1068E000C16218214FF4F0628163016401651D21CA
:1068F0002DE9F04182600B251022C16505210A2493
:10690000C2604561856142620425C0F8B820016615
:1069100080224FF4F0714FF480660461C461856297
:10692000012409254FF0140C4263112708228166C7
:106930004FF027080321C0F8B43004624466C464F1
:1069400043658567C0F830C0C2638765C666066761
:106950004167C0F87C80C0F8A440B024C0F8C040B3
:106960004824C0F8C4406024C0F88450C0F888505F
:10697000C0F8C84002253024C0F8E030C0F8F0303C
:10698000D3234FF01208C0F88C50C0F89050C0F8D4
:106990009C50C0F8A050C0F8CC404FF4FA650624D3
:1069A000C0F8F4300023C0F88080C0F894C0C0F86C
:1069B0009810C0F8A810C0F8AC20C0F80021C0F8AA
:1069C0000421C0F8D040C0F8D470C0F8D850C0F846
:1069D000DC20C0F8E840C0F8E460C0F8FC30C0F843
:1069E000F810BDE8F08101207047704738B50446C3
:1069F000D0F82C0320B1EBF3C7F50023C4F82C33F7
:106A0000D4F8340320B1EBF3BFF50023C4F83433DA
:106A1000D4F8180730B1236823B1EBF3B5F50023A0
:106A2000C4F81837D4F8C40218B123680BB1EBF3DB
:106A3000ABF5D4F8C8020025C4F8C45228B12368C5
:106A40001BB1EBF3A1F5C4F8C852D4F8640208B145
:106A5000EBF39AF5D4F854030025C4F8645218B146
:106A6000EBF392F5C4F85453D4F8140320B1EBF3CC
:106A70008BF50023C4F81433D4F8D40208B1EBF337
:106A800083F500256319D3F8A032D3F8E00008B1EC
:106A9000EBF37AF50435102DF4D1D4F8A00208B147
:106AA000EBF372F5D4F8840420B1EBF36DF5002319
:106AB000C4F88434D4F8DC0420B1EBF365F500238A
:106AC000C4F8DC34D4F8280520B1EBF35DF50023DD
:106AD000C4F8283538BD10B50C46D1B1C86918B115
:106AE000EBF352F50023E361D4F8880020B1EBF317
:106AF0004BF50023C4F88830D4F88C0020B1EBF3B8
:106B000043F50023C4F88C302046BDE81040EBF379
:106B10003BB510BD70B504464FF4B8701646EBF3A4
:106B200027F50546A8B14FF48470EBF321F5E86131
:106B300078B13146FFF7CEFE4FF45470EBF318F501
:106B4000C5F8880028B1C420EBF312F5C5F88C0015
:106B500020B929462046FFF7BEFF0025284670BD14
:106B60002DE9F0411D4600260368C0F8C46293F881
:106B7000B430044638205843EBF3FAF4C4F8C402A6
:106B8000002855D0236893F8B4008000EBF3F0F4AC
:106B9000C4F8C80210B940F2F53394E04FF4007025
:106BA000EBF3E6F4C4F81807002800F09580C4F869
:106BB00064622020EBF3DCF4C4F8640210B94FF4F3
:106BC0007E7380E0C820EBF3D3F4C4F8540310B90B
:106BD00040F2F23377E04FF4B870EBF3C9F4C4F845
:106BE000840410B940F2F9336DE08020666AEBF35B
:106BF000BFF4B06210B940F2034364E04FF4847014
:106C0000EBF3B6F4C4F82C0310B940F2EF335AE0BA
:106C10004FF48470EBF3ACF4C4F8340310B94FF4C0
:106C20007C7350E01220EBF3A3F4C4F8140310B902
:106C30004FF47D7347E0B420EBF39AF4C4F8D40228
:106C400010B940F2F6333EE04FF46470EBF390F489
:106C5000C4F8A002F0B100F1E403C4F8A43200F5D6
:106C6000E47300F52B70C4F8A832C4F8AC022646D1
:106C700004F110072368D6F8A082DB69D3F8D400AA
:106C80004001EBF375F4C8F8E000D6F8A032D3F871
:106C9000E00010B940F2F73315E00436BE42E9D106
:106CA0004FF48470EBF364F4C4F8DC0410B940F2E0
:106CB000FB3308E04FF48670EBF35AF4C4F8280570
:106CC00020B940F2FF332B60BDE8F0813820EBF3B0
:106CD0004FF4C4F8780610B94FF48163F3E701204C
:106CE000BDE8F08138B50D46044600282BD0FFF7EB
:106CF0007CFE20462946FFF779FEA06A08B1EBF337
:106D000043F4636A5BB1986A20B1EBF33DF4636AC4
:106D100000229A62606AEBF337F400236362D4F8CE
:106D2000780620B1EBF330F40023C4F878362168FC
:106D300021B12846FFF7CFFE002323602046BDE89F
:106D40003840EBF321B438BD2DE9F341064640F657
:106D50007400884615461F46EBF30AF4044610B942
:106D600040F2EA3310E02623C0F8E035C0F8E435FD
:106D7000089B4146C0F81C373A463046FFF7CAFE2A
:106D8000206018B940F2EB332B602DE040231A4A03
:106D900080F8B430236812680460C3F898204FF478
:106DA0000870EBF3E5F3A06240B100F58870E06293
:106DB0002C20EBF3DDF3606230B902E040F2F233F5
:106DC000E2E740F2F333DFE72046314642462B4606
:106DD0000097FFF7C5FE38B12046314642462B46A4
:106DE0000097FFF700FE20B920463146FFF77AFFF3
:106DF00000242046BDE8FC814404000003680B2207
:106E0000DB69C3F8BC205A619A61704710B504462B
:106E1000F8B1D0F8500208B1EBF3B6F3D4F8E802B9
:106E200020B1EBF3B1F30023C4F8E832D4F8FC034B
:106E300020B1EBF3A9F30023C4F8FC332368054920
:106E400018682246FEF7F1F92046BDE81040EBF342
:106E50009BB310BD6E7D890080F8C01370470000A1
:106E6000F0B587B00546FFF7C9FF4FF48160EBF33B
:106E700079F30446002800F0D48000214FF48162A9
:106E80004026E6F359F3256084F8E163BC20EBF378
:106E900069F3C4F85002002800F0BA800021BC2237
:106EA000E6F34AF30123A3726373A373E373A3743A
:106EB00094F8E13300223F2BE67498BFE374FF237C
:106EC00084F828300B23227462742273E272052145
:106ED000022284F8DE33002384F8271084F82D2062
:106EE00041F2285084F82C306085286890F89C0086
:106EF000217501280CBF0120104684F82E000120C6
:106F000084F8C0034FF40060A275606322462146F6
:106F10000520D0750220D07723B94FF48070A4F8F3
:106F2000E40302E02020A1F8E4030133013202313E
:106F3000082BEDD100260127204641F2285184F884
:106F40002F6084F8307018F0D1DA0221204685F8DD
:106F5000DA721AF011DE84F8D86304212846324A26
:106F6000324B0096019401F0DDFCB042C4F80004FD
:106F70004EDB042128462E4A2E4B0096019405F044
:106F800017FFB042606043DB4FF43E70EBF3EAF270
:106F9000C4F8E80200283BD031464FF43E72E6F3D5
:106FA000CBF21020EBF3E4F2C4F8FC0300282FD05E
:106FB000214B28680093214B21490193214B224A00
:106FC00003932346029604960596FEF789F9F8B9CD
:106FD0001E4B84F854721A1D07CA8DE8070022461A
:106FE0001B6828460721FEF7C7FAFF2384F8DD3324
:106FF0002B68204693F841101BF03CDDC823C4F8F1
:10700000EC3220461BF04AD8202384F8E23308E013
:10701000D4F8500208B1EBF3B7F22046EBF3B4F228
:107020000024204607B0F0BD01918300E590830065
:10703000A1918300819183006199830099B78300B6
:107040005CE2880015AA83006E7D8900A09B020087
:10705000024618B100680249FEF7E7B8704700BF62
:107060005D89890010B5044686B00E490E4A234654
:1070700000680AF0F1D90D4B2068009300230193BA
:1070800002930393049305930949064A2346FEF7A6
:1070900027F920B12046FFF7DBFF4FF0FF3006B0A5
:1070A00010BD00BF5D89890021CF830015CE83000C
:1070B0004CE3880038B50446D0F834011546FFF794
:1070C000CBFED4F838012946BDE8384000F02CB892
:1070D00010B50446002824D0416969B190F82930E0
:1070E0001BB103689868F7F355F5236861699868E0
:1070F000F7F3BCF500236361A06908B1EBF344F238
:10710000E06918B1EBF340F20023E361236805491D
:1071100018682246FEF789F82046BDE81040EBF3D8
:1071200033B210BD7686890080F8281070470000C1
:1071300070B5054686B03420EBF314F204460028FF
:1071400000F0928000213422E6F3F6F1402325601E
:1071500084F82A305020EBF305F2A06100287BD0A0
:1071600000215022E6F3E8F1012384F8203084F86E
:10717000213084F8223084F8233084F8243084F8D5
:10718000253084F8263084F8273023721023637268
:1071900094F82A300F2B98BF63722B6A0026186967
:1071A000EDF7F2FD4FF47A73E381C823238200F0F8
:1071B0001000012300280CBF0520072084F8283088
:1071C00003232073E3722046A6721DF0FDDC042128
:1071D0002846274A274B0096019401F0A3FBB042B2
:1071E000206339DB04212846234A244B009601946E
:1071F00005F0DEFDB04260602EDBA8682049224623
:107200003346F7F34BF5606130B34FF4BA70EBF3EC
:10721000A9F1E06100B331464FF4BA72E6F38CF1A4
:10722000184B28680093184B18490193184B194ABA
:107230000393194B02960493184B05932346FEF7CC
:107240004FF8064640B92B68204693F842101DF0CF
:107250006DDC84F8296007E0A06908B1EBF394F1D4
:107260002046EBF391F10024204606B070BD00BF2C
:1072700005DF8300EDDE830061DF830041DF8300F3
:1072800071E28300DDDF830045E5830088E3880049
:1072900029E18300768689004457010025A3000078
:1072A0000023037440F6FB63C381704710B50446A6
:1072B00090B11EF025D9606808492246FDF7B5FF58
:1072C000E06E08B1EBF360F1206EEBF35DF1204668
:1072D000BDE81040EBF358B110BD00BF6E888900C7
:1072E00030B5054687B07020EBF33CF1044600282A
:1072F00034D000217022E6F31FF12B682560636013
:107300001820EBF32FF1206620B300211822E6F3BA
:1073100013F16420EBF326F1E066D8B1002164227A
:10732000E6F30AF10F4A104B0292104A0093002331
:10733000019303920493059360680D490D4A234617
:10734000FDF7CEFF30B901236382A3822046FFF709
:10735000A7FF03E02046FFF7A9FF0024204607B05F
:1073600030BD00BFDDF1830095EE830075F0830032
:10737000DCE388006E88890070B50446E8B1856951
:10738000C669284600F016F9616C41B1A868F7F3A8
:1073900001F4A868616CF7F369F400236364224682
:1073A00030460649FDF741FF28682146FEF75CF8A4
:1073B0002046BDE87040EBF3E7B070BD826A8900FB
:1073C0002DE9F0433C234FF005090A27D0F800804F
:1073D000C0F80435C0F80895C0F8107587B00446A9
:1073E000A020EBF3BFF00546002800F0B18000219B
:1073F000A0220026E6F3A0F02E70AC61C5F81C8038
:10740000284620F0AFDF0421A862554A20463346C3
:107410000096019501F086FAB042A866C0F2988005
:10742000204600F0E1F80646002840F09180A06870
:107430004C492A463346F7F331F46864002800F0DB
:107440008780494B40460093484B49490193494B3B
:10745000494A02932B46039604960596FDF740FF92
:107460000346002874D1009029462068434AFDF75E
:107470008AFF014600286BD1D4F888040122404BD2
:1074800003F03CFF002863D13E4BD4F894068DE80E
:107490001800394601223C4B02F00CFC002857D161
:1074A0003A4B32228DE81800D4F894063946384B0E
:1074B00002F000FC024600284AD1D4F8940649465E
:1074C000344B009402F0ACFE002841D1D4F894066D
:1074D00049460122304B009402F0A2FE002837D129
:1074E000D4F89406494632222C4B009402F098FEC0
:1074F00070BBD4F894064946A422294B009402F0AC
:1075000015FF28BBD4F8940649463022254B009439
:1075100002F086FEE0B9D4F89406C0212D22224B59
:10752000009402F07DFE98B9D4F8940690212D22A3
:107530001E4B009402F0D6FC50B9D8F8D8001C4974
:10754000E6F372F64FF47A7390FBF3F36B8103E08A
:107550002846FFF711FF0025284607B0BDE8F08355
:1075600001FD8300DD16840009FD8300AD0F84005A
:10757000A8E4880089118400826A89006506840075
:10758000F9078400F5138400A5118400D913840041
:107590009511840091128400C91284005512840050
:1075A000791384000D138400A9148400A5148400A9
:1075B0006885890038B5D0F81455044675B1084976
:1075C000024660F0B5D9074922462068FDF72DFE36
:1075D0002846EAF3D9F70023C4F8143538BD00BFB4
:1075E0001139840066570100F0B5044687B04FF4A6
:1075F0000A60EAF3B7F7054620B9C4F814054FF05E
:10760000FF3005E100214FF40A62E5F395F72268A7
:1076100005F120032B60002608236B612E61F82101
:10762000D36520467B4A7C4B0096019405F0C0FB55
:10763000B042A86105DA2046FFF7BCFF6FF00100F9
:10764000E6E0764B002243F8042BF2071FD574497D
:1076500001270A780D2A07FA02FE03DCD21917FA6D
:1076600002F001E04FF40040CA78012111FA02F75C
:107670000D2A47EA0E0747EA000003DC521811FA08
:1076800002F201E04FF40042024343F8042CB00739
:1076900023D5634901274A7853F804EC0D2A07FAE9
:1076A00002FC03DCD21917FA02F001E04FF40040AB
:1076B0008A78012111FA02F70D2A47EA0C0747EAF6
:1076C000000003DC521811FA02F201E04FF400420C
:1076D000024342EA0E0243F8042C710723D55049B5
:1076E00001270A7953F804EC0D2A07FA02FC03DC9F
:1076F000D21917FA02F001E04FF400404A79012153
:1077000011FA02F70D2A47EA0C0747EA000003DCEA
:10771000521811FA02F201E04FF40042024342EA29
:107720000E0243F8042C320723D53D4901278A79FC
:1077300053F804EC0D2A07FA02FC03DCD21917FAFD
:1077400002F001E04FF40040CA79012111FA02F77A
:107750000D2A47EA0C0747EA000003DC521811FA29
:1077600002F201E04FF40042024342EA0E0243F803
:10777000042C0136102E7FF465AF2A4B00210393B1
:107780002068294A234600910191029104910591B4
:10779000FDF7A6FD70BB0121D4F888040A46234BEF
:1077A00003F0ACFD48BBD4F8880401210222204B31
:1077B00003F0A4FD20BB1F4BD4F894068DE81800FD
:1077C000802105221C4B02F0F3F9E0B91B4B1A1D76
:1077D00007CA8DE807002046032122461B68FDF7F3
:1077E000CBFE20461649224660F09CD870B9C4F8FA
:1077F00014550DE06FF003000AE06FF0040007E09D
:107800006FF0050004E06FF0060001E06FF0080083
:1078100007B0F0BDC53884004538840074650100A8
:1078200060E188000D32840066570100CD2F84008E
:1078300009368400F9398400FD318400B09B0200D0
:107840001139840070B51E468B89154642F25602E6
:1078500093420C4608D842F2550293422DD242F28E
:107860005002934229D108E042F2600293421AD0BA
:107870004EF2F542934220D11AE0CB89012B04D17C
:107880006FF03B032B600F2303E06FF045032B6089
:10789000142333600368D3F88030D90412D52B68E1
:1078A000023B2B600EE06FF04A032B600F2308E0D1
:1078B0006FF095032B60962303E06FF04A032B6073
:1078C00014233360D4F8080130B300214022E5F3DB
:1078D00033F6D4F8082180231370D4F808212968DE
:1078E0005170D4F808219370D4F808313268DA70F6
:1078F000D4F80831BF221A71D4F8083100225A7125
:10790000D4F808310322DA8046221A810A225A81E9
:1079100001229A810A22DA81D4F80C0128B10021CF
:107920001022BDE87040E5F307B670BD10B50446FF
:10793000E0B103680E4918682246FDF776FCE3685B
:1079400033B1214651F80C3BD3F83C06F7F712F956
:10795000A36833B1214651F8083BD3F83C06F7F74A
:1079600009F92046BDE81040EAF30EB610BD00BF8D
:10797000969F890070B5054686B01020EAF3F2F5AF
:107980000446002837D000211022E5F3D5F5D5F8BC
:107990003C06E421194A04F10803F7F7DFF830BB8D
:1079A000D5F83C06E821164A04F10C03F7F7D6F89F
:1079B0000646E0B98DE8110004212846114A124B11
:1079C00005F0F6F90028606011DB104B2868009381
:1079D0000F4B10490193104B104A03932346029614
:1079E00004960596FDF77CFC08B9256003E0204667
:1079F000FFF79CFF0024204606B070BD6B570100C6
:107A000071570100DDBD84009DBD840075B6840002
:107A100051BE840050E6880079B68400969F8900A4
:107A200001207047012970B50E46144607D1174B47
:107A300003211046D3F8B8300A46984770BD19BBE9
:107A4000124BD3F8C050FFF7EBFF314602462046F9
:107A5000A847204601213246A84720460221324647
:107A6000A847204603210122A84720464FF48171F0
:107A70000122A84720464FF480713246A84720468D
:107A800040F201113246A84770BD00BF10A7880020
:107A9000806C20381F2805D8802333FA00F000F0CE
:107AA0000100704700207047C16FB0F84E3010B52C
:107AB0008A6AB3B1FF2B16D9180B0138012814D8E4
:107AC00003F47060000A09280FD878B103F0F000C1
:107AD00090280AD803F00F0009288CBF002001204D
:107AE00004E0184602E0012000E000200C6B41F2A7
:107AF000E4418C4215D1A2F582610739012903D8EE
:107B00003F2B98BF002010BD40F20C418A4207D0A5
:107B100040F221418A4204D1502B98BF002010BD71
:107B2000002010BD90F8763010B504463BB9044BE8
:107B300004491A682CF03CDA012384F8763010BD31
:107B400078B802007CB8020070B50C4605461646AF
:107B500008460A220021E5F3EFF463881E432B6DEB
:107B60006680980603D5238843F480632380D5F884
:107B7000943042F25002198C914205D15B8C052B56
:107B80009CBF46F00406668070BD0000D0F88000FF
:107B90000149E6F36DB300BF119C020010B5044625
:107BA0000C20EAF3DFF4C4F80C0138B10C220021F8
:107BB000E5F3C2F4D4F80C3110229A7210BD10B55E
:107BC0000446D0F80C0120B1EAF3DEF40023C4F837
:107BD0000C3110BD70B5064605460024686938B101
:107BE000064B1B6898473046214600223BF03ADEA0
:107BF00001340435062CF1D170BD00BF10A78800F8
:107C00002DE9F043046985B00546EC20A66FEAF340
:107C1000A9F43062002875D01020A66FEAF3A2F410
:107C2000706200286ED0002637460F216846384A19
:107C30003346E5F3E7F4D4F880006946E6F318F339
:107C400008B10137BFB2013640F2F1339E42ECD1A8
:107C500037B9D4F880002F49E6F30AF3002843D05F
:107C6000B8000630EAF37EF4C5F85C06002849D077
:107C70000023838000260F216846254A3346E5F31A
:107C8000C1F4D4F880006946E6F3F2F298B1D5F871
:107C90005C866946D4F88000B8F80490E6F3C4F234
:107CA00008EB89031881D5F85C369A8803EB8201CA
:107CB0000132CE809A80013640F2F1339E42DAD111
:107CC000D4F880001349E6F3D3F2D5F85C6650B1DE
:107CD000D4F880000F49E6F3A7F2D5F85C3601220C
:107CE00070801A7000E03070A36F586A60B1012391
:107CF00003808380C3800381022343810423838123
:107D0000002001E06FF01A0005B0BDE8F08300BF6D
:107D1000629C02006F9C02002DE9F04F0568C66866
:107D20002B688FB0DF6900230446009388460BA8B8
:107D30000921944A3346E5F365F4D4F81490B9F177
:107D4000000F40F01081D4F888103A6801F50071F6
:107D5000E06FD4F808A00992D7F804B0FAF798FEBB
:107D60000146A868FCF776FD002800F0058109218E
:107D7000844A0BA83346CDF80090E5F343F4E26F54
:107D8000D4F88810B8F1000F02D001F5007300E0BC
:107D90004346099801F50871B8F1000F08BF0020AB
:107DA00001900091CDF808B0B9684FF0FF39039108
:107DB000CDF81090F968DFF8DC810591D5F8E01571
:107DC000504606910BA9CDF81C80FAF7D1FC054668
:107DD000002800F0D1802A466B4B20460021FFF797
:107DE00021FE2A46204600213BF03CDD00250921EA
:107DF000644A33464FF0010B0BA8CDF800B0E5F311
:107E000001F400953A68D4F88830019250460BA9E5
:107E1000E26F03F5107302950395CDF81090059568
:107E20000695CDF81C80FAF7A3FC0746002800F061
:107E3000A4803A46544B20462946FFF7F3FD5946A5
:107E40003A4620463BF00EDD4FF0020B09214D4A29
:107E500033460BA8CDF800B0E5F3D4F3099AD4F873
:107E60008830019250460BA9E26F03F5207300950C
:107E700002950395CDF8109005950695CDF81C80D8
:107E8000FAF776FC0746002877D03A463E4B204664
:107E90002946FFF7C7FD59463A4620463BF0E2DC4B
:107EA0004FF0030B0921374A33460BA8CDF800B039
:107EB000E5F3A8F3099AD4F88830019250460BA94B
:107EC000E26F03F53073009502950395CDF810909D
:107ED00005950695CDF81C80FAF74AFC0746002860
:107EE0004BD03A46284B20462946FFF79BFD3A46A1
:107EF000204659463BF0B6DC042733460921214A87
:107F00000BA80097E5F37EF3099AD4F88830019224
:107F100050460BA9E26F03F5407300950295039557
:107F2000CDF8109005950695CDF81C80FAF720FC49
:107F3000064608B3324620462946134BFFF772FD2A
:107F40003246204639463BF08DDC2646706930B11A
:107F50000E4B0F49D3F88C309847C6F8C000013556
:107F60000436062DF2D1D4F89410204608310022B0
:107F7000FFF7EAFD012700E0074638460FB0BDE8ED
:107F8000F08F00BFE29B0200F05D010010A78800A7
:107F9000D4318900C403000010B5BDE81040FCF7DF
:107FA0007DBA11B10846FCF721B87047F8B50469ED
:107FB0000546002C42D0E06F08B1FCF74DF8204692
:107FC000FFF708FED4F89460B4F846000BF0A0D890
:107FD000706A28B103F04BFC00230746736200E08F
:107FE0000746D4F8900003F021FC00263F18D4F88F
:107FF0008C0004F0D9F92046C4F88060E667FFF7EA
:10800000DEFDD5F85C0618B1EAF3BEF2C5F85C6691
:10801000A36F186A20B1EAF3B7F2A36F00221A62C5
:10802000A36F586A20B1EAF3AFF2A36F00225A623D
:10803000204601F03BFD00232B6100E02746384637
:10804000F8BD0000F0B587B04FF48035002104235F
:1080500003AA0446D0F8887000952CF05BDC234B13
:1080600006AE46F8083D002104232046324600951E
:108070002CF09CDC0423002105AA204600952CF05E
:1080800049DC049B059A9A422AD1194B002104939A
:1080900020460423324600952CF088DC042300217E
:1080A00005AA204600952CF035DC049B059A9A42DF
:1080B00016D104230021204603AA00952CF076DC7B
:1080C0000023C7F88C31D7F82031B3F1042F09D041
:1080D0000848C0EB030CDCF1000040EB0C0002E0B0
:1080E000002000E0012007B0F0BD00BFAA5555AA4E
:1080F00055AAAA5500040084224B70B54FF00061C8
:10810000002603660A464666044605682DF0C6DD6D
:108110004FF08073C4F820310323A4F8A830022361
:10812000A4F8AA300723A4F8A4300423A4F8A630A6
:1081300041F2010384F8A260A4F8BC304FF4167336
:10814000A5F810362B6893F89C20012A0CBF0C224E
:108150000622A5F80E2693F864211AB1226E42F089
:108160008072226693F89C20074812F1FF3218BFF4
:1081700001220649E5F306F2FF2384F83431012396
:10818000637470BD60A8E7B8785701007875020085
:108190002DE9F04F97B09B464FF0000916AB8A4689
:1081A000174643F8049D21995A46054601F097FC6D
:1081B0000446002800F01D839DF880302861037478
:1081C0002B6840F61201D3F8D400D3F8D860D3F866
:1081D000DC304A46C4F88430E067C4F88060F0F3CD
:1081E00021F0C4F888008046E860E06FEFF380F289
:1081F000A0642046FFF780FF30469749E6F338F049
:1082000028B149464A46E5F3CFF51FFA80FA3046D1
:108210009249E6F32DF048B100210A46E5F3C4F592
:108220004FF6FF7380B2984218BF07465046394652
:10823000FDF734F908B90C23DAE28949A4F844A01F
:10824000A4F846703046E5F3EFF78649C4F86001BC
:108250003046E5F3E9F7C4F86401B4F846000AF0E3
:1082600057DF003018BF0120263054F82030B4F812
:108270004600C4F894300AF04BDF003018BF0120EC
:108280000A3055F8203020462B62FFF701FC08B970
:108290000D23ADE2E06FEFF3E5F1E06FEFF39CF655
:1082A000204600212BF0B0DB20464FF0FF312CF0B0
:1082B00021DC2046FFF7C6FE08B90E2398E23046BF
:1082C0006949E5F3B1F7FF2808BF0120A4F84E0083
:1082D0002046FFF7E9FB08B90F2389E263493046DE
:1082E000E5F3A2F7624984F84C003046E5F39CF7C9
:1082F000604920653046E5F397F794F84C306065A7
:108300000B2B05D930465C49E5F38EF7C4F85001D4
:108310005A493046E5F388F7594984F83501304623
:10832000E5F382F784F836012B6893F86A312BB1B4
:1083300030465449E5F378F7C4F8540152493046C1
:10834000E5F372F7514984F858013046E5F36CF7CC
:10835000E36F41F26B02196BA4F86801914220D1DE
:108360009B6A4E2B08D1B4F84E30402B19D9236D9F
:1083700043F00203236514E0E42B04D1B4F84E303B
:10838000B3F5A85F06E0EF2B0BD1B4F84E2041F215
:1083900001239A4205D8236D43F48003236500230B
:1083A00063653B493046D4F85C71E5F33DF73949E4
:1083B00038603046D4F85C71E5F336F736497860BA
:1083C0003046D4F85C71E5F32FF73449B860304695
:1083D000A76FE5F329F73876A36F1A7E012A01D03B
:1083E00003221A76236D990604D5012120460A46F8
:1083F0002DF0F6D8D4F880002949E5F339F720B1FB
:10840000D4F880002649E5F30FF781462549D4F8D2
:108410008000E5F32DF720B1D4F880002149E5F381
:1084200003F707462049D4F88000E5F321F720B18F
:10843000D4F880001C49E5F3F7F62B6893F828215F
:10844000BAB3226D920504D5B9F1000F01D007B17E
:1084500060BB00222BE000BF259C0200B49C020000
:108460004C9C0200579C0200AB9C0200BA9C02008C
:10847000069C0200869C02009F9C0200CC9B02008E
:10848000D79B0200799C0200369C0200C29C02002D
:10849000419C02002C9C0200C09B0200ED9B02004C
:1084A000199C0200F29B0200929C0200012283F8B8
:1084B00028212B6893F8692132B1226D12F0010254
:1084C00018BF012283F86921B4F846200123C4F8BB
:1084D000B830B4F844002B68A5F8AA21E26FA5F8DB
:1084E000A801C3F8D420A26C1A6194F84C2083F838
:1084F0007C202B68226DB4F84E00C3F88020626D9A
:10850000A3F87A00C3F8842094F84C2020460B2A64
:1085100084BFD4F85021C3F84821D4F8B8200127EB
:1085200083F83D705A62A9682A4603F02BFFC4F80D
:108530008C0008B919235BE1219AE36F0292A26CC7
:1085400004900692B4F84620B4F84400ADF82A200E
:10855000DA6B03930B921A6CADF828000C925A6CEC
:1085600002A80D9294F84C20CDF814B00E929A6A9D
:1085700009960F92B4F84E2010921A6B1192226D48
:108580001292626D13925A68DB680792089303F0A7
:10859000AFFAC4F8900008B9102329E12623C5F8E2
:1085A000E035C5F8E4354FF4FF73C4F83831B4F85A
:1085B00046000AF0ADDD10F1000918BF4FF00109C7
:1085C000494620462EF0FCD8B9F1000FD4F894307B
:1085D0000CBF02220122C3F804901A602B6A14BF58
:1085E00001220222C3F804901A60E06FD5F81C90B3
:1085F000EFF376F0D8F85C31C9F8000023F00043BF
:108600007E4AE3662367A36C0C2101FB0323303B06
:10861000C4F8D830204639462BF0ACDDD4F894901D
:10862000D4F890004146D9F80020334603F066F9AB
:10863000C9F8240008B91123DAE04FF0FF312046D1
:108640002DF04EDAD4F89430E16E586A03F00CF94C
:10865000D4F8943003F12202009203F11C0103F1DB
:108660001E02586A203303F0ECF8D4F89480D8F84E
:10867000240003F0F4F888F82800D4F89430D5F8F2
:108680002080586A03F0EBF888F81400D4F894803E
:10869000D8F8240003F0E6F8D4F89430C8F81800AD
:1086A000DA8B37FA02F1C90701D41223A0E0296A54
:1086B000586A0861988B4A8108811A8C588C8A8183
:1086C000C8810F2240F2FF30D8829A822046394674
:1086D000FFF722FB08B913238AE02B6893F869316E
:1086E000002B32D0002120462BF0F6DF30464449E3
:1086F000A76FE5F399F5236DC0B2DA07386020D58E
:10870000636D1B061DD4E36F9A69900002D5DA6988
:10871000D10704D5DB69DA0701D4580711D5E36E18
:1087200099000ED530463649E5F3A2F530B134490B
:108730003046E5F379F5C1B2204604E02046082131
:1087400001E0204600212BF073DDE06FEBF358F4DD
:1087500020462DF017DF0094E06F2A492A4A0023B3
:10876000FBF76CFC204600212DF0EEDE2046FFF7E3
:108770000DFA08B915233BE004F1FC063146E5F398
:10878000A9F13046E5F338F518B93046E5F340F580
:1087900008B116232CE02046FFF700FA2846A16C0A
:1087A00001F0E2F92B68DA69526AC5F84425013A0A
:1087B00085F84225D3F89800A8B103789BB11349F6
:1087C0002246E5F3C7F62B681149D3F898002246F4
:1087D000F9F78AFE606930B12B68D3F898100D4B19
:1087E000D3F8B03098472846FFF70AFA10B11B2398
:1087F0001593159817B0BDE8F08F00BF005E01001B
:10880000FD9B020001DC840015DC84005DD984003E
:10881000BDD9840010A7880010B50446002828D0D0
:108820000368144918682246FCF7FFFC236A1BB151
:1088300004F12000E4F396F0E3691BB104F11C009D
:10884000E4F390F0A3691BB104F11800E4F38AF09B
:1088500063691BB104F11400E4F384F023691BB1D4
:1088600004F11000E4F37EF02046BDE81040E9F387
:108870008BB610BD8A570100036830B5DB69054629
:10888000586D87B000012430E9F372F604460028E1
:1088900038D0034643F8245BC36004F11001D5F8D7
:1088A0003806E4F349F068BBD5F8380604F1140142
:1088B000E4F342F030BBD5F8380604F11801E4F3D4
:1088C0003BF0F8B9D5F8380604F11C01E4F334F0B4
:1088D000C0B9D5F8380604F12001E4F32DF088B9C9
:1088E0004FF4856363600B4B019000930A4B039038
:1088F00002930490059009492868094A2346FCF729
:10890000EFFC18B12046FFF787FF0024204607B090
:1089100030BD00BFC10B85007513850080E688005F
:108920008A570100F0B5D0F828410068A568C069F1
:10893000406D854211D2E7682E01B8194360059B4E
:1089400001358360069BBA51C3606068A560C31C93
:10895000591821F003016160F0BD6FF01500F0BD02
:10896000D0F828311869E3F3C3B7D0F8280110B163
:108970000069E4F31FB07047D0F82831D869E3F3F9
:10898000B7B7D0F82831D869E4F314B0D0F828315B
:10899000186AE3F3ADB7D0F82831186AE4F30AB0E7
:1089A00073B505462EF058DC0446B8B12B684FF07D
:1089B0000052C5F86802009293F82F2028460192D1
:1089C0002146002204332EF0D3D9064650B928465A
:1089D00021462FF0B1DB064620B901E06FF01A0600
:1089E00030467CBD284621462FF01EDBF8E7F8B55F
:1089F0001F4603680D461E691146D6F880001446CE
:108A0000E5F32AF440B3B84224D121460022D6F837
:108A10008000E5F315F4287021460122D6F8800085
:108A2000E5F30EF4687021460222D6F88000E5F3E3
:108A300007F4A87021460322D6F88000E5F300F47D
:108A4000E870D6F8800021460422E5F3F9F3287196
:108A50000120F8BD4FF0FF30F8BD000038B50446E6
:108A6000B8B103680B4918682246FCF7DEFB606B5F
:108A700008B1E9F389F5D4F880000025656318B1E1
:108A8000E9F382F5C4F880502046BDE83840E9F3A8
:108A90007BB538BD915701002DE9F04105698CB0D7
:108AA00007468420E9F364F50446002800F0D281EB
:108AB00007603C20E9F35CF58046002800F0CA819D
:108AC0003B69012680F8386080F8396043603B6A72
:108AD000046031461869ECF77EFAD8F80430B649DC
:108AE000D3F88000E5F3A0F3D8F80430C8F81400F8
:108AF000B249D3F88000E5F397F3D8F80430C8F80A
:108B00001800AF49D3F88000E5F38EF3D8F80430AD
:108B1000C8F81C00AB49D3F88000E5F385F3D8F81A
:108B20000430C8F80800A849D3F88000E5F37CF3C6
:108B3000D8F80430C8F81000A449D3F88000E5F351
:108B400073F3A34BC8F80C00C4F880800093A14BCA
:108B5000A1490193A14BA24A0293A24B0393A24BBA
:108B60000493A24B059338682346FCF7B9FB804673
:108B7000002840F06F8184F82C003B699C49D3F8B1
:108B80008000E5F351F384F86F003220E9F3F0F44C
:108B900007466063002800F05D8141460A2206A86E
:108BA000E4F3CAF40C238DF8193099238DF81A30A8
:108BB000A6238DF81B3008238DF81E30B7238DF8BF
:108BC0001F30E2238DF820308A4AC4238DF82130EB
:108BD0008DF818608DF81D601068516809AB03C3EB
:108BE000128985491A80854B3E70A363844B84F8B3
:108BF0005A80E363636B9E71D5F88000E5F338F328
:108C0000002800F093807C49D5F88000666BE5F37E
:108C10000BF370707B49D5F88000666BE5F304F3C5
:108C2000B0707949D5F88000666BE5F3FDF2F0701D
:108C30007649D5F88000666BE5F3F6F23071744939
:108C4000D5F88000666BE5F3EFF270717149D5F8E5
:108C50008000666BE5F3E8F2F0716F49D5F88000AB
:108C6000666BE5F3E1F2B0716C49D5F88000E5F38D
:108C7000DBF284F844006A49D5F88000666BE5F3BE
:108C8000D3F230726749D5F88000666BE5F3CCF219
:108C90007072616B05230A31634A2046FFF7A7FE15
:108CA000616B05230F3186B2604A2046FFF79FFEB5
:108CB000616B0523143136185D4A2046FFF797FE95
:108CC000616BB6B21931052336185A4A2046FFF7B0
:108CD0008EFE616BB6B236180B7AB6B2B34225D1AE
:108CE0001E310523544A2046FFF781FE616B0523A0
:108CF000233186B2514A2046FFF779FE616B052386
:108D0000283136184E4A2046FFF771FE616BB6B225
:108D1000052336182D3120464A4AFFF768FE636B5B
:108D2000B6B236185B7AB6B2B34225D0626B002376
:108D30005370626B0C219370626BD370626B117114
:108D4000616B02224A71A86F616B0068C871616B28
:108D50000A72616B4A72606B812284F8402006A916
:108D60000A2284F841300A30E4F362F3606B09A907
:108D70001E300A22E4F35CF3626BAB6FD279002100
:108D80001A6004F14D000822E4F3D6F3002384F8BE
:108D9000583084F85930A4F85630D5F880002A4964
:108DA000E5F366F2002851D0D5F880002649E5F3B6
:108DB0003BF284F85F0051E0E49D0200D19C020088
:108DC000FA9C02000A9E0200629D0200D09D0200F1
:108DD0005128850085DA0000A4E68800E12B850093
:108DE00091570100D52B8500A45701006DD30000D9
:108DF000989E02003B380100479E02001127850023
:108E000089278500919D0200319E02001B9E020071
:108E1000F39D0200E29C0200A89D02004E9D02000C
:108E2000819D02003D9D02000D9D02001D9D0200DE
:108E30002D9D0200719D0200549E0200659E02005D
:108E4000769E0200879E0200BD9D0200BA2384F830
:108E50005F3003E02046FFF701FE002420460CB0FF
:108E6000BDE8F08130B5044685B0002840D0D0F888
:108E7000201131B103689868F5F3F8F60023C4F8BF
:108E8000203123681A6892F82F2022B3D3F82401E6
:108E900001A900225EF0A2DA0FE043685A060CD561
:108EA000D4F83051451904E00368C5F81031E9F3EE
:108EB0006BF3D5F810010028F6D1236801A9D3F887
:108EC00024015EF0A1DA0028E7D104E00368C4F8C9
:108ED0004431E9F359F3D4F844010028F6D123686A
:108EE000044918682246FCF7A0F92046E9F34CF340
:108EF00005B030BD5DB3890030B5054687B04FF48D
:108F0000A670E9F32FF30446002875D000214FF432
:108F1000A672E4F311F33C4B256000933B4B3C4AB3
:108F2000019300230293039204930593286839491F
:108F3000394A2346FCF7D4F900285DD12B6A1A6818
:108F4000022A05D15B7D002B0CBF1623302300E0E5
:108F5000302322184430B0F5887F1374EED1A8680E
:108F60002E492A460023F5F399F6C4F8200100287B
:108F700042D04FF47A7345F27352C4F81C31A4F80E
:108F80003C2100234622C4F84431A4F83E2128465F
:108F90008DE828004FF48A71214A224B03F008FF24
:108FA0000028C4F8300127DB1F4BD5F894068DE864
:108FB00018000521B0221D4B00F008FFE0B91C4B42
:108FC000D5F894068DE818000521B222194B00F05F
:108FD000FDFE88B9D5F894060A21B022164B0094FC
:108FE00001F0A4F940B9D5F8C006B021134A144BDA
:108FF000009401F005FC18B12046FFF733FF002470
:10900000204607B030BD00BF915085001165850036
:10901000654E850018E888005DB3890055498500D4
:1090200011568500ED558500955D8500E94A85005E
:10903000D15C8500514A850095538500854E850099
:10904000994E850010B5044630B133F091DE2046CC
:10905000BDE81040E9F398B210BD10B504462420D5
:10906000E9F386F200B1046010BD000010B50446BB
:10907000E0B143680E4918682246FCF7D6F8D4F8E8
:109080003C01FFF7DFFFD4F83401FFF7DBFFD4F832
:109090009C0008B1E9F378F2D4F8940008B1E9F340
:1090A00073F22046BDE81040E9F36EB210BD00BF78
:1090B000BC5701002DE9F041754B00271F60754B2F
:1090C000056888B006461F604FF4A070E9F34AF2C5
:1090D0000446002800F0D78039464FF4A072E4F32C
:1090E0002BF284E860003046C6F85841FFF7B5FF20
:1090F0008046C4F8340130B13046FFF7AEFF8046F9
:10910000C4F83C0120B92046E9F33EF24446BAE0F7
:109110007F21042204F14400E4F30EF27F210422B3
:1091200004F17000E4F308F2042207A83946E4F3DE
:1091300003F2336893F87C20D3F8D800012A13D9BE
:109140005549E5F395F0014658B107A80322E4F329
:10915000CBF207A8042137F0B7D990B107A84F493F
:109160000CE007A84E4909E04E49E5F35DF00928F7
:10917000034606D84C4907A801EB83010322E4F318
:10918000B3F2032207A904F10800E4F3ADF2336857
:109190004649D3F8D800E5F347F0D5F8D43041F28A
:1091A0006B02196BE06091420ED19B6A8B2B01D050
:1091B000902B09D1022807D107A83D490422E4F3E6
:1091C0006FF208B90323E360D5F8D43041F26B02A3
:1091D000196B91420DD19B6A932B0AD107A835498F
:1091E0000422E4F35DF220B9E368042B01D10623E5
:1091F000E360D5F8D43041F26B02196B914218D17B
:109200009A6A40F235139A4213D107A82A490422D8
:10921000E4F346F258B107A828490422E4F340F2E7
:1092200028B107A826490422E4F33AF208B9132327
:10923000E3600025EAF786FF35F058DF07A904222E
:10924000C4F89450C4F89850C4F89C50C4F8A05086
:10925000C4F8A45084F8F450204633F0C3DE194B10
:1092600030688DE828001849184A2346029503956E
:1092700004950595FCF734F828B12046C6F85851F6
:10928000FFF7F4FE2C46204608B0BDE8F08100BF91
:10929000B4650100B8650100A89E0200BF57010037
:1092A00041B58900AE9E020094E98800B19E02009B
:1092B000C257010068EB880078E9880080E98800DF
:1092C00084E98800F16D85003CE98800BC57010005
:1092D00030B5054687B00C20E9F34AF10446D0B119
:1092E000114B05604FF49071009301900722D5F85F
:1092F00094060E4B00F0DEFC80B90D4B01900093FC
:1093000002900390049005900A4928680A4A23466F
:10931000FBF7E6FF10B9204607B030BD2046E9F361
:1093200033F10024F7E700BFC19D8500299B85002C
:10933000659B8500ECED880034590100036810B589
:109340000446054918682246FBF76FFF2046BDE832
:109350001040E9F319B100BF3459010070B505465A
:1093600086B00C20E9F304F10446002863D00560C0
:109370000026019004212846334A344B0096FFF71B
:10938000D1FAB042606059DB04212846304A314BA3
:109390000096019403F00CFDB042A0604EDB28461D
:1093A0002D492246FFF7DCFA002847D12B4BD5F890
:1093B00094068DE818004FF490712522284B00F098
:1093C00079FC00283AD1274BD5F894068DE818008F
:1093D0004FF490713C22244B00F06CFC00282DD1FE
:1093E000D5F8940605219C22204B009500F036FF0D
:1093F000002823D1D5F89406802125221C4B009407
:1094000000F070FDD0B9D5F8940680213C22194BAC
:10941000009400F067FD88B9174B01900093174B3B
:10942000039002930490059015492868154A234635
:10943000FBF756FF10B9204606B070BD2046E9F391
:10944000A3F00024F7E700BF51A3850011A3850016
:1094500059A7850045A78500CDA38500E5A985000E
:10946000F1A3850015AA850019A4850031A2850005
:10947000D1A28500F1A2850009A58500E1A985009A
:1094800028EE880050B9890038B5056804462246A0
:1094900028680649FBF7C9FE284605492246FFF71A
:1094A00064FA2046BDE83840E9F36EB050B989004F
:1094B000CDA38500024602490068FBF7B6BE00BF97
:1094C0003A59010030B50D4B87B000930023044694
:1094D000019302930393049305930949094A234690
:1094E0000068FBF7FDFE002814BF4FF0FF35002594
:1094F000204638F071D8284607B030BDA1B08500AD
:10950000445901003A5901002DE9F043064687B05D
:1095100038200F4691469846E9F324F00446002887
:1095200038D000213822E4F307F0D7F83C06402178
:109530001A4A04F12003F5F711FB054620B1204635
:10954000E9F322F0002425E0154BC4F81C80A76045
:10955000C4F80C9026611349009301900290039087
:1095600004900590234630460F4AFBF7B9FE0346A8
:1095700060B9E0680D492246F5F390F30546A06115
:1095800040B920690A492246FBF74FFE2046E8F31E
:10959000FBF72C46204607B0BDE8F08314C68900CF
:1095A000EDB4850058EE8800B89E02004DB58500E8
:1095B0005C59010010B5044638F042DA0F492069C1
:1095C0002246FBF732FEA16961B1237D23B1E06839
:1095D000F5F3E0F200232375E068A169F5F346F3A3
:1095E0000023A361A36804F12001D3F83C06F5F73A
:1095F000C1FA2046E8F3C8F7002010BDB89E02006B
:1096000010B50446C0B122460C494068FFF7C3F9C3
:10961000224660680A4903F00EFE22466068094946
:10962000FFF7A3F9A06808492246FBF7FEFD204694
:10963000BDE81040E8F3A8B710BD00BF21BF85000A
:1096400081C5850029BB85006359010070B50546B9
:1096500086B01820E8F386F70446002800F0E98079
:1096600000211822E3F368F72B680022A360AB689F
:109670006560E3606B68042123610423A3822846AC
:109680006D4B8DE81400FFF74DF900282060C0F203
:10969000CC80284669492246FFF778F9002840F037
:1096A000C480284666492246FFF75AF9002840F050
:1096B000BC8028466349224603F0B8FD002840F0EC
:1096C000B480614B01900093029003900490059048
:1096D0005E4928685E4A2346FBF702FE002840F0F8
:1096E000A4805C490322D5F8BC063CF039DA5A4E16
:1096F0005A490222D5F8C0063CF032DAD5F8940671
:10970000B0213022564B0096019400F051FA002807
:1097100040F08B80534BD5F894068DE8180040F646
:1097200005013622504B00F0C5FA00287DD14F4B81
:10973000D5F894068DE8180040F6040137224C4B0A
:1097400000F0B8FA002870D1D5F8BC063021444AA0
:109750003346009401F009F8002866D1D5F8BC061C
:109760003621414A3F4B009400F0FFFF00285CD1B6
:10977000D5F8BC0637213E4A3C4B009400F0F5FF7B
:10978000002852D1D5F8C00639213A4A3A4B009404
:1097900000F0EBFF002848D1D5F89406C02136220E
:1097A000364B009400F03CFD00283ED13021D5F826
:1097B00094060A46324B009400F094FB002834D102
:1097C000D5F8940640F60A0136222E4B009400F09C
:1097D00027FD50BBD5F8940640F60A0137222A4BE4
:1097E000009400F01DFD00BBD5F89406302139220D
:1097F000264B009400F014FDB8B9D5F8BC06302112
:109800001F4A234601F044F878B9D5F8BC06362142
:109810001C4A234601F03CF838B9D5F8BC0637217C
:10982000194A234601F034F818B12046FFF7E8FE44
:109830000024204606B070BDA1BA850021BF850076
:1098400029BB850081C5850035BC850080EE880078
:10985000635901007CEE880019BA8500A4EE8800E7
:1098600071B8850085C68500A5BB8500C1C585008A
:1098700035BB850021BC8500DDC68500C9C48500D7
:1098800005C28500C9C0850011C0850035C18500AD
:1098900008B1E8F379B6704737B505463820E8F3E4
:1098A00067F6044650B14FF0FF3305600549019358
:1098B000054A064B009539F0ABDD01E0FFF7E8FF04
:1098C00020463EBDE9CD8500F1CD8500E1CD850086
:1098D00070B5054686B01020E8F344F6044600282B
:1098E00038D000211022E3F327F60026256001215D
:1098F000C5F8CC462846194A194B00960194FFF743
:1099000011F8B042E06021DB164B28688DE8480072
:109910001549164A23460296039604960596FBF7C8
:10992000DFFC98B9124BD5F894068DE82800052184
:10993000BE22104B00F04AFA40B9D5F89406C02177
:10994000BE220D4B009500F0F1FC18B12046E8F363
:109950001BF60024204606B070BD00BF8DD08500E8
:1099600089D08500E1CF8500A8EE8800BF9E020067
:109970005DD085003DD0850091D0850010B50446AE
:1099800088B1037923B18068E8F3FEF500232371E1
:109990002368054918682246FBF747FC2046BDE8C6
:1099A0001040E8F3F1B510BDBF9E020008B1E8F326
:1099B000EBB5704737B505460420E8F3D3F5044608
:1099C000002855D02D4B056040F23F1100930190C7
:1099D0002D22D5F894062A4B00F06CF9002847D1C7
:1099E000284BD5F894068DE818004FF495713D2268
:1099F000254B00F05FF900283AD1244BD5F89406A6
:109A00008DE818004FF495714A22214B00F052F96D
:109A100070BB204BD5F894068DE818001521502214
:109A20001D4B00F0D3F918BBD5F8940605212D2263
:109A30001A4B009400F0F4FBD0B9D5F89406C0217D
:109A40002D22174B009400F0EBFB88B9D5F8940653
:109A5000C0213D22134B009400F0E2FB40B9D5F841
:109A60009406C0215022104B009400F05FFC18B106
:109A70002046FFF79BFF002420463EBDC5D285004F
:109A8000CDD0850011D38500E1D085000DD38500B0
:109A9000DDD0850071D28500B5D0850041D185002B
:109AA00001D2850021D285007DD1850010B5044604
:109AB000A0B10368806F00225A6108B1E8F364F531
:109AC000D4F8980008B1E8F35FF5606808B1E8F3EE
:109AD0005BF52046BDE81040E8F356B510BD2DE912
:109AE000F04104464FF4B6700D4616469846E8F32A
:109AF0003FF5074610B940F2F2331EE0046085607E
:109B0000C6602820E8F334F5B86710B940F2F333A3
:109B100013E05820E8F32CF5C7F8980040B12C303A
:109B2000C7F89C003020E8F323F5786060B902E0C4
:109B30004FF47D7301E040F2F5333846C8F8003049
:109B4000FFF7B4FF002703E00023C8F8003060618E
:109B50003846BDE8F0810023C218D2F8C020CA50B0
:109B60000433182BF8D170474FF4C863C0F864363B
:109B70006823C0F868364FF48073C0F86C3602234F
:109B8000C0F87036C0F874367047000010B504464F
:109B900050B10368054918682246FBF746FB20468A
:109BA000BDE81040E8F3F0B410BD00BF0D5A01004D
:109BB00001F0F0012DE9F04F0E110168B0F81080AE
:109BC000096889B0C9699446D1F8C01007938845DF
:109BD0000446B0F812A0838AC78AB2B25CDA8179EF
:109BE00000295CD1324D05EBC200808806E055F8B3
:109BF000329019F80190E14502D001318142F6D34B
:109C000081424FD0E71937F812B0013237F81250BD
:109C1000A244454523441AD2C5EB080805F10109C1
:109C20000AEB050142460AEB0900CDF814C0069381
:109C3000E3F35EF4069B0C2202FB093002FB0531C4
:109C400002FB08F2E3F354F4DDF814C0069B31463E
:109C5000002207E007EB460030F802E00EF1010EAB
:109C600020F802E0013102320D29F3D91299CBEB31
:109C70000502009113990AEB0B0001910C2101FBE5
:109C80000B3192B2079BCDF808C000F0A1FB238AEC
:109C900000200133238207E06FF0150004E06FF02D
:109CA000160001E06FF01D0009B0BDE8F08F00BFA5
:109CB000685901002DE9F347DDF82890DDF82CA064
:109CC00007460E4615469846002456FA04F3DB076D
:109CD0000AD52101384601F0F0012A4643468DE8B5
:109CE0000006FFF765FF18B901340D2CEDD10020F7
:109CF000BDE8FC872DE9F04F89B007920268B0F803
:109D0000188012689C46D2690446D2F8C420B0F884
:109D10001AA09045838BC78B50DA8279002A50D1E4
:109D200001F0F0063611C719B2B237F812B001329D
:109D300037F812508244454503441AD2C5EB08084F
:109D400005F101090AEB050142460AEB0900CDF8CD
:109D500014C00693E3F3CCF3069B0C2202FB0930FC
:109D600002FB053102FB08F2E3F3C2F3DDF814C095
:109D7000069B3146002207E007EB460030F802E080
:109D80000EF1010E20F802E0013102320D29F3D963
:109D90001299CBEB0502009113990AEB0B0001918C
:109DA000079992B202910C2101FB0B31634600F03E
:109DB0000FFB238B00200133238304E06FF0150099
:109DC00001E06FF0160009B0BDE8F08F2DE9F34710
:109DD000DDF82890DDF82CA007460E46154698467B
:109DE000002456FA04F3DA070AD52101384601F0B7
:109DF000F0012A4643468DE80006FFF77BFF18B9BD
:109E000001340D2CEDD10020BDE8FC872DE9F04F89
:109E100089B007920268B0F8308012689C46D26917
:109E20000446D2F80021B0F832A09045838EC78E48
:109E300050DA8279002A50D101F0F0063611C719A4
:109E4000B2B237F812B0013237F8125082444545A9
:109E500003441AD2C5EB080805F101090AEB050114
:109E600042460AEB0900CDF814C00693E3F340F331
:109E7000069B0C2202FB093002FB053102FB08F2B3
:109E8000E3F336F3DDF814C0069B3146002207E009
:109E900007EB460030F802E00EF1010E20F802E078
:109EA000013102320D29F3D91299CBEB0502009151
:109EB00013990AEB0B000191079992B202910C21C0
:109EC00001FB0B31634600F083FA238E002001333F
:109ED000238604E06FF0150001E06FF0160009B072
:109EE000BDE8F08F2DE9F04F87B005920268B0F819
:109EF000208012689C46D2690446D2F8C820B0F887
:109F000022A09045838CC78C4CDA8279002A4CD1F0
:109F100001F0F0063611C719B2B237F812B00132AB
:109F200037F8125082444545034419D2C5EB08085E
:109F300005F101090AEB050142460AEB0900CDF8DB
:109F40000CC00493E3F3D4F2049B4FEAC80203EB82
:109F5000C90003EBC501E3F3CBF2DDF80CC0049BB1
:109F60003146002207E007EB460030F802E00EF130
:109F7000010E20F802E0013102320D29F3D91099C7
:109F8000CBEB0502009105990AEB0B00019192B20F
:109F900003EBCB01634600F02BFA238C0020013346
:109FA000238404E06FF0150001E06FF0160007B0A5
:109FB000BDE8F08F0368F0B5DB690C25B3F8C0206D
:109FC000064605FB02F4433222F003020134A418D2
:109FD000B3F8C4204FF6FE7102F11F006A4321401E
:109FE0004118501C4FF6FC720A408218B3F8000169
:109FF0004FF6FE7100F11F046843114061184FF6DF
:10A00000FC7201300A408218B3F8C8004FF6FE71A6
:10A0100000F11F0411406118C0004FF6FC720130BE
:10A020000A408218B3F8CC004FF6FE7100F11F040D
:10A0300011406118C0004FF6FC720A40B3F80431B9
:10A04000013080184FF6FE7203F11F010240DB0061
:10A050008A18591C4FF6FC731340CB184FF6FE7745
:10A060001F401C37BFB287B03846E8F37BF2044686
:10A07000002800F0BC8000213A46E3F35DF2402363
:10A08000638233684FF6FC72DB692660B3F8C01058
:10A09000A78001F14300024005FB0121A2820131AA
:10A0A0004FF6FE720A40B3F8C410E2821C3292B23C
:10A0B000C81C101862834FF6FC72024005FB012198
:10A0C000A28301314FF6FE720A40B3F80011E28319
:10A0D0001C3292B2C81C101862864FF6FC72024005
:10A0E00005FB0121A28601314FF6FE720A40B3F84A
:10A0F000C810E2861C3292B2C81C101862844FF657
:10A10000FC72024002EBC1010131A2844FF6FE72E3
:10A110000A40B3F8CC10E2841C3292B2C81C10186A
:10A1200062854FF6FC72024002EBC1010131A2854B
:10A130004FF6FE720A40B3F80411E2851C3292B267
:10A14000CB1C6287D2184FF6FC731340A38703EB36
:10A15000C10301334FF6FE721A40E2870025274FF4
:10A1600057F8353063B1264B29018DE81800DD2200
:10A17000204601F0F001234BFFF71AFD002836DBE3
:10A1800001350D2DEBD1002557F8353053B129019C
:10A19000DD22204601F0F0011B4B0094FFF7A2FEE8
:10A1A000002824DB01350D2DEED1184BB0218DE8B0
:10A1B0001800FF222046164BFFF7FAFC002816DB9A
:10A1C000B021FF222046134B0094FFF78BFE00289E
:10A1D0000DDB114B002102933068104A2346009199
:10A1E0000191039104910591FBF77AF818B120468B
:10A1F000FFF7CCFC0024204607B0F0BD68590100F1
:10A200000DD5850061D58500ADD58500F1E0000054
:10A2100043E1000091E0000099D485000D5A01004F
:10A220002DE9F743DDF8289007460E461546984677
:10A23000002456FA04F3D8070AD52101384601F064
:10A24000F0012A464346CDF80090FFF74BFE18B9BF
:10A2500001340D2CEDD10020BDE8FE832DE9F04F37
:10A2600087B005920268B0F8288012689C46D269CF
:10A270000446D2F8CC20B0F82AA09045838DC78D33
:10A280004CDA8279002A4CD101F0F0063611C71958
:10A29000B2B237F812B0013237F812508244454555
:10A2A000034419D2C5EB080805F101090AEB0501C1
:10A2B00042460AEB0900CDF80CC00493E3F318F111
:10A2C000049B4FEAC80203EBC90003EBC501E3F3AB
:10A2D0000FF1DDF80CC0049B3146002207E007EBCC
:10A2E000460030F802E00EF1010E20F802E00131E4
:10A2F00002320D29F3D91099CBEB05020091059993
:10A300000AEB0B00019192B203EBCB01634600F024
:10A310006FF8238D00200133238504E06FF01500D2
:10A3200001E06FF0160007B0BDE8F08F2DE9F743AC
:10A33000DDF8289007460E4615469846002456FA42
:10A3400004F3DB070AD52101384601F0F0012A4663
:10A350004346CDF80090FFF781FF18B901340D2C6A
:10A36000EDD10020BDE8FE832DE9F047089F9A4615
:10A3700004469DF82460034600250CE013F8010B09
:10A3800086420AD01DB113F802ECB64501D28642CE
:10A3900003D90135ADB29542F0D1AA4207FB0518A9
:10A3A0000ED9C5EB0209414607FB09F208EB07008D
:10A3B000E3F39EF0681C201861194A46E3F398F015
:10A3C000404651463A46E3F333F06655BDE8F08720
:10A3D0007FB50393089B0493099B05930C2300937B
:10A3E0009DF82830019303ABFFF7BEFF07B000BD17
:10A3F0001FB50293069B0393082300939DF81C301E
:10A40000019302ABFFF7B0FF05B000BD37B5254B98
:10A41000D0F8945604460093019040F23F1128462C
:10A420007F22214BFFF746FC00283AD11F4B2846DC
:10A430008DE8180041F63F5140221D4BFFF7C6FC46
:10A4400078BB1C4B28468DE8180040F63F11982237
:10A45000194BFFF7BBFC20BB184B28468DE81800B2
:10A4600040F22F11A822164BFFF7B0FCC8B92846BE
:10A4700040F20F117F22134B0094FFF7D1FE80B9F9
:10A48000284640F20F1198220F4B0094FFF74EFF21
:10A4900038B9284640F20F11A8220C4B0094FFF760
:10A4A00045FF3EBD55F0850081EC8500A1F085009B
:10A4B000A1EC850009F0850007E2000019F1850094
:10A4C00015ED8500C5ED850085ED850001EE850063
:10A4D00037B5104BD0F894560446009301900521EF
:10A4E000284600220C4BFFF7E5FB90B90B4B2846A2
:10A4F0008DE8180005210122094BFFF7DBFB40B96D
:10A50000084B28468DE8180005213222064BFFF73C
:10A51000D1FB3EBD49E7850011E7850065E7850071
:10A520001DE785002DE7850001E7850037B5254B40
:10A53000D0F894560446009301904FF49071284649
:10A540000022214BFFF7B6FB00283AD11F4B2846CB
:10A550008DE818004FF4907101221D4BFFF7AAFB04
:10A5600078BB1C4B28468DE818004FF490713222BE
:10A57000194BFFF79FFB20BB184B28468DE81800AE
:10A580004FF490710322164BFFF794FBC8B9154B9B
:10A5900028468DE818004FF490710622124BFFF701
:10A5A00089FB70B9284680210522104B0094FFF7E3
:10A5B00099FC30B92846802105220D4B0094FFF705
:10A5C00091FC3EBD01EC850089E985003DEC8500EC
:10A5D00091E98500A5EB850045E9850079EB8500CB
:10A5E00031E98500CDEB850061E985009DE98500B5
:10A5F00019EB850037B5154BD0F8945604460093F7
:10A600000190402128460022114BFFF7D1FAE0B912
:10A61000104B28468DE81800402101220E4BFFF711
:10A62000C7FA90B90D4B28468DE818004021322218
:10A630000B4BFFF7BDFA40B90A4B28468DE81800CE
:10A6400040210322084BFFF7B3FA3EBD8DF285008F
:10A6500031F28500A5F285003DF2850071F285009A
:10A6600021F2850049F2850011F2850037B50A4BC9
:10A67000D0F89456044600930190B0212846102249
:10A68000064BFFF795FA30B92846B0211022044B4B
:10A690000094FFF727FC3EBD65E8850081E7850053
:10A6A000ADE7850037B5D0F8945604460090C02138
:10A6B00028460022114BFFF7B3FDF0B92846C02110
:10A6C00001220F4B0094FFF7ABFDB0B92846C02123
:10A6D00006220C4B0094FFF7A3FD70B92846C02159
:10A6E000A822094B0094FFF721FE30B92846C0216B
:10A6F0009822064B0094FFF719FE3EBDF9F2850043
:10A7000021F38500D9F285003DF38500C1F2850073
:10A7100010B5044650B10368054918682246FAF797
:10A7200084FD2046BDE81040E7F32EB710BD00BF02
:10A73000AA5A010038B505460C20E7F313F7044682
:10A7400038B100210C22E2F3F7F60C232560A38038
:10A7500001E0FFF7DDFF204638BD28B18368DA88C5
:10A76000013ADA80E7F310B770472DE9F04F9B46C6
:10A77000038B87B0C518C65AB5F80480438AC6EB68
:10A780000808984505919446878AB0F816A032DAF1
:10A790006C88C7194445824416DAC4EB080804F1F2
:10A7A00001093919424607EB0900CDF810C0E2F360
:10A7B0009FF60C2202FB09A002FB04A102FB08F297
:10A7C000E2F396F6DDF810C06B88A21B01336B80B4
:10A7D000AB880C210133AB80109BB8190193059B0A
:10A7E00001FB06A1029392B26346CDF800B0FFF7D9
:10A7F000EFFD002001E06FF0150007B0BDE8F08F1D
:10A800002DE9F04F9B46038B9446C518AC8830F871
:10A810000380428AC8EB040387B093420591878A7C
:10A82000B0F816A02FDA9C42074482446E8816DAEC
:10A83000C8F1000804F101093919424607EB090083
:10A84000CDF810C0E2F354F60C2202FB09A002FB83
:10A8500004A102FB08F2E2F34BF6DDF810C0AB886E
:10A86000A21B0133AB80109B0C210193059BB819EF
:10A87000029301FB06A192B26346CDF800B0FFF748
:10A88000A7FD002001E06FF0150007B0BDE8F08FD4
:10A890002DE9F04F9B46038C85B0C518C65AB5F814
:10A8A0000480438BC6EB0808984503919446878B38
:10A8B000B0F81EA02EDA6C88C7194445824415DA18
:10A8C000C4EB080804F101093919424607EB0900F5
:10A8D000CDF808C0E2F30CF60AEBC9000AEBC4019C
:10A8E0004FEAC802E2F304F6DDF808C06B88A21B49
:10A8F00001336B80AB88B8190133AB80039B0AEB43
:10A90000C601019392B26346CDF800B0FFF770FD27
:10A91000002001E06FF0150005B0BDE8F08F0000E9
:10A920002DE9F04F036885B003931B681546DB697A
:10A93000C288D3F8D03007469A420E465BDA09B196
:10A940004E1CB6B20DB10135ADB206F127034FF67C
:10A95000FC7A03EA0A0A0C2303FB06A34FF6FE78EF
:10A96000013303EA080808F10903EB184FF6FC7BF2
:10A9700003EA0B0B0BEBC50201324FF6FE731340DB
:10A9800003F106091FFA89F948460293E7F3EAF54D
:10A990000446002830D000214A46E2F3CDF5029B60
:10A9A00003992384FB88A4F81880242208F1060860
:10A9B00001332160A760A4F81090A282A4F816A029
:10A9C000A4F81C80A4F81EB066826583FB8046B1A3
:10A9D000DD2120460C4A0D4B0094FFF7C6FE0028EF
:10A9E0000ADB6DB1DD212046094A2346FFF750FFFF
:10A9F000002805DA00E000242046FFF7AEFE002420
:10AA0000204605B0BDE8F08F85F5850041F585004D
:10AA1000BDF585007FB50A4A0346009200220192E7
:10AA200002920392049205920649074A0068FAF7D7
:10AA300057FC002814BF4FF0FF30002007B000BDC6
:10AA4000991E860078F08800AE5A0100024602493D
:10AA50000068FAF7EABB00BFAE5A010010B5044621
:10AA600048B1036821461868FAF7FEFC2046BDE8A5
:10AA70001040E7F389B510BD37B505460820E7F368
:10AA800077F50446A0B10560002201900C2128460C
:10AA90000A4B0092FDF746FF0028606008DB084B78
:10AAA000286800932146074A0423FAF76CFC18B182
:10AAB0002046FFF7D3FF002420463EBD1D2686001A
:10AAC0002CF188003126860010B50446C06818B104
:10AAD000E7F35AF50023E36010BD10B50446A0204B
:10AAE000E7F340F570B1E060A06000F1900203462A
:10AAF0001033934243F8103CFAD10023C0F8903051
:10AB0000184610BD6FF01A0010BD000038B504469D
:10AB1000002852D0002105683FF04EDA20463FF071
:10AB20002BD8636933B12046002141F015DA606902
:10AB300038F044DCA36933B12046012141F00CDA3E
:10AB4000A06938F03BDC236933B12046022141F093
:10AB500003DA206938F032DCE36F33B12046032199
:10AB600041F0FAD9E06F38F029DC204641F09AD95B
:10AB7000D4F89800E7F308F501E03EF027DEE1693C
:10AB800020460029F9D1FFF79FFFD5F8440118B1FD
:10AB90000A492A4600F08FF9286809492246FAF73F
:10ABA00044FBD4F8A8301BB104F1A800E1F3DAF6B5
:10ABB0002046BDE83840E7F3E7B438BD11428600CF
:10ABC000F4C8890030B5054687B0B020E7F3CAF471
:10ABD0000446002800F099800021B022E2F3ACF492
:10ABE0000A2384F84330012384F84830FF2384F893
:10ABF000203084F8213084F8223084F82330256016
:10AC0000C420E7F3AFF4C4F8980000287DD02046B4
:10AC10003FF0C4D920463FF047DD2B6841F26B027C
:10AC2000D3F8D43020F07F00196BA08791422046E2
:10AC300008D19B6A932B05D13FF036DDC0F58440E7
:10AC4000683001E03FF034DDE087E38F204623F0F9
:10AC50007F03E3873FF02CDD41F2883222652E4AE4
:10AC6000002320F07F00A4F84000E36400922B4A08
:10AC7000049301922A4A059302922A4A2868039271
:10AC800029492A4A2346FAF72BFB00283DD1D5F85B
:10AC9000E80538F069DB6061002836D0D5F8E805B2
:10ACA00038F062DBA06180B3D5F8E80538F05CDBF2
:10ACB000206150B32046FFF710FF30BBD5F8E80500
:10ACC00038F052DBE06700B3012384F87830D5F820
:10ACD000440141F27073A4F87A3020B114492A4635
:10ACE00000F0E6F888B9204601213FF065D94FF41D
:10ACF0004843A3650023E36532232366D5F838066D
:10AD000004F1A801E1F318F618B12046FFF7FEFEA2
:10AD10000024204607B030BD59348600B152860069
:10AD200039528600ED3686004CF18800F4C889005F
:10AD30001142860038B50446002827D0056814491A
:10AD400028682246FAF771FA236A1BB104F1200041
:10AD5000E1F308F6E3691BB104F11C00E1F302F62C
:10AD6000A3691BB104F11800E1F3FCF563691BB1A1
:10AD700004F11400E1F3F6F5284606492246FDF7F2
:10AD8000F4FD2046BDE83840E7F3FEB338BD00BF10
:10AD9000B0CB89002D62860070B5054686B03020A4
:10ADA000E7F3E6F30446002859D04FF0FF33036180
:10ADB0000422FF2105600A30E2F3BEF30B2104F107
:10ADC0000E00E3F391F700238DE8180004212846D4
:10ADD000264A274BFDF7A6FD002860603FDB28468A
:10ADE00024492246FDF7BCFD002838D1D5F8386645
:10ADF00004F114013046E1F39FF500282FD13046CD
:10AE000004F11801E1F398F548BB304604F11C0148
:10AE1000E1F392F518BB304604F12001E1F38CF523
:10AE2000E8B9154B01900093144B04900293144B16
:10AE30000590039328681349134A2346FAF750FAFA
:10AE400068B9204641F09ADF20B12046012141F047
:10AE5000C9DF20B93223A3622623636203E02046C0
:10AE6000FFF768FF0024204606B070BD45638600EA
:10AE7000FD6286002D628600A9628600516586000B
:10AE8000F96286003CF28800B0CB89004069E1F3AA
:10AE90002FB54069E1F38EB58069E1F329B580698A
:10AEA000E1F388B5C069E1F323B5C069E1F382B588
:10AEB000006AE1F31DB5006AE1F37CB538B50446DC
:10AEC00060B10568224606492868FAF7AEF92046BF
:10AED000E7F35AF32B68002283F84E2038BD00BFF9
:10AEE00054CC890070B50368002686B0054683F807
:10AEF0004E600C20E7F33CF30446002843D0234B7C
:10AF0000056023498DE848002868224A23460296B6
:10AF1000039604960596FAF7E3F9064600282ED123
:10AF20008DE811001C2128461B4A1C4BFDF7FAFC3A
:10AF30000028606023DB0C212846194A194B009633
:10AF4000019401F035FF0028A06018DB164BD5F8FE
:10AF500094068DE818000A213822144BFEF7AAFE49
:10AF600068B9D5F894060A213822114B0095FFF7ED
:10AF700057F920B92B68012283F84E2003E02046C0
:10AF8000FFF79CFF0024204606B070BDD9718600F3
:10AF900054F2880054CC8900A97186007D71860026
:10AFA000917686005D7686007D778600197786002B
:10AFB0004977860070B5064686B00820E7F3D2F2DE
:10AFC0000446A0B10B4B0025066045600A498DE898
:10AFD00028003068094A2346029503950495059593
:10AFE000FAF77EF918B12046E7F3CEF22C46204658
:10AFF00006B070BD4D7E860098F28800B0C689000C
:10B0000010B5044650B10368054918682246FAF79E
:10B010000CF92046BDE81040E7F3B6B210BD00BF02
:10B02000B0C6890070B5044600282AD006682246BA
:10B0300030681449D6F84451FAF7F7F822463046FA
:10B040001149FDF792FC224630461049FDF799FC64
:10B05000224628460E49FFF71CFF224628460D4986
:10B06000FFF71DFF224628460B49FFF71EFF284623
:10B070000A492246FFF71FFF2046BDE87040E7F36C
:10B0800083B270BD35D289005D8786006D978600DA
:10B09000FD848600E9868600CDAA8600A5928600FA
:10B0A000F0B5D0F8446187B005465820E7F35AF26E
:10B0B0000446002800F0938000215822E2F33CF27D
:10B0C00020462021494A40F8205BE2F39BF2012709
:10B0D0004FF0FF33E06184F84070A4F84C30304604
:10B0E00043492246FFF7D2FE002878D13046414935
:10B0F0002246FFF7D1FE002871D130463E49224654
:10B10000FFF7D0FE00286AD130463C492246FFF7BF
:10B11000CFFE002863D1284639492246FDF72CFC92
:10B12000064600285BD18DE8110004212846354AE7
:10B13000354BFDF7F7FB0028206150DB28463946E8
:10B140003246334600960194FDF7ECFB002860611F
:10B1500045DB042128462D4A2D4B0096019401F031
:10B1600027FE0028A0613ADB28462A492246FDF73F
:10B17000F7FB002833D1284B03EBC60253F83630D7
:10B1800063B1526852B131018DE81400D5F89406CC
:10B1900001F0F001C022FEF7ADFD00BB01360D2E1F
:10B1A000E9D11E4B1E4A00930023019302920393A0
:10B1B0000493059328681B491B4A2346FAF790F825
:10B1C00068B9204646F0F6D820B12046012144F067
:10B1D000C3D820B9636C43F00403636403E02046E2
:10B1E000FFF720FF0024204607B0F0BDB15A010050
:10B1F000FD848600E9868600CDAA8600A592860099
:10B200006D9786000192860089918600059E8600D2
:10B21000F19D86005D878600C49E0200198A860023
:10B2200055AB8600ECF2880035D2890038B504466B
:10B23000D0B1806808B1E7F3A7F1236943B90EE004
:10B24000236953F8350008B1E7F39EF1013500E0BA
:10B250000025E3689D42F3DB2069E7F395F1204682
:10B26000BDE83840E7F390B138BD00002DE9F0416A
:10B2700005461820E7F37CF10446002833D02B68FC
:10B280000560DB690C20DB6901335843E7F370F19B
:10B29000A06040B32B681820DB69DA695B6F6260DD
:10B2A000E360E7F35FF12061E8B11249182200265C
:10B2B000E2F3BEF037460EE00E4BD4F810809B1937
:10B2C00018798000E7F354F1236948F806009B5988
:10B2D000083643B10137E3689F42EDDB6B68064AED
:10B2E000DC609A6003E02046FFF7A0FF00242046C0
:10B2F000BDE8F0812C9F0200B9BC860010B5C4687F
:10B30000A1420BDA006900EBC1042479A24208DAF9
:10B3100050F83110002041F8223010BD6FF01500B8
:10B3200010BD6FF0150010BD47F06C9B10B50446C2
:10B33000FFF7FAFFE084000C84F82800002010BD1D
:10B34000D0F8F03310B5044683B1D3F8280830B1F3
:10B35000E7F31AF1D4F8F0330022C3F82828D4F820
:10B36000F003E7F311F10023C4F8F03310BDC36B11
:10B3700010B5044683B1836B5B6B0B2B07D1D0F800
:10B38000E00320B1E7F300F10023C4F8E033E06B01
:10B39000E7F3FAF00023E36310BD10B50446012083
:10B3A000E7F3E0F00346E063A8B100210122E2F3F5
:10B3B000C3F0A36B5B6B0B2B0CD14FF49470E7F3D2
:10B3C000D1F00346C4F8E00328B100214FF4947291
:10B3D000E2F3B2F00123184610BD70B5044640F602
:10B3E00078100D46E7F3BEF0C4F8F003002831D022
:10B3F000002140F67812E2F39FF0B4F85220D4F81E
:10B40000F03300261A70D4F8F033204683F8B66083
:10B41000C3F8B060D4F8F03383F8B460A36B83F85A
:10B420008460A36B1E679E673C23C4F8BC30102366
:10B43000C4F8C030C4F8C46000F09AFFA36B022DBA
:10B440000CBF1A6F9A6F0020DA6684F8C36284F822
:10B45000C26270BD6FF01A0070BD0000B0F8C63255
:10B46000F7B504460E46FBB10846E2F311F1074674
:10B470001348E2F30DF13F181037BFB23846E7F337
:10B4800071F00546B8B1B4F8C632394600930D4A9A
:10B490003346E2F3B7F0E06C2946E2F3E9F60746FB
:10B4A0002846E7F371F03FB9E06C314603B0BDE8E0
:10B4B000F040E2F3DDB60746384603B0F0BD00BF0A
:10B4C0008F9F02007A9F0200044B1B78012B02D150
:10B4D000002000707047FFF7C1BF00BFFC030000F1
:10B4E0002DE9F3471C46B0F8C63207468846914618
:10B4F000C66C002B32D00846E2F3CAF082462248DE
:10B50000E2F3C6F082440AF1100A1FFA8AFA5046A2
:10B51000E7F328F0054600282FD0B7F8C632514689
:10B5200000931A4A4346E2F36DF038462946FFF786
:10B53000CBFF074668B130462946E2F38DF640B1AD
:10B54000484506DD304629464A46E2F379F682460A
:10B5500000E0A2462846E7F317F08FB9304641468F
:10B56000E2F37AF658B1484509DD304641464A468D
:10B5700002B0BDE8F047E2F363B6824600E0A246BF
:10B58000504602B0BDE8F0878F9F02007A9F02000C
:10B5900010B51446FFF798FF28B100210A46BDE810
:10B5A0001040E2F301B4204610BD000038B500227F
:10B5B0000D4608490446FFF7EBFFC0B22823A84216
:10B5C00084F8660384F8D531CCBF84F8663384F8F8
:10B5D000D50138BDD69F0200012238B580F8602021
:10B5E0000A23826B002580F89E31032380F89F3167
:10B5F00080F86F5380F8715380F8735380F8755357
:10B6000080F8775380F8BA5182F88A304FF6CE73BB
:10B61000A0F8783214491422C0F874520446FFF797
:10B62000B7FF124984F866032A462046FFF7B0FFA9
:10B630007F2384F87B304FF0FF33A4F8983004F573
:10B64000F673C4F88C31642384F858300423C4F8AA
:10B65000280384F86C50C4F8E453C4F8745284F896
:10B66000D43184F8D63138BDD69F02005E9F0200E7
:10B670000022FFF78DBF000010B517490446FFF701
:10B68000F7FFC0B284F8E8030138C0B2FD2802D940
:10B69000732384F8E83394F8E833204684F8E933D8
:10B6A0000E49FFF7E5FFC0B284F8EA0308B10F289E
:10B6B00002D1052384F8EA3394F8E82394F8EA33B6
:10B6C000D31A84F8EB33002384F8EC3384F8EE3398
:10B6D000112384F8ED3310BD849F0200E79F020020
:10B6E0002DE9F04105460C4617461E46FFF7ECFED5
:10B6F00038B1284621463A463346BDE8F041FFF7C7
:10B70000EFBE3046BDE8F0810023FFF7E9BF00003F
:10B7100070B501220D463C490446FFF739FF3B490D
:10B7200084F8680300222046FFF732FF384984F886
:10B730002C0307222046FFF72BFF364984F82D0300
:10B740002046FFF7C1FE88B132492046A66BFFF7BD
:10B750008FFF304930672046A66BFFF789FFA36B48
:10B76000B067022D0CBF1A6F9A6FDA662A49002261
:10B770006FF095032046FFF7B3FF274984F83403A1
:10B78000012220466FF09503FFF7AAFF022584F8F7
:10B79000350300232A4620461F49FFF7A1FF6319FE
:10B7A0000135052D83F83403F3D100252A462046C0
:10B7B0001A49FFF7A9FF631901350E2D83F85703C6
:10B7C000F4D1012384F86733062220461449FFF799
:10B7D000DFFE002284F8650312492046A56BFFF7BF
:10B7E000D7FE114985F82C0100222046FFF7D0FE34
:10B7F000002384F83E034021204684F82433BDE82A
:10B800007040FFF7D3BE00BF6E9F0200449F02004E
:10B81000C89F0200A09F0200F89F0200C19F020083
:10B82000959F0200AD9F0200699F020010B504467B
:10B8300028B10468003418BF0124E6F3A5F62046B9
:10B8400010BD10B5848B0C80018C118040F2DA326F
:10B850001A8090F83520029B01201A8010BD90F8C4
:10B8600034007047C06A7047836B9961704738B580
:10B87000044600283ED0C56D013DC565002D39D177
:10B88000FFF75EFD2046FFF772FDD4F8801229B164
:10B89000A36B186900F08CFDC4F88052002584F871
:10B8A0009551204646F0E4DEA26B1368A34202D114
:10B8B000A36C136003E09A6CA2421DD19D64D4F87E
:10B8C000943A0BB120469847A36B186951F094D86D
:10B8D000D4F8E41320B141B1204647F08FD804E0FA
:10B8E00019B1A36B986852F0CDDC2046E6F34CF614
:10B8F000002038BD012038BD012038BD2DE9F047BA
:10B900008A46002104461546C0680A46764699468E
:10B91000EBF3DCF6804600070CD5276857B1BB6B0C
:10B92000C7F84C901869F96A51F02CD8FB6D0133B7
:10B93000FB65CEE04FF42F60E6F314F6074628B916
:10B940006FF01A00314648F0A3DDC5E000214FF446
:10B950002F62E1F3F1F5FB6DC7F844A00133FB65FD
:10B960002368BC63BB640123C7F84C90276087F849
:10B970005930E26C41F26B039A4205D1636C932B10
:10B980000CBF0123182300E01823022DA7F88A30EA
:10B9900005D118F0010F1CBF4FF40053FB62BB6BC5
:10B9A000F96A186950F0EEDF7B6CB3F8E0831FFA98
:10B9B00088F808F470631B0AFB615FFA88F33B6246
:10B9C000BB6BD868F8F739FCFB69A7F8C602092BEE
:10B9D00004D10423FB613B6A10333B62012387F8E7
:10B9E00024304FEA18333B633846FFF79FFC0028AA
:10B9F00075D14FF48053A7F856304DF2240241F22E
:10BA00000103022D18BF1346A7F8523038463749B4
:10BA1000FFF75AFD38B138463449D7F83880FFF778
:10BA200027FEC8F868003846FFF7B7FC002856D054
:10BA300038462946FFF76CFE3846FFF7CDFD3846FD
:10BA400000F0D2FB00284AD029463846FFF7C5FC53
:10BA50000546002843D13846FFF70EFE384647F02A
:10BA600001DD3846012146F0AFDD3846294648F071
:10BA700083DB4FF0FF33C7F8D432C7F8D832C7F8AA
:10BA8000DC32C7F8E032C7F8E432C7F8E832C7F86A
:10BA9000EC32C7F8F032384607F11C011C22E1F302
:10BAA000C7F4206950F0A8DF60B1BB6B986852F012
:10BAB00035DEC7F8F80328B96FF01A00314648F0B0
:10BAC000E7DC0CE03846002148F04CDA002387F828
:10BAD000FC3907F14C03FB643846BDE8F087384673
:10BAE000FFF7C5FE0020BDE8F08700BF519F0200B0
:10BAF00070B505464FF498707646E6F333F5044684
:10BB000028B96FF01A00314648F0C2DC39E0002154
:10BB10004FF49872E1F310F52B68A3606B68E36053
:10BB2000AB682361EB6863602B6963612B8CA38432
:10BB30006B8CE3846B6AA362AB6AE362EB6A236398
:10BB40002B6B63636B6B6364AB6BA364EB6BE36442
:10BB50002B6C23656B6C6365AB6CC4F81C316B6933
:10BB6000A365AB69E3650F2323663D2363667923F1
:10BB7000A3660123C4F818310323E366002384F885
:10BB80008B30204670BD00007FB50A4B0A490093F8
:10BB9000002301930293039304930593074A0368D8
:10BBA000F9F79EFB002814BF4FF0FF30002007B0CC
:10BBB00000BD00BF05E3860068F48800B95A0100A3
:10BBC00001490268F9F731BBB95A01000023F0B509
:10BBD0001C4607E0CE183568C718C5507568013493
:10BBE0007D6008339442F5D1F0BD000038B5046C97
:10BBF0000023C4F8243690F86D53094B094A4FF4DA
:10BC00008060002D0CBF15461D46E6F3ABF4C4F86A
:10BC1000240620B129468022FFF7D8FF012038BD35
:10BC200066AD020066B1020070B517494FF0FF32F1
:10BC3000046C0546FFF7ACFC1449C4F85005172204
:10BC40002846FFF7A5FC0026C4F8540510496FF0FC
:10BC5000250284F858652846FFF79AFC0D49A4F898
:10BC6000480532462846FFF793FC0B49A4F8040C1C
:10BC70006FF003022846FFF78BFCB4F84835C31871
:10BC8000A4F8063C70BD00BF1DA0020046A802003B
:10BC90002FA802009CAC020007AD020038B527496E
:10BCA0000446FFF7E5FCC0B228288CBF002301231F
:10BCB00084F8690384F8CA0384F86D332046204968
:10BCC000FFF7D6FC082820461CD81E490022FFF7A3
:10BCD0001BFD80B20022C4F8FC001B492046FFF780
:10BCE00013FD1A49C4F800012046FFF7C1FC1849AA
:10BCF00005462046FFF7BCFC80B240EA0545C4F883
:10BD0000045113E013490022FFF7FEFC80B2C4F88F
:10BD1000FC00114900222046FFF7F6FC0F49C4F849
:10BD200000012046FFF7A4FCC4F8040120460C499A
:10BD3000FFF79EFC84F8080138BD00BF1EA4020076
:10BD4000EFAC020014A802003DA802004CA00200C3
:10BD500038A0020090AC020035AD0200A1A802009C
:10BD6000C4A70200F8B5A4490022056C0446FFF7F9
:10BD7000CBFCA14985F8BC0401222046FFF7C4FC96
:10BD80009E4985F8BD04002207232046FFF7A8FC42
:10BD9000922385F8BE04994901222046FFF7A0FCB2
:10BDA000974985F8BF0400222046FFF7F1FB95492B
:10BDB000C5F8C40400222046FFF7EAFB0026A5F8D8
:10BDC0005804914985F8336420463246FFF7E0FB7A
:10BDD0008E49A5F80A042046FFF74AFCB8B10123B2
:10BDE00085F833342F464223324620468749FFF7F1
:10BDF00077FCAB19C0B283F82604B5F80A340136D3
:10BE0000C018A7F80C0402370D2EECD10DE08049C4
:10BE100042222046FFF7BCFBC2B285F80824204628
:10BE20007C49FFF7B5FBA5F806047B4900222046B4
:10BE3000FFF7AEFB794985F838044FF0FF32204612
:10BE4000FFF7A6FB7649A5F868054FF0FF322046BC
:10BE5000FFF79EFB7349A5F86A054FF0FF322046B5
:10BE6000FFF796FB7049A5F86E054FF0FF322046AC
:10BE7000FFF78EFB6D4985F8700500222046FFF71D
:10BE800087FB002684F87400324620466849FFF795
:10BE90003BFCAB1901360E2E83F80606F4D1A12225
:10BEA00064492046FFF774FB6349C5F8C00546F2B4
:10BEB0000F622046FFF76CFB0822C5F8C4055F49F6
:10BEC0002046FFF765FB5E49C5F8C8056FF008021C
:10BED0002046FFF75DFB5B49C5F8CC0540F6BB7219
:10BEE0002046FFF755FB0A22C5F8D00556492046E3
:10BEF000FFF74EFB5549C5F8D4056FF044022046C4
:10BF0000FFF746FB5249A5F802066FF04A022046A9
:10BF1000FFF73EFB0122A5F804064E492046FFF735
:10BF200037FB80B2031C18BF012300F0020085F824
:10BF30004A353F2285F84B0547492046FFF728FB45
:10BF4000642285F84C0545492046FFF721FB44490A
:10BF5000C5F85C054FF0FF322046FFF719FBC5F826
:10BF60006005013018BF012085F864053D490022B5
:10BF70002046FFF70DFBC0B200F00F03000900F0F0
:10BF8000010085F8143685F8170637490022262364
:10BF90002046FFF7A5FB3449A5F8180601224223E5
:10BFA0002046FFF79DFB5023A5F81A062E490222D2
:10BFB0002046FFF795FB0622A5F81C062B492046D4
:10BFC000FFF7E6FA85F81E062046FFF767FE94F8AD
:10BFD0006D232046002A4DD12549FFF795FB2449C2
:10BFE000A4F8820301222046FFF78EFB2049A4F823
:10BFF0007E0320464DE000BFC8AC020073A80200DB
:10C0000087AC020054AC02007FA8020074AC0200AE
:10C01000B1AC0200E3AC020008A0020055A002008F
:10C02000F7AC020061A802001CA80200BAAC020032
:10C030004CAD020025A802008DA80200D2AC02007F
:10C04000D9AC020014A002005FAD02002AAD0200CC
:10C0500067AC0200DFA70200ADA80200FAA7020049
:10C06000E8A7020041A0020080AC0200D1A70200B4
:10C0700045AD020025490022FFF746FB2349A4F8FD
:10C08000820301222046FFF73FFB2049A4F87E03EC
:10C0900020460222FFF738FB0023A4F880031C4946
:10C0A00085F8333620460222FFF71AFB10B1012330
:10C0B00085F8333695F833362BB3154900222046E0
:10C0C000FFF722FB1249A4F82C0A01222046FFF7B1
:10C0D0001BFB0F49A4F8280A02222046FFF714FB95
:10C0E0000C49A4F82A0A00222046FFF751FA0A490F
:10C0F00085F8310628222046FFF74AFA002385F802
:10C10000320684F867330120F8BD00BF0AA8020098
:10C11000A5AC0200DAA702005AAD020038B50E49FC
:10C12000046C0546FFF7A4FA0C4984F82906284652
:10C13000FFF79EFAFF2284F82A0609492846FFF7EE
:10C1400027FA084984F830062846FFF791FAC4F820
:10C150002C06012038BD00BF5EAC020096A802008C
:10C160002BA0020051A8020038B50446056C4FF41C
:10C170006770E6F3F7F1C5F82006236CD3F82006C4
:10C18000B0B1D4F8DC300B4A934207D00A4A93424C
:10C1900006D00A4A93420AD1094902E0094900E05F
:10C1A00009494FF46772E1F343F1012038BD0020E3
:10C1B00038BD00BFC0AD3A0280BA8C0100F824013E
:10C1C000B8A8020082A0020028A4020010B504460C
:10C1D0004EF00AD8236CD3F82006E6F3D5F1206C94
:10C1E000BDE81040E6F3D0B170B5044640F6084013
:10C1F000E6F3B8F105462064002800F083800021B2
:10C2000040F60842E1F398F10125A36B84F88250CF
:10C2100084F8F050D868EBF3BDF13B4BC4F8DC0078
:10C22000C4F8483A394B2046C4F84C3A384BC4F865
:10C23000503A384BC4F8543A374BC4F8A03A374B0D
:10C24000C4F85C3A364BC4F8643A364BC4F86C3ADE
:10C25000354BC4F8703A354BC4F87C3A344BC4F8CB
:10C26000B43A344BC4F8B03A334BC4F8C03A334B09
:10C27000C4F8BC3A324BC4F8C43A324BC4F8C83A9A
:10C28000314BC4F8CC3A314BC4F8943A304BC4F833
:10C29000D03A304BC4F8D43A2F4BC4F8D83A2F4B8D
:10C2A000C4F8DC3A2E4BC4F8E03AFFF75BFD40B32C
:10C2B0002046FFF759FF20B32046FFF797FC00B355
:10C2C0002046FFF7B1FC236C204683F8C054FFF7EB
:10C2D00025FF244900222046266CFFF759F9224900
:10C2E00086F8340600222046FFF752F91F4984F8E9
:10C2F00090022A462046266CFFF74AF986F8350652
:10C3000000E00546284670BD554B8700114A87005E
:10C31000154A8700B95E87008D358700214B87005D
:10C32000915E8700CDEC8600296487001D4B870055
:10C33000895F870015F98600D5F88600493887009F
:10C3400061498700CD218700C5F90000415D0200E9
:10C35000F50A8700F90A8700F10A8700FD0A8700BD
:10C360000D0B870072A0020064A0020014AD020051
:10C37000836B93F82C210AB1042200E003221A6790
:10C38000DA667047F8B507460C200D461646E6F308
:10C39000E9F0044630B100210C22E1F3CDF0276032
:10C3A0006660A5602046F8BD08B1E6F3EDB07047C1
:10C3B0008068F2F35BB4000070B5064686B06C206E
:10C3C000E6F3D0F00446D0B100216C22E1F3B4F0E2
:10C3D0000823A3610E4B26600025009330680D49A9
:10C3E0000D4A234601950295039504950595F8F7A6
:10C3F00077FF38B93268012382F8923023712046E2
:10C4000006B070BD2046E6F3BFF02C46F7E700BF4C
:10C410000D698700B00A8900665B010010B504460B
:10C4200068B10368064918682246F8F7FEFE204600
:10C4300051F048D82046BDE81040E6F3A5B010BD45
:10C44000665B010010B5044648B1054922464068C4
:10C45000F8F7EBFE2046BDE81040E6F395B010BDBE
:10C460005CF4890070B5064686B01020E6F37AF0D9
:10C47000044630B300211022E1F35EF033682660F9
:10C48000636073680025A360042130460E4A0F4B99
:10C4900000950194FCF746FAA842E0600DDB0C4BD6
:10C4A00030688DE828000B490B4A23460295039516
:10C4B00004950595F8F714FF18B12046FFF7C2FF61
:10C4C0000024204606B070BD2974870011748700CF
:10C4D0007D7487007C0B89005CF4890030B50546CB
:10C4E00087B01420E6F33EF0044638B3002114224E
:10C4F000E1F322F06B682868A360124B256060604E
:10C50000002500931049114A234601950295039591
:10C5100004950595F8F7E4FE60B90A2323730F2309
:10C5200063736423A3730223E37306232374012339
:10C53000637403E02046E6F327F02C46204607B05C
:10C5400030BD00BF217B8700940B89000CE389007C
:10C5500010B5044648B1054922464068F8F765FE23
:10C560002046BDE81040E6F30FB010BD0CE3890093
:10C5700010B5044658B1064B21461B88C3581868AD
:10C58000F8F772FF2046BDE81040E5F3FDB710BD97
:10C59000D403000073B505460C20E5F3E9F7044623
:10C5A000C8B1104B04221A8002214560002301907B
:10C5B0000D4A28460093FCF7B5F9002820600ADBF5
:10C5C00001232381094B286800932146084A02234E
:10C5D000F8F7D9FE18B12046FFF7CAFF002420461D
:10C5E0007CBD00BFD40300007D858700FC0B890063
:10C5F000A985870038B5044680B1094B21461B88C0
:10C60000C5582868F8F730FF286806492246F8F729
:10C610000CFE2046BDE83840E5F3B6B738BD00BF94
:10C62000D6030000845B0100F0B5054687B01420F6
:10C63000E5F39EF70446002856D02F4B04221A80BB
:10C64000456000260190042128462C4A2C4B009678
:10C65000FCF768F9B042206046DB0123A3810C237C
:10C660002382284B0722E2810093274B28680193FD
:10C670002649274A23460296039604960596F8F71C
:10C680002FFE002830D1234B286800932146224AF0
:10C690000523F8F778FE38BB204BD5F894068DE8D3
:10C6A00018004FF490712A221D4BFDF703FBD8B9F7
:10C6B000D5F8940680212A221A4B0094FDF712FC2B
:10C6C00090B9B5F8AA0106F023DD801B18BF012040
:10C6D0000A3055F820301B68022B09D10121204671
:10C6E0000A4652F0ABDD03E02046FFF783FF00244B
:10C6F000204607B0F0BD00BFD60300005D8987006B
:10C7000049898700DD8B8700F58B8700340C890011
:10C71000845B01000C0C8900098B8700F98C870071
:10C72000E9898700F9888700084B10B51B88044603
:10C7300050B1C358064918682246F8F776FD2046DE
:10C74000BDE81040E5F320B710BD00BFD8030000DE
:10C750008B5B010070B5054686B01420E5F308F741
:10C760000446002844D0264B08221A800023856006
:10C77000042100930190234A2846234BFCF7D2F86A
:10C780000028206034DB0223A38105220C23E281F0
:10C790002382D5F8940680213D221C4B0094FDF79E
:10C7A000A1FB28BB1A4B029000931A4B03900193F4
:10C7B0000490059018492868184A2346F8F790FD18
:10C7C000B0B9B5F8AA0106F0A3DC2B6893F84F20A6
:10C7D0001AB1032A14BF032201222046012153F07B
:10C7E00063DA204602214FF0FF3253F05DDA03E0B6
:10C7F0002046FFF799FF0024204606B070BD00BF19
:10C80000D8030000319287001D928700E9918700CC
:10C810009993870001958700400C89008B5B01008C
:10C8200038B5044698B10568224628460849FCF701
:10C830009CF821462868F8F717FE28680549224623
:10C84000F8F7F3FC2046BDE83840E5F39DB638BD67
:10C850001D9E8700C9E3890030B5054687B00820D2
:10C86000E5F386F6044600283ED000230560042147
:10C8700000930190204A2846204BFCF753F80028EB
:10C88000606031DB28461E492246FCF769F858BB38
:10C890001C4B0190009302900390049005901A495C
:10C8A00028681A4A2346F8F71BFDE8B9184B286890
:10C8B00000932146174A0123F8F765FDA0B9164BEE
:10C8C000D5F894068DE818004FF490712822134B88
:10C8D000FDF7F0F940B9D5F8940680212822104BD5
:10C8E0000094FDF7FFFA18B12046FFF799FF0024E6
:10C8F000204607B030BD00BFA19D8700619D870025
:10C900001D9E8700A59E87009C0C8900C9E38900B5
:10C91000940C8900799E87009D9F8700459E870023
:10C92000459D870070B5064686B09C20E5F320F64D
:10C930000446002834D006601B4B30680025606038
:10C940001A4900931A4A23460195029503950495C6
:10C950000595F8F7C5FCF8B9D6F884341E229B7803
:10C9600022610422E27202222377227301230A2227
:10C97000E376237263616273A3764FF6AF72A37797
:10C9800084F899301023A0736072A072228384F817
:10C990009A3084F8983003E02046E5F3F5F52C460C
:10C9A000204606B070BD00BF19AE8700001C89008C
:10C9B00066B50200C0F88410C0F88820C0F88C303A
:10C9C0007047000010B5044648B10549224640684A
:10C9D000F8F72BFC2046BDE81040E5F3D5B510BDB7
:10C9E00066B5020038B5044600B3436B05680BB169
:10C9F000E9F7C6FC04F11400DBF38AF404F1180033
:10CA0000DBF386F404F11000DFF382F504F1240077
:10CA1000DBF372F4224606492868F8F706FC204644
:10CA2000E5F3B2F52B68002283F8622138BD00BF20
:10CA30007AE689002DE9F041054686B03820E5F315
:10CA400097F5044600287FD0056000260190042158
:10CA50002846414A414B0096FBF764FFB0426060B4
:10CA600072DB042128463E4A3E4B0096019400F0BA
:10CA70009FF9B042A06067DB0127E76038463A497A
:10CA80003A4A6B68DFF32EF1206100285CD0062162
:10CA90003246D5F80480DFF36BF53449034642464D
:10CAA0003148DBF317F4606200284DD0072132468D
:10CAB0002069DFF35DF539460346E0613246606A7E
:10CAC000DBF3E8F239460246A0612069DFF350F556
:10CAD000E36939463246606ADBF3DCF20221024642
:10CAE00060612069DFF344F5214B4FF00308C4F87F
:10CAF0002C808DE848001F4B286804931E4B1F496B
:10CB000005931F4A234602960396F8F7E9FBD8B926
:10CB10001C4BD5F894068DE81800B02142461A4BFC
:10CB2000FDF746F880B9194BD5F894068DE8180042
:10CB3000B0215D22164BFDF769F928B91423A362D1
:10CB40002B6883F8627103E02046FFF74BFF002457
:10CB5000204606B0BDE8F08115D28700B906010075
:10CB6000890501004DE08700FDD0870005D18700D1
:10CB700099D38700945B010019050100181C8900F6
:10CB80007AE68900171501008F160100551401007F
:10CB9000C11401002DE9F043074687B04FF44170FE
:10CBA0000E4615469846E5F3DDF40446002878D095
:10CBB00000214FF44172E0F3BFF42820E5F3D2F4F2
:10CBC0008146206020B92046E5F3DEF4484668E05F
:10CBD00000212822E0F3B0F423684FF441721C6076
:10CBE0006261E5604FF0FF320025A261A760C4F8E2
:10CBF00004809D711423A4F808322823A4F8063277
:10CC00002D23A4F804326E23A4F80A32022384F8F8
:10CC10000C326423A4F8383284F80D52304622498D
:10CC200022462B46F2F33AF0C4F8F80130B304F58B
:10CC30001473C4F81832C4F814321C4B0526C4F817
:10CC40001C6200931A4B029501931A4B04950393AF
:10CC50000595234638681849184AF8F741FB0346FA
:10CC600060B9009038682168154AF8F78CFB28B93C
:10CC700084F8406284F84162206812E0D4F8F81128
:10CC800019B1A3689868F1F3F1F7206908B100F0D1
:10CC90003FF8206808B1E5F377F42046E5F374F433
:10CCA000002007B0BDE8F08365F68700C5EF870078
:10CCB00049F6870039FF87006C1C890000E889006D
:10CCC0006500880038B50546F0B10468E4B1D4F8D1
:10CCD000F81131B1A3689868F1F3C8F70023C4F8DC
:10CCE000F831A368224618680849F8F79EFAA36845
:10CCF00021681868F8F7B8FB2846E5F345F42046A4
:10CD0000BDE83840E5F340B438BD00BF00E8890015
:10CD100010B5044630B159F0B9DE2046BDE81040E8
:10CD2000E5F332B410BD0000F7B506680546F369B7
:10CD30001F6D02373F013846E5F314F4044610B383
:10CD400000213A46E0F3F8F384E860001021002661
:10CD500028460E4A0E4B00960194FBF7E3FDB042C5
:10CD6000A0610CDB04F1200363614FF44773E360BF
:10CD7000D5F8380604F11C01DFF3DEF518B12046C2
:10CD8000E5F302F434462046FEBD00BFB908880032
:10CD90009D08880010B5044648B1C36913B11C3022
:10CDA000DFF3E0F52046BDE81040E5F3EDB310BD3C
:10CDB000F0B5D0F8244100682569C069006D85424E
:10CDC00011D267692E01B819013525614360059BB1
:10CDD000BA518360069BC360E068C31C591821F0F8
:10CDE0000301E160F0BD4FF0FF30F0BD37B50546FF
:10CDF0001820E5F3B7F3044638B300211822E0F316
:10CE00009BF32B68256063606B682846A360FFF77F
:10CE100065FBE06088B15BF0AFD8002301468DE888
:10CE2000180028460A4A0B4BFFF7C2FF0028206172
:10CE300003DB51F04DD8606107E0E06808B1FFF70F
:10CE400087FB2046E5F3A0F3002420463EBD00BF4B
:10CE50001D1B8800F91A880010B5044638B1C06857
:10CE6000FFF776FB2046BDE81040E5F38DB310BD1B
:10CE700073B505461820E5F375F30446002838D04D
:10CE800000211822E0F358F30C20E5F36BF306467B
:10CE900000282DD000210C22E0F34EF32B686661B0
:10CEA000256063602846FFF73DFDA060B8B15BF0E8
:10CEB0009DD8002301468DE8280028460E4A0F4BD6
:10CEC000FFF776FF0028E06009DB56F013DA0C4923
:10CED00020610C4AA0680C4BFFF76CFD09E0A068CC
:10CEE00008B1FFF76FFD2046E5F34EF3002400E0A4
:10CEF000044620467CBD00BFCD1B8800A91B8800CE
:10CF0000C1218800B5218800A91E880010B50446FB
:10CF100050B18068FFF756FD6069E5F335F32046B0
:10CF2000BDE81040E5F330B310BD000070B5444BD0
:10CF300086B000930023019302930393414B044670
:10CF40000493414B414905930068414A2346F8F751
:10CF5000C7F9054600286FD1D4F884341421A3F80A
:10CF60006410A36A012683F84C00E36A204683F824
:10CF70004C60A16A5EF0E8D8E16A20465EF0E4D831
:10CF8000204629465DF0EADBA36A83F84D50E36A48
:10CF900083F84D50236A1869E7F7F6FE830707D533
:10CFA000D4F884344FF0FF325E73D4F88434DA81DD
:10CFB0002368D4F884545E6951F0BCD901463046E8
:10CFC00051F052D9E862002836D0D4F884341F22B8
:10CFD00083F87820D4F88404052257304FF0FF31CD
:10CFE000E0F3AAF22368D4F88424B3F8C810D3F885
:10CFF000D80051850A2151631649E1F315F1431E0A
:10D000000D2BD4F88454236898BF68631249D3F871
:10D01000D800E1F309F185F88A00D4F884340122BC
:10D0200083F85120D4F8843400201A7883F84E20F5
:10D03000D4F88434586701E04FF0FF3006B070BD7B
:10D04000E9398800105C0100AD1E0100341D890023
:10D050006EB5020081B5020072B50200D0F88434CA
:10D0600010B5D96A044611B1406851F00BD9206857
:10D0700002492246BDE81040F8F7D7B86EB5020065
:10D0800038B503680446D0F884542749D3F8D8004B
:10D09000E1F3CAF0287023682449D3F8D800D4F803
:10D0A0008454E1F3C1F0E870D4F884341A78013A7A
:10D0B000D2B2FD2A01D901221A70D4F884341A7828
:10D0C0005A700023D4F88424D11812780133052B28
:10D0D00081F85220F6D1D4F8845401212846E0F397
:10D0E0008BF4A870D4F88434DA78013AD2B2FD2AED
:10D0F00001D90122DA70D4F884340121DA785A7126
:10D10000D4F88454E81CE0F377F42871D4F884341C
:10D1100020461A799A715DF053DAB4F85814204613
:10D12000BDE838405DF0A49A8EB5020096B50200C5
:10D1300010B50446D8B140680D492246FBF72BFCD8
:10D14000236A1BB104F12000DFF30CF4237F23B129
:10D15000606808492246FBF708FCA0680649224699
:10D16000F8F763F82046BDE81040E5F30DB210BDB6
:10D17000D1568800515488007E5C010030B50546C8
:10D1800087B02420E5F3EEF1044600283ED00021CC
:10D190002422E0F3D1F12B680022A360AB68656024
:10D1A000E3606B68042123610823A3822846194B9E
:10D1B0008DE81400FBF7B6FB0028206022DB284630
:10D1C00015492246FBF7CCFBE0B90123237728461B
:10D1D00012492246FBF7DAFBA0B9D5F8380604F16C
:10D1E0002001DFF3A9F368B90D4B01900093029081
:10D1F0000390049005900B4928680B4A2346F8F7E2
:10D200006FF818B12046FFF793FF0024204607B0BF
:10D2100030BD00BFC954880051548800D1568800E1
:10D22000555588001C1F89007E5C0100D0F8D0365F
:10D23000186ADFF35DB3D0F8D036186ADFF3BAB3FB
:10D24000F8B5D0F8846404460D46D1F8D800C14939
:10D25000E0F3EAF786F81C01D5F8D800BE49E1F3FF
:10D2600007F0D4F8846438B1D5F8D800BA49E0F3AF
:10D27000DBF786F8E80002E0022386F8E830D5F80C
:10D28000D800B649E0F3F4F7D4F8846438B1D5F89F
:10D29000D800B249E0F3C8F786F8580102E0FF234E
:10D2A00086F85831AE49D5F8D800D4F88464E0F354
:10D2B000BBF7AC49C6F82001D5F8D800D4F884648F
:10D2C000E0F3B2F7A849A6F82A01D5F8D800D4F8B7
:10D2D0008464E0F3A9F7A549A6F82C01D5F8D80095
:10D2E000D4F88464E0F3A0F7A149A6F82E01D5F89C
:10D2F000D800D4F88464E0F397F786F8E900D4F80E
:10D30000843493F8E92012B9022283F8E920D5F891
:10D31000D8009849D4F88464E0F386F7A6F8C600EC
:10D32000D4F88464B6F9C63013B90123A6F8C63020
:10D33000D5F8D8009049E0F377F7C6F8D800D4F8CC
:10D340008464D6F8D8301BB94CF25033C6F8D830C4
:10D3500096F8E93001229A40D6F8D810D5F8D800CE
:10D360008A4288BFC6F8D820022212FA03F3834902
:10D37000C6F8DC30E0F358F7C6F8E400D4F884646B
:10D38000D6F8E4301BB94FF49673C6F8E430D5F8FC
:10D39000D8007B49E0F348F7A6F8C400D4F88464C9
:10D3A000B6F9C43013B91923A6F8C430D5F8D8009B
:10D3B0007449E0F339F786F86C01D4F8843493F8B3
:10D3C0006C2112B9052283F86C216F49D5F8D80079
:10D3D000D4F88464E0F328F7D4F88434A6F8F00095
:10D3E00093F81C21694983F81D21D4F8843493F8FB
:10D3F0001D2183F84821D4F88434DA7983F8AC20ED
:10D40000D4F884341A7A83F84521D4F884644FF62A
:10D41000A273A6F8EA30A6F8EC30A6F8EE30D5F8FC
:10D42000D800E0F301F7A6F8F200D4F88464B6F966
:10D43000F2301BB94FF6A273A6F8F23096F8E93035
:10D44000012212FA03F3D6F8D8205149934288BF3B
:10D45000C6F8D8300023A6F8B230A6F8B430A6F843
:10D46000B630C6F8B830C6F8BC30C6F8C030D5F80B
:10D47000D8001F46E0F3D8F686F844014549D5F8B0
:10D48000D800D4F88464E0F3CFF686F84B01D5F8E1
:10D49000D8004149D4F88464E0F3C6F6D4F8843463
:10D4A000C6F8240183F82971D4F88434D3F82421F0
:10D4B0001AB94FF49B72C3F8242193F81D2102B1CD
:10D4C0000322C3F84C21C3F850210022C3F8542191
:10D4D000D5F8D8003149E0F3CBF640B1D5F8D80003
:10D4E0002E49D4F88464E0F39FF6C6F85401D5F8C9
:10D4F000D8002B49E0F3BCF640B1D5F8D800284954
:10D50000D4F88464E0F390F6C6F84C01D5F8D8005E
:10D510002449E0F3ADF640B1D5F8D8002149D4F85C
:10D520008464E0F381F6C6F850011F4922460023C7
:10D53000A068D4F88454F1F3B1F31C49C5F8300164
:10D540002246A0680023D4F88454F1F3A7F3C5F869
:10D550003401F8BD2CB60200A4B6020074B6020075
:10D5600057B60200CBB50200EEB5020000B60200CD
:10D5700096B602009EB5020067B602001FB6020012
:10D58000BEB50200CDB60200DDB5020081B60200D4
:10D5900012B60200AEB50200BFB6020045B60200E8
:10D5A00035B60200AFB602003F330100AD330100D3
:10D5B00038B5044680B105682246D5F844010749CC
:10D5C000FDF779FC284606492246FBF7CEF92046AE
:10D5D000BDE83840E4F3D8B738BD00BF1D708800FF
:10D5E000B16E880037B505460820E4F3C1F704465C
:10D5F000C0B1056000220190042128460C4B009226
:10D60000FBF790F9002860600CDB284609492246A8
:10D61000FBF7A6F930B9D5F8440107492246FDF7D2
:10D6200047FC18B12046FFF7C3FF002420463EBD4B
:10D63000596F8800B16E88001D70880038B50446A7
:10D6400070B1056821462868F7F70EFF286805497C
:10D650002246F7F7EAFD2046BDE83840E4F394B7E8
:10D6600038BD00BF845C010030B5054687B00C2092
:10D67000E4F37EF70446002846D0274B05604FF4BC
:10D680009071009301902022D5F89406234BFCF76B
:10D6900011FB002838D1224BD5F894068DE81800EC
:10D6A0004FF4907123221F4BFCF704FB00282BD171
:10D6B0001D4BD5F894068DE81800402188221B4B9D
:10D6C000FCF718FB00BBD5F8940680212022184BEC
:10D6D0000094FCF707FCB8B9164B02900093164B68
:10D6E000039001930490059014492868144A234636
:10D6F000F7F7F6FD40B9134B286800932146124A0C
:10D700000123F7F740FE18B12046FFF797FF0024EA
:10D71000204607B030BD00BF21768800E97388003D
:10D72000557688000D748800C1758800D57388000F
:10D73000BD7388005D748800BD758800781F8900FE
:10D74000845C0100701F89003174880010B50446A4
:10D7500060B1074B07491B882246C3581868F7F782
:10D7600064FD2046BDE81040E4F30EB710BD00BFD5
:10D77000DA030000885C0100F0B5074687B014208A
:10D78000E4F3F6F6054620B3154B064600240422C2
:10D7900006F8044B1A80012347603372F4607472F8
:10D7A000042101900F4A38460F4B0094FFF700FB0D
:10D7B000A04270600DDB0D4B009401930294039422
:10D7C0000494059438682146094A2B46F7F788FDEA
:10D7D00018B12846FFF7BAFF0025284607B0F0BD6C
:10D7E000DA030000D9778800B977880029788800A3
:10D7F000885C010070B5054686B01820E4F3B8F6E1
:10D80000044600285AD02B68002601224360056098
:10D81000082183F8AD200190324628463346009611
:10D82000FFF7C6FAB04220614BDB10212846274A99
:10D83000274B00960194FBF775F8B042C5F89801A4
:10D840003FDB0423E360234BA06005218DE8180033
:10D85000D5F894064422204BFCF72CFA002830D14E
:10D860001E4BD5F894068DE818004FF490714422B1
:10D870001B4BFCF71FFA002823D1D5F8940605218D
:10D880004422184B0094FCF7CBFCD0B9D5F8940691
:10D89000C0214422144B0094FCF7C2FC88B9134BFE
:10D8A00001900093124B039002930490059011494C
:10D8B0002868114A2346F7F713FD10B9204606B031
:10D8C00070BD2046E4F360F60024F7E77981880014
:10D8D0005D818800DD808800358088003581880082
:10D8E00005818800558088003D858800C5828800B4
:10D8F000CD858800E01F89008C5C010010B50446CE
:10D9000048B1054922464068F7F78FFC2046BDE83C
:10D910001040E4F339B610BD8C5C010070B50546CB
:10D9200086B03020E4F31EF60446002831D00021F2
:10D930003022DFF301F61A4B256000930023019398
:10D94000029303930493059328681649164A2346C5
:10D95000F7F7C6FC0646E0B9FF23A3750123E3757C
:10D960002B681249D3F8D800E0F382F420B1314695
:10D970003246E0F319F2A0752B680D49D3F8D800B0
:10D98000E0F376F448B100210A46E0F30DF2E075C9
:10D9900003E0284661F094DD0024204606B070BD07
:10D9A000A98C88001C20890056FB8900E3B6020080
:10D9B000EDB6020038B50446002820D061F0D4DD71
:10D9C000A36A73B1204661F099DA0AE02B686868AF
:10D9D0006360E4F3D9F52846E4F3D6F5237D013BF3
:10D9E00023756568002DF1D1236805491868224622
:10D9F000F7F71BFC2068BDE8384061F0619D38BD39
:10DA000056FB8900776C635F626D61635F696E6668
:10DA10006F5F696E69740000000000000000000084
:10DA200000000000000000000000000000000000F6
:10DA300000000000000000000000000000000000E6
:10DA400000000000000000000000000000000000D6
:10DA500000000000000000000000000000000000C6
:10DA600000000000000000000000000000000000B6
:10DA700000000000000000000000000000000000A6
:10DA80000000000000000000000000000000000096
:10DA90000000000000000000000000000000000086
:10DAA0000000000000000000000000000000000076
:10DAB0000000000000000000000000000000000066
:10DAC0000000000000000000000000000000000056
:10DAD0000000000000000000000000000000000046
:10DAE0000000000000000000000000000000000036
:10DAF0000000000000000000000000000000000026
:10DB00000000000000000000000000000000000015
:10DB10000000000000000000000000000000000005
:10DB200000000000000000000000000000000000F5
:10DB300000000000000000000000000000000000E5
:10DB400000000000000000000000000000000000D5
:10DB500000000000000000000000000000000000C5
:10DB600000000000000000000000000000000000B5
:10DB700000000000000000000000000000000000A5
:10DB80000000000000000000000000000000000095
:10DB90000000000000000000000000000000000085
:10DBA0000000000000000000000000000000000075
:10DBB0000000000000000000000000000000000065
:10DBC0000000000000000000000000000000000055
:10DBD0000000000000000000000000000000000045
:10DBE0000000000000000000000000000000000035
:10DBF0000000000000000000000000000000000025
:10DC00000000000000000000000000000000000014
:10DC10000000000000000000000000000000000004
:10DC200000000000000000000000000000000000F4
:10DC300000000000000000000000000000000000E4
:10DC400000000000000000000000000000000000D4
:10DC500000000000000000000000000000000000C4
:10DC600000000000000000000000000000000000B4
:10DC700000000000000000000000000000000000A4
:10DC80000000000000000000000000000000000094
:10DC90000000000000000000000000000000000084
:10DCA0000000000000000000000000000000000074
:10DCB0000000000000000000000000000000000064
:10DCC0000000000000000000000000000000000054
:10DCD0000000000000000000000000000000000044
:10DCE0000000000000000000000000000000000034
:10DCF0000000000000000000000000000000000024
:10DD00000000000000000000000000000000000013
:10DD10000000000000000000000000000000000003
:10DD200000000000000000000000000000000000F3
:10DD300000000000000000000000000000000000E3
:10DD400000000000000000000000000000000000D3
:10DD500000000000000000000000000000000000C3
:10DD600000000000000000000000000000000000B3
:10DD700000000000000000000000000000000000A3
:10DD80000000000000000000000000000000000093
:10DD90000000000000000000000000000000000083
:10DDA0000000000000000000000000000000000073
:10DDB0000000000000000000000000000000000063
:10DDC0000000000000000000000000000000000053
:10DDD0000000000000000000000000000000000043
:10DDE0000000000000000000000000000000000033
:10DDF0000000000000000000000000000000000023
:10DE00000000000000000000000000000000000012
:10DE10000000000000000000000000000000000002
:10DE200000000000000000000000000000000000F2
:10DE300000000000000000000000000000000000E2
:10DE400000000000000000000000000000000000D2
:10DE500000000000000000000000000000000000C2
:10DE600000000000000000000000000000000000B2
:10DE700000000000000000000000000000000000A2
:10DE80000000000000000000000000000000000092
:10DE90000000000000000000000000000000000082
:10DEA0000000000000000000000000000000000072
:10DEB0000000000000000000000000000000000062
:10DEC0000000000000000000000000000000000052
:10DED0000000000000000000000000000000000042
:10DEE0000000000000000000000000000000000032
:10DEF0000000000000000000000000000000000022
:10DF00000000000000000000000000000000000011
:10DF10000000000000000000000000000000000001
:10DF200000000000000000000000000000000000F1
:10DF300000000000000000000000000000000000E1
:10DF400000000000000000000000000000000000D1
:10DF500000000000000000000000000000000000C1
:10DF600000000000000000000000000000000000B1
:10DF700000000000000000000000000000000000A1
:10DF80000000000000000000000000000000000091
:10DF90000000000000000000000000000000000081
:10DFA0000000000000000000000000000000000071
:10DFB0000000000000000000000000000000000061
:10DFC0000000000000000000000000000000000051
:10DFD0000000000000000000000000000000000041
:10DFE0000000000000000000000000000000000031
:10DFF0000000000000000000000000000000000021
:10E000000000000000000000000000000000000010
:10E010000000000000000000000000000000000000
:10E0200000000000000000000000000000000000F0
:10E0300000000000000000000000000000000000E0
:10E0400000000000000000000000000000000000D0
:10E0500000000000000000000000000000000000C0
:10E0600000000000000000000000000000000000B0
:10E0700000000000000000000000000000000000A0
:10E080000000000000000000000000000000000090
:10E090000000000000000000000000000000000080
:10E0A0000000000000000000000000000000000070
:10E0B0000000000000000000000000000000000060
:10E0C0000000000000000000000000000000000050
:10E0D0000000000000000000000000000000000040
:10E0E0000000000000000000000000000000000030
:10E0F0000000000000000000000000000000000020
:10E10000000000000000000000000000000000000F
:10E1100000000000000000000000000000000000FF
:10E1200000000000000000000000000000000000EF
:10E1300000000000000000000000000000000000DF
:10E1400000000000000000000000000000000000CF
:10E1500000000000000000000000000000000000BF
:10E1600000000000000000000000000000000000AF
:10E17000000000000000000000000000000000009F
:10E18000000000000000000000000000000000008F
:10E19000000000000000000000000000000000007F
:10E1A000000000000000000000000000000000006F
:10E1B000000000000000000000000000000000005F
:10E1C000000000000000000000000000000000004F
:10E1D000000000000000000000000000000000003F
:10E1E000000000000000000000000000000000002F
:10E1F000000000000000000000000000000000001F
:10E20000000000000000000000000000000000000E
:10E2100000000000000000000000000000000000FE
:10E2200000000000000000000000000000000000EE
:10E2300000000000000000000000000000000000DE
:10E2400000000000000000000000000000000000CE
:10E2500000000000000000000000000000000000BE
:10E2600000000000000000000000000000000000AE
:10E27000000000000000000000000000000000009E
:10E28000000000000000000000000000000000008E
:10E29000000000000000000000000000000000007E
:10E2A000000000000000000000000000000000006E
:10E2B000000000000000000000000000000000005E
:10E2C000000000000000000000000000000000004E
:10E2D000000000000000000000000000000000003E
:10E2E000000000000000000000000000000000002E
:10E2F000000000000000000000000000000000001E
:10E30000000000000000000000000000000000000D
:10E3100000000000000000000000000000000000FD
:10E3200000000000000000000000000000000000ED
:10E3300000000000000000000000000000000000DD
:10E3400000000000000000000000000000000000CD
:10E3500000000000000000000000000000000000BD
:10E3600000000000000000000000000000000000AD
:10E37000000000000000000000000000000000009D
:10E38000000000000000000000000000000000008D
:10E39000000000000000000000000000000000007D
:10E3A000000000000000000000000000000000006D
:10E3B000000000000000000000000000000000005D
:10E3C000000000000000000000000000000000004D
:10E3D000000000000000000000000000000000003D
:10E3E000000000000000000000000000000000002D
:10E3F000000000000000000000000000000000001D
:10E40000000000000000000000000000000000000C
:10E4100000000000000000000000000000000000FC
:10E4200000000000000000000000000000000000EC
:10E4300000000000000000000000000000000000DC
:10E4400000000000000000000000000000000000CC
:10E4500000000000000000000000000000000000BC
:10E4600000000000000000000000000000000000AC
:10E47000000000000000000000000000000000009C
:10E48000000000000000000000000000000000008C
:10E49000000000000000000000000000000000007C
:10E4A000000000000000000000000000000000006C
:10E4B000000000000000000000000000000000005C
:10E4C000000000000000000000000000000000004C
:10E4D000000000000000000000000000000000003C
:10E4E000000000000000000000000000000000002C
:10E4F000000000000000000000000000000000001C
:10E50000000000000000000000000000000000000B
:10E5100000000000000000000000000000000000FB
:10E5200000000000000000000000000000000000EB
:10E5300000000000000000000000000000000000DB
:10E5400000000000000000000000000000000000CB
:10E5500000000000000000000000000000000000BB
:10E5600000000000000000000000000000000000AB
:10E57000000000000000000000000000000000009B
:10E58000000000000000000000000000000000008B
:10E59000000000000000000000000000000000007B
:10E5A000000000000000000000000000000000006B
:10E5B000000000000000000000000000000000005B
:10E5C000000000000000000000000000000000004B
:10E5D000000000000000000000000000000000003B
:10E5E000000000000000000000000000000000002B
:10E5F000000000000000000000000000000000001B
:10E60000000000000000000000000000000000000A
:10E6100000000000000000000000000000000000FA
:10E6200000000000000000000000000000000000EA
:10E6300000000000000000000000000000000000DA
:10E6400000000000000000000000000000000000CA
:10E6500000000000000000000000000000000000BA
:10E6600000000000000000000000000000000000AA
:10E67000000000000000000000000000000000009A
:10E68000000000000000000000000000000000008A
:10E69000000000000000000000000000000000007A
:10E6A000000000000000000000000000000000006A
:10E6B000000000000000000000000000000000005A
:10E6C000000000000000000000000000000000004A
:10E6D000000000000000000000000000000000003A
:10E6E000000000000000000000000000000000002A
:10E6F000000000000000000000000000000000001A
:10E700000000000000000000000000000000000009
:10E7100000000000000000000000000000000000F9
:10E7200000000000000000000000000000000000E9
:10E7300000000000000000000000000000000000D9
:10E7400000000000000000000000000000000000C9
:10E7500000000000000000000000000000000000B9
:10E7600000000000000000000000000000000000A9
:10E770000000000000000000000000000000000099
:10E780000000000000000000000000000000000089
:10E790000000000000000000000000000000000079
:10E7A0000000000000000000000000000000000069
:10E7B0000000000000000000000000000000000059
:10E7C0000000000000000000000000000000000049
:10E7D0000000000000000000000000000000000039
:10E7E0000000000000000000000000000000000029
:10E7F0000000000000000000000000000000000019
:10E800000000000000000000000000000000000008
:10E8100000000000000000000000000000000000F8
:10E8200000000000000000000000000000000000E8
:10E8300000000000000000000000000000000000D8
:10E8400000000000000000000000000000000000C8
:10E8500000000000000000000000000000000000B8
:10E8600000000000000000000000000000000000A8
:10E870000000000000000000000000000000000098
:10E880000000000000000000000000000000000088
:10E890000000000000000000000000000000000078
:10E8A0000000000000000000000000000000000068
:10E8B0000000000000000000000000000000000058
:10E8C0000000000000000000000000000000000048
:10E8D0000000000000000000000000000000000038
:10E8E0000000000000000000000000000000000028
:10E8F0000000000000000000000000000000000018
:10E900000000000000000000000000000000000007
:10E9100000000000000000000000000000000000F7
:10E9200000000000000000000000000000000000E7
:10E9300000000000000000000000000000000000D7
:10E9400000000000000000000000000000000000C7
:10E9500000000000000000000000000000000000B7
:10E9600000000000000000000000000000000000A7
:10E970000000000000000000000000000000000097
:10E980000000000000000000000000000000000087
:10E990000000000000000000000000000000000077
:10E9A0000000000000000000000000000000000067
:10E9B0000000000000000000000000000000000057
:10E9C0000000000000000000000000000000000047
:10E9D0000000000000000000000000000000000037
:10E9E0000000000000000000000000000000000027
:10E9F0000000000000000000000000000000000017
:10EA00000000000000000000000000000000000006
:10EA10000000000000000000646561646D616E5FCD
:10EA2000746F0072616D73746279646973006465F8
:10EA300061646D616E5F746F007370695F70755FA4
:10EA4000656E6162005344494F44455600677370D8
:10EA50006964776F72640050434D434941444556A1
:10EA60000073645F6F6F626F6E6C790073645F67D1
:10EA7000706F757400475350492044776F7264205B
:10EA80004D6F646520656E61626C65640A00736435
:10EA90005F677064630073645F677076616C002504
:10EAA000733A2042726F6164636F6D205344504328
:10EAB0004D4420434443206472697665720A0073B2
:10EAC0006470636D646364632564005344494F005C
:10EAD0000A525445202825732D2573257325732943
:10EAE000202573206F6E2042434D257320722564CC
:10EAF00020402025642E25642F25642E25642F2593
:10EB0000642E25644D487A0A0000434443006E6F2A
:10EB1000637263006E6F7469665F63006E6F746921
:10EB2000665F73006F66646D3267706F3D30782585
:10EB3000780070612564677725646125643D3078CD
:10EB4000257800706131686962303D25640070612C
:10EB500031686962313D25640070613168696232F3
:10EB60003D2564006761696E6374726C7370683D03
:10EB70002564007061316D61787077723D256400A5
:10EB80006D656173706F77657225643D30782578A7
:10EB90000072786761696E732564672563747265B6
:10EBA0006C6E616279706125643D2564007061322C
:10EBB000676125643D307825782C307825782C30B5
:10EBC0007825780072737369736D6335673D2564CA
:10EBD00000757362666C6167733D307825780070EC
:10EBE00061326763636B6125643D307825782C3032
:10EBF0007825782C30782578007064657472616EA1
:10EC0000676532673D3078257800757362333075FB
:10EC10003175323D307825780073756276656E64A3
:10EC200069643D3078257800616725643D3078253A
:10EC300078006F656D3D253032782530327825308B
:10EC400032782530327825303278253032782530C8
:10EC5000327825303278006F66646D706F3D3078A1
:10EC600025780074656D706F66667365743D256404
:10EC7000006D656173706F7765723D30782578003F
:10EC800072737369736D6632673D256400706170DD
:10EC90006172616D62777665723D256400646F74A0
:10ECA000313161676F66646D6872627732303267E6
:10ECB000706F3D3078257800697474326761303D3B
:10ECC000307825780062786132673D256400727380
:10ECD0007369736D6332673D2564007061356762E7
:10ECE0007734306125643D307825782C307825786C
:10ECF0002C307825782C307825782C307825782C95
:10ED0000307825782C307825782C307825782C3080
:10ED10007825782C307825782C307825782C307828
:10ED20002578006D63736277323035676C706F3DA4
:10ED3000307825780000006D637362773230756C2F
:10ED400035676C706F3D30782578006D637362773E
:10ED5000343035676C706F3D307825780000007571
:10ED6000736275746D695F63746C3D3078257800EB
:10ED700065787470616761696E32673D30782578B7
:10ED800000616E74737763746C32673D30782578F8
:10ED90000070726F647563746E616D653D257300FC
:10EDA00074785F647574795F6379636C655F7468A8
:10EDB000726573685F25645F35673D25640072780E
:10EDC0006761696E65727232676125643D307825CE
:10EDD0007800616730006D61787032676125643D4D
:10EDE00030782578006277647570706F3D307825D3
:10EDF00078006E6F6973656C766C35676125643D6C
:10EE000025642C25642C25642C256400627734301D
:10EE1000706F3D30782578007061356762773830E3
:10EE20006125643D307825782C307825782C307831
:10EE300025782C307825782C307825782C3078255A
:10EE4000782C307825782C307825782C30782578F7
:10EE50002C307825782C307825782C30782578005F
:10EE60007573623330753175323D307825780070B6
:10EE700064657472616E676535673D30782578002A
:10EE80006D6163616464723D25730074656D7073B8
:10EE90005F687973746572657369733D2564006D8D
:10EEA0006373256467706F25643D30782578006250
:10EEB0006F617264666C616773323D3078257800EB
:10EEC000626F617264666C616773333D3078257878
:10EED000006C6564626825643D307825780072783E
:10EEE0006761696E732564672563747269736F6106
:10EEF00025643D256400616132673D3078257800E6
:10EF000070726F6469643D307825780074656D7047
:10EF10007468726573683D25640063686970726522
:10EF2000763D2564006C65676F66646D627732308C
:10EF300035676C706F3D307825780000006C656730
:10EF40006F66646D62773230756C35676C706F3DDB
:10EF500030782578006C65676F66646D6277323053
:10EF600035676D706F3D307825780000006C6567FF
:10EF70006F66646D62773230756C35676D706F3DAA
:10EF800030782578006C65676F66646D6277323023
:10EF9000356768706F3D307825780000006C6567D4
:10EFA0006F66646D62773230756C356768706F3D7F
:10EFB000307825780075736266733D25640074654A
:10EFC0006D70735F706572696F643D256400736274
:10EFD0003430616E64383025637235672563706F35
:10EFE0003D307825780063633D2564002004D0021D
:10EFF000A6A9FFFF646F7431316167647570256382
:10F0000072706F3D307825780061676125643D300E
:10F0100078257800747269736F35673D307825788C
:10F020000074656D7073656E73655F736C6F70658A
:10F030003D2564006D61787035676125643D3078E9
:10F0400025782C307825782C307825782C30782548
:10F0500078007061316974737369743D2564007060
:10F06000613062303D25640070613062313D25645D
:10F070000070613062323D25640070613567612542
:10F08000643D307825782C307825782C30782578B8
:10F090002C307825782C307825782C307825782CF1
:10F0A000307825782C307825782C307825782C30DD
:10F0B0007825782C307825782C30782578006D6389
:10F0C000736277383035672563706F3D3078257807
:10F0D0000073756262616E6435677665723D2564A2
:10F0E000007273736973617635673D2564006D63E3
:10F0F00073627732303267706F3D30782578000068
:10F10000006D637362773230756C3267706F3D30BB
:10F11000782578006D6373627734303267706F3DA5
:10F12000307825780000007265677265763D30782A
:10F130002578006363746C3D30782578006E6F69C4
:10F1400073656C766C32676125643D256400757368
:10F1500062333072656773303D307825782C3078B3
:10F1600025782C307825782C307825782C30782527
:10F17000782C307825782C307825782C30782578C4
:10F180002C307825782C30782578007573623330F0
:10F1900072656773313D307825782C307825782C6E
:10F1A000307825782C307825782C307825782C30DC
:10F1B0007825782C307825782C307825782C307884
:10F1C00025782C307825780063636B706F3D30783C
:10F1D00025780074726935673D25640063636B644C
:10F1E000696766696C74747970653D25640076653D
:10F1F0006E6469643D307825780066656D6374726D
:10F200006C3D2564007573623330726567732564E5
:10F210003D307825782C307825782C307825782C5E
:10F22000307825780070646F666673657432672580
:10F23000646D6125643D3078257800757362657072
:10F240006E756D3D307825780070613168696D614B
:10F25000787077723D2564007278636861696E3DED
:10F260003078257800626F617264666C6167733D07
:10F27000307825780070613162303D25640070611E
:10F280003162313D25640070613162323D25640098
:10F290007478636861696E3D3078257800727867AC
:10F2A00061696E732564672563656C6E616761696A
:10F2B0006E6125643D2564006770646E3D3078257D
:10F2C00078007061306D61787077723D25640062FE
:10F2D000786135673D2564006167626725643D306C
:10F2E0007825780075736273737068795F736C65E5
:10F2F0006570303D3078257800757362737370687F
:10F30000795F736C656570313D3078257800757371
:10F310006273737068795F736C656570323D3078C5
:10F3200025780075736273737068795F736C6565B7
:10F3300070333D30782578006C656464633D3078C7
:10F3400025303478006D63733332706F3D3078252B
:10F3500078007273736973617632673D2564006F5C
:10F36000706F3D256400697474326761313D307897
:10F370002578007278706F35673D25640065787474
:10F3800070616761696E35673D30782578006F661A
:10F39000646D356768706F3D307825780074776FDD
:10F3A00072616E6765747373692564673D256400D7
:10F3B00073623230696E3430256372706F3D30781D
:10F3C0002578006D616E6669643D3078257800654A
:10F3D0006C6E6132673D3078257800727063616CC5
:10F3E00032673D3078257800000000000000007290
:10F3F0007063616C356762303D30782578000000BD
:10F40000000000727063616C356762313D307825B1
:10F4100078000000000000727063616C3567623232
:10F420003D30782578000000000000727063616C48
:10F43000356762333D3078257800000000000070A9
:10F44000613062305F6C6F3D256400706130623105
:10F450005F6C6F3D25640070613062325F6C6F3DA0
:10F4600025640073623230696E3830616E64313603
:10F470003025637235672563706F3D3078257800DD
:10F48000636464706F3D3078257800626F617264E8
:10F49000747970653D3078257800616E7473776992
:10F4A0007463683D3078257800626F6172646E75B0
:10F4B0006D3D25640072646C69643D307825780088
:10F4C0007874616C667265713D2564006D61787059
:10F4D00035676861303D30782578007278676169FA
:10F4E0006E73256467656C6E616761696E61256422
:10F4F0003D25640075736273736D64696F25643DA7
:10F50000307825782C307825782C307825782C3078
:10F510007825780073756264657669643D30782576
:10F5200078007061316C6F62303D2564007061312C
:10F530006C6F62313D2564007061316C6F62323DE9
:10F5400025640073746263706F3D307825780072B3
:10F55000786761696E65727235676125643D3078E0
:10F5600025782C307825782C307825782C30782523
:10F5700078007061316C6F6D61787077723D2564D1
:10F580000070646F666673657425646D6125643D03
:10F59000307825780074656D70636F7272783D25E0
:10F5A00064006F66646D3567706F3D307825780054
:10F5B0007573626E6F73733D3078257800616135C5
:10F5C000673D3078257800637573746F6D7661726E
:10F5D00025643D307825780074785F647574795FB0
:10F5E0006379636C655F6F66646D5F25645F356723
:10F5F0003D256400757569643D257300757362640B
:10F600006573635F636F6D706F736974653D3078A8
:10F6100025780074656D7073656E73655F6F7074C7
:10F62000696F6E3D2564007061706463617025646C
:10F63000673D2564006C65676F66646D6277323084
:10F640003267706F3D307825780000006C65676F19
:10F6500066646D62773230756C3267706F3D3078FA
:10F6600025780070646761696E2564673D256400D4
:10F670006D617870356761303D30782578006D6157
:10F680007870356761313D30782578006D6373257A
:10F6900064672563706F25643D3078257800706855
:10F6A0007963616C5F74656D7064656C74613D2530
:10F6B0006400706125646725637725646125643D76
:10F6C000307825780063636F64653D307830007270
:10F6D000656777696E646F77737A3D2564006F663E
:10F6E000646D6C72627732303267706F3D307825AE
:10F6F0007800776F776C5F6770696F706F6C3D250E
:10F700006400616E74737763746C35673D3078257F
:10F71000780063636B3267706F3D307825780074D2
:10F72000726932673D25640063636B627732303201
:10F7300067706F3D3078257800000063636B6277F7
:10F740003230756C3267706F3D307825780069749F
:10F7500074356761303D3078257800697474356799
:10F7600061313D30782578006D63736C72356725A3
:10F7700063706F3D307825780070646F66667365DE
:10F7800074326725646D76616C69643D30782578E4
:10F790000072786761696E732564677472656C6E58
:10F7A000616279706125643D256400626F617264F5
:10F7B0007265763D307825780072617774656D707A
:10F7C00073656E73653D3078257800757362737369
:10F7D0007068795F75746D695F63746C303D307803
:10F7E00025780075736273737068795F75746D69DD
:10F7F0005F63746C313D3078257800757362737384
:10F800007068795F75746D695F63746C323D3078D0
:10F8100025780000000000006F66646D35676C702D
:10F820006F3D307825780070613069747373697446
:10F830003D25640074737369706F7335673D30786C
:10F840002578007278706F32673D25640074737399
:10F8500069706F73736C6F70652564673D25640014
:10F860007472693567683D2564006D616E663D257B
:10F87000730074726935676C3D2564006D63736253
:10F88000773230356768706F3D307825780000003A
:10F890006D637362773230756C356768706F3D30B9
:10F8A000782578006D637362773430356768706FE0
:10F8B0003D3078257800000073726F6D7265763D7B
:10F8C0002564006C65676F66646D343064757070B4
:10F8D0006F3D30782578006D6178703567686131EB
:10F8E0003D307825780064657669643D3078257808
:10F8F0000072786761696E73256467747269736FEB
:10F900006125643D2564006D61787035676C6130F8
:10F910003D30782578006D61787035676C61313DD8
:10F9200030782578006570616761696E2564673D90
:10F930002564007770736770696F3D256400776F89
:10F94000776C5F6770696F3D2564007273736973CC
:10F950006D6635673D256400747269736F32673D6B
:10F96000307825780074737369706F7332673D3037
:10F97000782578007770736C65643D256400656C4C
:10F980006E6135673D307825780070613567627744
:10F99000343038306125643D307825782C30782536
:10F9A000782C307825782C307825782C307825788C
:10F9B0002C307825782C307825782C307825782CC8
:10F9C000307825782C307825782C307825782C30B4
:10F9D000782578006D63736277323035676D706FAC
:10F9E0003D307825780000006D63736277323075A2
:10F9F0006C35676D706F3D30782578006D6373628C
:10FA000077343035676D706F3D30782578000000B1
:10FA100063636F64653D25632563006D637362777F
:10FA200031363035672563706F3D30782578004971
:10FA30006E76616C69642F556E737570706F727439
:10FA40006564207874616C2076616C75652025642E
:10FA500000726D696E00636C646F5F6275727374BF
:10FA600000706C6C2564006C6E6C646F31007225E4
:10FA700064640072256474007874616C66726571E8
:10FA8000000000000C000000020016000200000050
:10FA900004000D000700000001000A00080000003B
:10FAA00004000D000A00000004000D000D0000001D
:10FAB0000100070017000000040004001B00000004
:10FAC000040001001C00000001000700000000000D
:10FAD000020002000100000001000100030000001C
:10FAE0000200020004000000010001000500000007
:10FAF00001000100060000000100010009000000F3
:10FB0000010005000B000000010001000C000000D6
:10FB1000020030000E000000010001000F00000094
:10FB200001000100100000000100010011000000B0
:10FB30000100010012000000030003001300000098
:10FB40000100010014000000010001001500000088
:10FB50000100010016000000010001001800000073
:10FB60000200130019000000020013001A00000038
:10FB7000020013001D000000010001001E00000033
:10FB8000010001000C00000002003000726D61787D
:10FB90000000004B00079065000C1892000F6C707D
:10FBA0006C646F31000000000100000000000000E4
:10FBB0000000000000000000020000000000000043
:10FBC0000100000000000000040000000000000030
:10FBD000030000000000000008000000000000001A
:10FBE0000000000000000000100000000000000005
:10FBF00007000000000000002000000000000000DE
:10FC0000571100000000000040000000000000004C
:10FC1000170100000000000080000000000000004C
:10FC2000570100000000000000010000000000007B
:10FC300003000000000000000002000000000000BF
:10FC400000000000000000000004000000000000B0
:10FC50000300000000000000000800000000000099
:10FC60000704000000000000001000000000000079
:10FC7000570100000000000000200000000000000C
:10FC8000D715000000000000004000000000000048
:10FC9000F7BDC20E00000000008000000000000060
:10FCA000F73DC20E0000000000000100000000004F
:10FCB0000000000000000000000002000000000042
:10FCC000F73DC00E0000000000000400000000002E
:10FCD000F73DC20E00000000000008000000000018
:10FCE000F73DC20E00000000000010000000000000
:10FCF000F73DC006000000000000200000000000EA
:10FD0000F73DDA0E00000000000040000000000097
:10FD1000F73D000600000000000080000000000029
:10FD2000F73D400600000000000000010000000058
:10FD300000000000000000000000000200000000C1
:10FD4000D7010000000000000000000400000000D7
:10FD5000D70D0000000000000000000800000000B7
:10FD6000F73DC00600000000000000100000000089
:10FD7000F73DCA0E00000000000000200000000057
:10FD8000F73DCA1E00000000000000400000000017
:10FD9000F73DFA3E00000000726567256400636C61
:10FDA000646F5F70776D00636869706325640062DB
:10FDB0006F617264747970650070726F6469640059
:10FDC000737764656E61626C65006770646E006273
:10FDD0006F617264666C61677300627463787761E7
:10FDE00072666C616773007874616C66726571002D
:10FDF000626F617264726576006465766964006D35
:10FE00007578656E616200776C30696400776C2587
:10FE1000643A2042726F6164636F6D2042434D25E6
:10FE200073203830322E313120576972656C65731A
:10FE30007320436F6E74726F6C6C65722025730A49
:10FE40000074656D705F74686F72745F6D6F6E695A
:10FE5000746F725F74696D650074785F6D696E6947
:10FE60006D756D5F647574795F6379636C6500743B
:10FE7000785F647574795F6379636C655F63636BE6
:10FE800000616762673000616762673100616762C5
:10FE900067320074656D7062617365645F64757468
:10FEA000795F6379636C655F656E006161300074D2
:10FEB000785F647574795F6379636C655F6F66649E
:10FEC0006D00000011338200253482000000000024
:10FED000000000004E5652414D526576007361722B
:10FEE00032670061613267002043254303432143A9
:10FEF0002443184319431A43114313431243144331
:10FF0000154316431B431C431D43284329432A43DF
:10FF10002B432C432D4341434043504351435243D1
:10FF2000534357439DA9760554435F433F434F4393
:10FF30002F43344335433643374338433943164719
:10FF40004847274743436043464347434843314379
:10FF500032433343AA43584359435A43A943554371
:10FF6000564363438043814382436443654366430E
:10FF700074436743A043A143A243AE43AF43B0439E
:10FF8000AB43AC43AD43E343E443E543E243D043F7
:10FF9000D143D243BA43BB43BC43B143B243B3435F
:10FFA000A343A443A543B743B843B943C043C143A4
:10FFB000C243D343D443D543D643D743D843D9438D
:10FFC000DA43DB43DF43E043E143EC43ED43EE43FD
:10FFD000E943EA43EB432243D6A867A868A89CA953
:10FFE000D8A89DA91343144386A83143A7A9DBA829
:10FFF000D1A8DCA8A4A952AAC6A902AA31AA32AAE9
:020000041004E6
:1000000074785F74656D705F74687265736800649E
:10001000657669640031316E5F64697361626C6535
:100020000061673000616B6D00000000299483005F
:100030005DB7830005928300000000004533840013
:10004000DD39840000000000000000007A6263785F
:100050006763696770696F00616E74737763746C4E
:10006000326700616E74737763746C356700776C08
:1000700025643A646D6125640061613267006C74C7
:10008000656378666E73656C006274635F6D6F6440
:100090006500626F617264666C616773006D6163B5
:1000A00061646472006C746563787061646E756D10
:1000B0000076656E646964007A626378666E736563
:1000C0006C00627463786C657363616E007A62635E
:1000D000787061646E756D00637573746F6D7661B1
:1000E000723100637573746F6D7661723200627481
:1000F000635F706172616D732564006274635F6633
:100100006C6167730062746378776172666C6167B3
:100110007300626F617264666C61677332006C7445
:100120006563786763696770696F00626F617264A5
:10013000666C6167733400626F6172647265760029
:1001400064657669640073726F6D726576006274BF
:100150005F64656661756C745F616E74006D6F6E6F
:1001600069746F725F74696D655F6F757400627436
:100170006364796E5F64656661756C745F627463F5
:100180005F6D6F64650070726F7465637465645F42
:1001900074696D655F6F75740062746364796E5F16
:1001A0006D73775F726F77300062746364796E5F2E
:1001B0006D73775F726F77310062746364796E5F1D
:1001C0006D73775F726F77320062746364796E5F0C
:1001D00064736E735F726F77730062746364796EB9
:1001E0005F636F65785F74776F5F616E74007478BA
:1001F000635F6475725F74687265736800627463CC
:1002000064796E5F6D73775F726F773300627463CA
:1002100064796E5F6D73775F726F7773006274637A
:1002200064796E5F64666C745F64736E735F6C6533
:1002300076656C0062746364796E5F627472737366
:10024000695F6879737465720070726F745F62744D
:10025000727373695F746872657368006374733274
:1002600073656C665F6475725F746872657368004D
:10027000616C6572745F74696D655F6F757400623F
:10028000746364796E5F686967685F64736E735FD7
:100290006C6576656C007266615F636F756E745F26
:1002A0007468726573680062746364796E5F6D6907
:1002B000645F64736E735F6C6576656C0062746313
:1002C00064796E5F6C6F775F64736E735F6C657675
:1002D000656C0062746364796E5F666C616773005D
:1002E00062746364796E5F64736E735F726F77308C
:1002F0000062746364796E5F64736E735F726F77AC
:10030000310062746364796E5F64736E735F726FE1
:1003100077320062746364796E5F64736E735F72C8
:100320006F77330073636F5F727373695F746872A2
:100330006573680063636F6465006363007265677B
:10034000726576006576656E747100687332300090
:10035000B1968600F196860061848600B18486009D
:10036000B1968600F196860061848600B18486008D
:10037000B1968600F19686002D85860099868600C6
:10038000000000000000000000000000000000006D
:100390002D85860099868600000000000000000080
:1003A000B1968600F1968600B1968600F196860099
:1003B000B1968600F1968600000000000D060F0041
:1003C00000000000040630040000000002064006A1
:1003D00072737369636F72726E6F726D00676C61B6
:1003E0006369616C74696D65720063616C5F7065EF
:1003F00072696F64006C64706300747373696C6914
:100400006D75636F640025732E6661622E2564002E
:1004100074656D70746872657368002E6661622E13
:1004200000747870777262636B6F6600696E7465D2
:1004300072666572656E636500676C697463685F98
:1004400062617365645F6372736D696E0032675FCA
:100450006367610072737369636F7272617474654C
:100460006E0070687963616C5F74656D7064656C53
:1004700074610074656D70735F687973746572651B
:100480007369730072737369636F727270657272ED
:100490006732670074737369666C6F6F72326700DE
:1004A000766261745F616464007061706476616C2F
:1004B0006964746573740073776469765F677069E3
:1004C0006F5F31006D63733267706F3000737075EA
:1004D00072636F6E666967006D63733267706F3148
:1004E0000063636B64696766696C74747970650036
:1004F00065755F65647468726573683267007265FC
:10050000645F7278626C6F636B696E6700000100F4
:100510006C094B0076011300323016000300417E57
:100520000006000AD90327002500000091090000F9
:100530006C090000000005035BE708003F58121239
:100540002F141F1F1F1F20512761000009603F70DB
:10055000020071094B0076011300323016000300CF
:10056000417E0006000AD9032700250000009109FA
:10057000000071090000000007030D8208003F58C9
:1005800012122F141F1F1F1F205127610000096026
:100590003F70030076094B007601130032301600DD
:1005A0000300417E0006000AD90327002500000051
:1005B000910900007609000000000903BF1C080033
:1005C0003F5812122F141F1F1F1F205127610000B8
:1005D00009603F7004007B094B0076011300323044
:1005E00016000300417E0006000AD90327002500FB
:1005F0000000910900007B09000000000A0371B7A8
:1006000008003F5812122F141F1F1F1F205127616F
:10061000000009603F70050080094B00760113005F
:10062000323016000300417E0006000AD90327007D
:1006300025000000910900008009000000000C0363
:10064000235208003F5812122F141F1F1F1F215141
:100650002761000009603F70060085094B007601A4
:100660001300323016000300417E0006000AD90351
:100670002700250000009109000085090000000006
:100680000D03D5EC08003F5812122F141F1F1F1F17
:1006900021512761000009603F7007008A094B0063
:1006A00076011300323016000300417E0006000A76
:1006B000D903270025000000910900008A090000E5
:1006C00000000F03878708003F5812122F141F1FC6
:1006D0001F1F21512761000008603F7008008F092B
:1006E0004B0076011300323016000300417E0006F5
:1006F000000AD903270025000000910900008F0996
:10070000000000001103392208003F5812122F1474
:100710001F1F1F1F21512761000008603F70090043
:1007200094094B0076011300323016000300417E1D
:100730000006000AD90327002500000091090000E7
:100740009409000000001203EBBC08003F5812128D
:100750002F141F1F1F1F21512761000008603F60D9
:100760000A0099094B00760113003230160003008D
:10077000417E0006000AD9032700250000009109E8
:10078000000099090000000014039D5708003F581D
:1007900012122F141F1F1F1F215127610000086014
:1007A0003F600B009E094B007601130032301600AB
:1007B0000300417E0006000AD9032700250000003F
:1007C000910900009E090000000015034FF2080087
:1007D0003F5812122F141F1F1F1F215127610000A5
:1007E00007603F600C00A3094B0076011300323014
:1007F00016000300417E0006000AD90327002500E9
:10080000000091090000A309000000001703018DFA
:1008100008003F5812122F141F1F1F1F215127615C
:10082000000007603F600D00A8094B00760113002F
:10083000323016000300417E0006000AD90327006B
:100840002500000091090000A8090000000019031C
:10085000B32708003F5812122F141F1F1F1F2151CA
:100860002861000007603F600E00B4094B0076016C
:100870001300323016000300417E0006000AD9033F
:1008800027002500000091090000B40900000000C5
:100890001D035E0108003F5812122F141F1F1F1F57
:1008A00021512861000007603F606D6178703267F8
:1008B0006130000001006C09340004010D00233098
:1008C0004F000300417E0006000AD90327001A00EA
:1008D0000000A20900006C0900000000B2082776A1
:1008E00008003F5817173C191F1F1F1F3B51196164
:1008F000000009603F7002007109340004010D001E
:1009000023304F000300417E0006000AD903270070
:100910001A000000A2090000710900000000B708D9
:10092000B11308003F5817173C191F1F1F1F3B51D9
:100930001961000009603F7003007609340004016A
:100940000D0023304F000300417E0006000AD9034A
:1009500027001A000000A20900007609000000002C
:10096000BB083BB108003F5817173C191F1F1F1F3A
:100970003C511961000009603F7004007B0934009C
:1009800004010D0023304F000300417E0006000AE1
:10099000D90327001A000000A20900007B0900000B
:1009A0000000C008C44E08003F5817173C191F1F0D
:1009B0001F1F3C511961000009603F70050080094C
:1009C000340004010D0023304F000300417E000677
:1009D000000AD90327001A000000A20900008009BC
:1009E00000000000C4084EEC08003F5817173C19DF
:1009F0001F1F1F1F3C511961000009603F70060056
:100A00008509340004010D0023304F000300417EAE
:100A10000006000AD90327001A000000A2090000FE
:100A2000850900000000C908D88908003F58171739
:100A30003C191F1F1F1F3C511961000009603F70C6
:100A400007008A09340004010D0023304F00030021
:100A5000417E0006000AD90327001A000000A209FF
:100A600000008A0900000000CE08622708003F58F5
:100A700017173C191F1F1F1F3C5119610000086008
:100A80003F7008008F09340004010D0023304F002F
:100A90000300417E0006000AD90327001A00000067
:100AA000A20900008F0900000000D208ECC4080071
:100AB0003F5817173C191F1F1F1F3C511961000099
:100AC00008603F7009009409340004010D002330D0
:100AD0004F000300417E0006000AD90327001A00D8
:100AE0000000A2090000940900000000D708766207
:100AF00008003F5817173C191F1F1F1F3C51196151
:100B0000000008603F600A009909340004010D00EC
:100B100023304F000300417E0006000AD90327005E
:100B20001A000000A2090000990900000000DC087A
:100B3000000008003F5817173C191F1F1F1F3C518A
:100B40001961000008603F600B009E093400040139
:100B50000D0023304F000300417E0006000AD90338
:100B600027001A000000A20900009E0900000000F2
:100B7000E008899D08003F5817173C191F1F1F1FC9
:100B80003D511961000007603F600C00A30934006B
:100B900004010D0023304F000300417E0006000ACF
:100BA000D90327001A000000A2090000A3090000D1
:100BB0000000E508133B08003F5817173C191F1F9A
:100BC0001F1F3D511961000007603F600D00A8091B
:100BD000340004010D0023304F000300417E000665
:100BE000000AD90327001A000000A2090000A80982
:100BF00000000000E9089DD808003F5817173C196D
:100C00001F1F1F1F3D511961000007603F600E004C
:100C1000B409340004010D0023304F000300417E6D
:100C20000006000AD90327001A000000A2090000EC
:100C3000B40900000000F4084EEC08003F581717F4
:100C40003C191F1F1F1F3D511961000007603F60C5
:100C500070726F70627732303267706F0072636FDC
:100C6000725F61636900706D696E00706170646DC0
:100C70006F64650063616C69647865737474617234
:100C800067657432670063616C6964786573746268
:100C90006173653267007061326761305F6C6F004D
:100CA00063636B3267706F0063636B7363616C6562
:100CB0000074656D705F6D756C7400706170646553
:100CC00070736F6666736574006F66646D3267700B
:100CD0006F00706163616C69647832670073776478
:100CE00069765F73776374726C5F656E006F6664BC
:100CF0006D64696766696C747479706562650041DA
:100D000076566D6964495163616C0063636B696415
:100D1000787063686F6666730074656D705F616498
:100D2000640073776469765F6770696F006D6373E1
:100D3000627732303267706F0070617064656E6424
:100D40006964780001006C092600C0000A001A30AE
:100D500080000300417E0006000AD903270013002B
:100D60000000B00900006C0900000000C70B000083
:100D700008003F5817173C191F1F1F1F50511961BA
:100D8000000009603F70020071092600C0000A00DF
:100D90001A3080000300417E0006000AD9032700B4
:100DA00013000000B0090000710900000000CD0B25
:100DB000004008003F5817173C191F1F1F1F5151B3
:100DC0001961000009603F70030076092600C00029
:100DD0000A001A3080000300417E0006000AD90391
:100DE000270013000000B009000076090000000091
:100DF000D30B008008003F5817173C191F1F1F1FF7
:100E000051511961000009603F7004007B09260000
:100E1000C0000A001A3080000300417E0006000A6C
:100E2000D903270013000000B00900007B0900006F
:100E30000000D90B00C008003F5817173C191F1FAE
:100E40001F1F51511961000009603F7005008009A2
:100E50002600C0000A001A3080000300417E000610
:100E6000000AD903270013000000B0090000800920
:100E700000000000E00B000008003F5817173C1965
:100E80001F1F1F1F51511961000009603F700600AC
:100E900085092600C0000A001A3080000300417E48
:100EA0000006000AD903270013000000B009000063
:100EB000850900000000E60B004008003F581717A6
:100EC0003C191F1F1F1F51511961000009603F701D
:100ED00007008A092600C0000A001A3080000300BB
:100EE000417E0006000AD903270013000000B00964
:100EF00000008A0900000000EC0B008008003F5849
:100F000017173C191F1F1F1F51511961000008605E
:100F10003F7008008F092600C0000A001A308000C8
:100F20000300417E0006000AD903270013000000D9
:100F3000B00900008F0900000000F20B00C008009B
:100F40003F5817173C191F1F1F1F525119610000EE
:100F500008603F70090094092600C0000A001A309A
:100F600080000300417E0006000AD9032700130019
:100F70000000B0090000940900000000F90B000017
:100F800008003F5817173C191F1F1F1F52511961A6
:100F9000000008603F600A0099092600C0000A00AE
:100FA0001A3080000300417E0006000AD9032700A2
:100FB00013000000B0090000990900000000FF0BB9
:100FC000004008003F5817173C191F1F1F1F5251A0
:100FD0001961000008603F600B009E092600C000F8
:100FE0000A001A3080000300417E0006000AD9037F
:100FF000270013000000B00900009E090000000057
:10100000050C008008003F5817173C191F1F1F1FB1
:1010100052511961000007603F600C00A3092600CF
:10102000C0000A001A3080000300417E0006000A5A
:10103000D903270013000000B0090000A309000035
:1010400000000B0C00C008003F5817173C191F1F69
:101050001F1F52511961000007603F600D00A80971
:101060002600C0000A001A3080000300417E0006FE
:10107000000AD903270013000000B0090000A809E6
:1010800000000000120C000008003F5817173C1920
:101090001F1F1F1F52511961000007603F600E00A3
:1010A000B4092600C0000A001A3080000300417E07
:1010B0000006000AD903270013000000B009000051
:1010C000B40900000000210C000008003F58171769
:1010D0003C191F1F1F1F53511961000007603F601B
:1010E0006974737369636F72720073776469765F92
:1010F000656E0065646F66667468643230756C0096
:10110000696E697478696478706368006473736683
:101110007468007473736974696D650063636B62EE
:101120007732303267706F007061706474656D7013
:10113000007061326761305F3270777200696E698A
:1011400074786964780063636B7077726F66667336
:10115000657430004176566D69645F633000746574
:101160006D705F7100766261745F6D756C740063A1
:10117000636B696E6974786964780073726F6D72FD
:101180006576006F66646D64696766696C7474790E
:101190007065007061706474656D70626961730080
:1011A0006C636E32305F6E6F69736563616C5F7420
:1011B000626C5F656E0065646F6E74686432306C7B
:1011C000006C65676F66646D627732303267706F8E
:1011D000007061326761300074787077726F666694
:1011E000736574326700706D617800766261745F58
:1011F000710006073F038A00000006073F038400D2
:10120000000006073F038000000006073F037B0045
:10121000000006073F037700000006073F03720047
:10122000000006073F036E00000006073F036A0048
:10123000000006073F036700000006073F03630046
:10124000000006073F036100000006073F035C0043
:10125000000006073F035A00000006073F0357003F
:10126000000006073F035400000006073F0351003B
:10127000000006073F034F00000006073F034D0034
:10128000000006073F034B00000006073F0348002D
:10129000000006073F034600000006073F03440026
:1012A000000006073F034200000006073F0340001E
:1012B000000006073F033F00000006073F033D0014
:1012C000000006073F033B00000006073F033A000B
:1012D000000006073F033800000006073F03360002
:1012E000000006073F033500000006073F033400F7
:1012F000000006073F033200000006073F033100ED
:10130000000006073F033000000006073E032F00E1
:10131000000006073C032F00000006073B032F00D8
:10132000000006073B032D00000006073A032D00CE
:10133000000006073A032C00000006073A032B00C2
:10134000000006073A0329000000060739032900B8
:1013500000000607380328000000060738032700AE
:1013600000000607380326000000060738032500A2
:101370000000060738032400000006073703240096
:10138000000006073703230000000607370322008A
:10139000000006073703210000000607350321007F
:1013A0000000060735032000000006073403200074
:1013B0000000060734031F000000060732031F0069
:1013C0000000060733031E000000060733031D005C
:1013D0000000060731031D000000060732031C0051
:1013E0000000060730031C00000006072F031C0046
:1013F000000006072D031C00000006072B031C003D
:10140000000006072A031C000000060729031C0031
:101410000000060728031C000000060728031B0025
:101420000000060727031B000000060727031A0019
:101430000000060726031A000000060724031A000E
:101440000000060723031A000000060722031A0003
:101450000000060721031A000000060721031900F7
:101460000000060720031900000006071F031900EB
:10147000000006071E031900000006071E031900DE
:10148000000006071E031900000006071E031900CE
:10149000000006071E031900000006071E031900BE
:1014A000000006071E031900000006071E031900AE
:1014B000000006071E031900000006071E0319009E
:1014C000000006071E031900000006071E0319008E
:1014D000000006071E031900000006071E0319007E
:1014E000000006071E031900000006071E0319006E
:1014F000000006071E031900000006071E0319005E
:10150000000006071E031900000006071E0319004D
:10151000000006071E031900000006071E0319003D
:10152000000006071E031900000006071E0319002D
:10153000000006071E031900000006071E0319001D
:10154000000006071E031900000006071E0319000D
:10155000000006071E031900000006071E031900FD
:10156000000006071E031900000006071E031900ED
:10157000000006071E031900000006071E031900DD
:10158000000006071E031900000006071E031900CD
:10159000000006071E031900000006071E031900BD
:1015A000000006071E031900000006071E031900AD
:1015B000000006071E031900000006071E0319009D
:1015C000000006071E031900000006071E0319008D
:1015D000000006071E031900000006071E0319007D
:1015E000000006071E031900000006071E0319006D
:1015F0000000060F3FFF62000000060F3FFF5E0085
:101600000000060F3FFF59000000060F3FFF550086
:101610000000060F3FFF51000000060F3FFF4D0086
:101620000000060F3FFF4A000000060F3FFF470083
:101630000000060F3FFF44000000060F3FFF41007F
:101640000000060F3FFF3E000000060F3FFF3C007A
:101650000000060F3FFF3A000000060F3FFF370073
:101660000000060F3FFF35000000060F3FFF33006C
:101670000000060F3FFF32000000060F3FFF300062
:101680000000060F3FFF2E000000060F3DFF2E005A
:101690000000060F39FF2F000000060F3AFF2D0053
:1016A0000000060F39FF2C000000060F37FF2C004A
:1016B0000000060F36FF2B000000060F36FF2A0041
:1016C0000000060F35FF29000000060F35FF280037
:1016D0000000060F33FF28000000060F31FF28002E
:1016E0000000060F30FF27000000060F2FFF270025
:1016F0000000060F2DFF27000000060F2EFF25001B
:101700000000060F2CFF25000000060F2BFF250010
:101710000000060F29FF25000000060F28FF240007
:101720000000060F26FF25000000060F24FF2600FC
:101730000000060F22FF26000000060F21FF2600F2
:101740000000060F21FF25000000060F22FF2300E6
:101750000000060F20FF23000000060F1FFF2300DC
:101760000000060F1FFF22000000060F1FFF2100D0
:101770000000060F1CFF22000000060F1CFF2100C6
:101780000000060F1CFF20000000060F1CFF1F00BA
:101790000000060F1CFF1E000000060F1AFF1F00AE
:1017A0000000060F1AFF1E000000060F19FF1E00A2
:1017B0000000060F19FF1D000000060F18FF1D0096
:1017C0000000060F18FF1C000000060F16FF1D008A
:1017D0000000060F16FF1C000000060F17FF1B007D
:1017E0000000060F17FF1A000000060F17FF190070
:1017F0000000060F16FF19000000060F15FF190064
:101800000000060F14FF19000000060F16FF170056
:101810000000060F15FF17000000060F17FF150048
:101820000000060F16FF15000000060F15FF15003B
:101830000000060F14FF15000000060F15FF14002E
:101840000000060F14FF14000000060F14FF130021
:101850000000060F15FF12000000060F12FF130014
:101860000000060F13FF12000000060F12FF120007
:101870000000060F11FF12000000060F10FF1200FB
:101880000000060F0DFF14000000060F0FFF1200EE
:101890000000060F0EFF12000000060F0CFF1300E1
:1018A0000000060F0DFF12000000060F0CFF1200D3
:1018B0000000060F0BFF13000000060F0CFF1100C5
:1018C0000000060F08FF14000000060F09FF1300B8
:1018D0000000060F08FF13000000060F0AFF1100AA
:1018E0000000060F08FF12000000060F07FF13009C
:1018F0000000060F08FF11000000060F07FF12008E
:101900000000060F07FF11000000060F05FF13007F
:101910000000060F08FF0F000000060F09FF0E0071
:101920000000060F08FF0E000000060F07FF0F0063
:101930000000060F04FF11000000060F05FF100055
:101940000000060F03FF12000000060F04FF100046
:101950000000060F01FF14000000060F02FF120036
:101960000000060F01FF13000000060F02FF110028
:101970000000060F01FF12000000060F02FF10001A
:101980000000060F01FF11000000060F01FF10000C
:101990000000060F01FF10000000060F01FF1000FD
:1019A0000000060F01FF10000000060F01FF1000ED
:1019B0000000060F01FF10000000060F01FF1000DD
:1019C0000000060F01FF10000000060F01FF1000CD
:1019D0000000060F01FF10000000060F01FF1000BD
:1019E0000000060F01FF10000000060F01FF1000AD
:1019F00000007261746573656C00737466006363E4
:101A00006B5F6F6E65636F72655F74780074656D90
:101A100070735F706572696F640074786368616980
:101A20006E007278636861696E0073776469765FCF
:101A3000736E727468726573680073776469765F39
:101A400074785F7765696768740073776469765F37
:101A5000736E726C696D0073776469765F73776318
:101A600074726C5F6D61736B0073776469765F632A
:101A7000636B736E72636F72720073776469765F03
:101A800073776374726C5F616E743000737764692E
:101A9000765F73776374726C5F616E743100737715
:101AA0006469765F776569676874007377646976DF
:101AB0005F736574746C650073776469765F656ED7
:101AC0000073776469765F72785F706F6C696379B1
:101AD0000073776469765F63656C6C5F706F6C69C7
:101AE00063790073776469765F73776374726C5F90
:101AF000656E0073776469765F74687265736800F9
:101B000073776469765F6770696F5F3100737764BC
:101B100069765F63636B6E6F6973656573746C6917
:101B20006D0073776469765F6C6F6732617667000A
:101B300073776469765F6770696F0073776469763D
:101B40005F74785F706F6C6963790073776469762E
:101B50005F74696D656F757400616E746469765F3A
:101B60007273736964696666746872657368007716
:101B70006F776C5F6770696F00776F776C5F677006
:101B8000696F706F6C00000073B5436916460022E0
:101B90002F2B04460D46019208DD332B06D0134649
:101BA0000121E2F3D9F183059B0D07E000212046D6
:101BB0000A46E2F331F2064B03401B0C1B0220469F
:101BC000336001A92A4600F005F801987CBD00BFEA
:101BD0000000FF03F8B504460E461546E5F380F510
:101BE00040F61201002207462046E6F31BF320468A
:101BF000E5F37EF520463946E6F322F3024B3360E7
:101C00004FF4C8632B60F8BD4C6403000B46C06FF3
:101C100011461A46FFF7B8BF10B501210446C06F40
:101C2000E2F35CF2E06FE6F337F3002010BD37B566
:101C30000024694601AA054600940194FFF7E6FFD7
:101C40009DE806000346284624F052DC20463EBDAF
:101C500038B50446C06FE2F3D3F148B12046FFF730
:101C6000E6FF054638B92046FFF7D6FF284638BDBF
:101C70004FF0FF3038BD002038BD2DE9FF41074649
:101C80004FF4B6700E4615469846E0F36BF40446E2
:101C9000002832D000214FF4B672DBF34DF40A9BDA
:101CA0003846009304F18003019304F18403029306
:101CB00031462A464346F2F7F1FBE067C0B1012303
:101CC000637440F612010022E6F3ACF20C2100220C
:101CD000C4F88800E06FE5F3F7F42046F5F722FF3B
:101CE0002046FFF7B5FFE06FF2F780F9002500E02E
:101CF0000B252046E0F348F400E01E25284604B0FA
:101D0000BDE8F081CDAB000001BC600300104E03C4
:101D1000BFDE02F00E5C0280C12700000403BFDEBC
:101D200002F0105903A85E02F0001203A65E02F052
:101D3000001202825E5300001202855EAF000012A4
:101D4000020200BF00000F03A85E02F00012028230
:101D5000DEBB0000120282DEB300001202845EB716
:101D600000001202845EB3000012028600C7000069
:101D700012028480C300001201BC63FF1FF0400008
:101D8000008000000000035B5E02F0001401BC60F4
:101D90001300104300015E02F0000000025E02F03A
:101DA000182C020200BF0000B402045EFF00001BFA
:101DB000006B446556801B01846002F7F7BF01BCCD
:101DC0006003000AA600025E02F012370202DEFF84
:101DD000000020006B44655520200182E002F7F7E7
:101DE000BF03BFDE02F006C30201AC7B000025008A
:101DF000E844656177A101BC607F0817A2006D5EB1
:101E000086F4402500A82C7B010B1E00682B4F0098
:101E1000002A0280DEFF0000B4006B44655A60B403
:101E20000184E006F577AB00025E02F0159B020428
:101E300080C700002C028180C700002E0180600254
:101E4000F7F7BF01BC6003000ADA00902BE300D76C
:101E5000A200E02BDEF457A3006D446AF460320068
:101E6000B02BD7000AF001876002F7F7BF00682B9C
:101E7000BF00003A00E944655DF7A300E8C4695E6D
:101E800077A20068DE8B00003A006DDE8D5E003ABE
:101E90000286ABD300003A01876006F7F7BF02075E
:101EA000DEFF00003F00E844655A37A2006D5E89FE
:101EB0005A003F0187E002F7F7BF01BC6003000A48
:101EC000D100682C6F00004501BC61F70017A1002C
:101ED000E844656377A2006D5E8AF4204501BC602A
:101EE00003000B1B00A82C7B002B1E00682AE700B8
:101EF000005100E844655737A1006DDE8556404C1F
:101F000000682B2300005100E844655917A1006DBB
:101F1000DE8556404E03BFDE02F0005101BC600377
:101F2000000ABA01BC6003000AB901BC6003000AE0
:101F3000C801BC6003000AC000A82C7B004B1E0235
:101F400002DEB30000540200420300005400025EAF
:101F500002F00D2F0203C57300005702845EB30028
:101F600000B40068AAEF0000B40284DEB700005994
:101F7000020180C700007900B02AAB0017A20280DE
:101F80002BD300006000B02B030017A1006DDE858D
:101F90005BE0AB00685E8700006000682BE7000034
:101FA0006000B02BE70017A200682AEB0000660073
:101FB000E844655757A101856006F5D7AE006DDE90
:101FC00086F440AB00E05E8554F7A1006DDE86F438
:101FD00040AB01856002F5D7AE0202DEBB0000799E
:101FE00000682A9B00007900E8446555D7A100E00D
:101FF0002A9B0157A2006EDE86F440720182E00245
:10200000F5D7AE0181600163CB1E01BC6003000AFD
:10201000EA01BC6003000AA601BC6003000AE503F4
:10202000BFDE02F00079006EAA9AF4207800E82A58
:102030009AF437A100902A9B0037A2006E2A9EF4E2
:10204000407700B02A9F0017A20069DE86F440792D
:1020500003BFDE02F000AB0284DEB700009E028800
:1020600081AB00009C02045EB70000B4020480C78C
:1020700000008500682AF700208500682AF70080A4
:102080008500682ADF00008400682AF702E08200E9
:1020900068AAF708608400E844655637A1006D5EC1
:1020A0008556E0B402005EFF00009C028080BF0005
:1020B000009C00682B2300008B02802BD300008B38
:1020C00000B02B2B0017BB006E2B02F760B403BFD0
:1020D000DE02F0009C0205DEB700008E00682AF7E1
:1020E0000860B403BFDE02F0009C028400C7000059
:1020F00090028600C700009200682AEB00009C0254
:10210000812C2700009C00E844655637A10206ABED
:10211000D300009600E845C95AF7A203BFDE02F0DB
:10212000009700E845895AF7A20286ABD300009ACF
:1021300000E85E86F457A10069DE8557009C006CBC
:10214000C4655660B402855EB70000B400025E024A
:10215000F015BE03BFDE02F000B40285ABD3000071
:10216000A50206ABD30000A301BC63FF1FF7A100CB
:102170006845C6F4209C03BFDE02F000A501BC63E5
:10218000FF1FF7A100684586F4209C0203C5730079
:1021900000AB02855EB70000AB020100C70000B4CF
:1021A000006B44655680B40020E3FE1460B40282E4
:1021B000DEBB0000B402022C270000AE0282DEBBB0
:1021C0000000AE03BFDE02F0009C028881AB00007D
:1021D000B40282DEB30000B4028080BF0000B4020B
:1021E00084DEAF0000B402825EBB0000B400025E79
:1021F00002F015EE018060020D906C03595E02F052
:1022000000B603D85E02F000B703D8DE02F000B8D3
:1022100001BC618300112900B0007B00112B01BCBF
:10222000630300112303125E02F00CB003975E02F9
:10223000F00D4303D05E02F0039403D0DE02F006FB
:102240003D03D5DE02F00C6203915E02F0069803B6
:1022500096DE02F00C5D0288C17300012303C45EA8
:1022600002F0081003C75E02F0083403DCDE02F05F
:10227000163503AA5E02F008A40386DE02F00CA164
:102280000287C037000CA103835E02F00A500206E9
:1022900080C70000D00202B0E70000D0006C30EE32
:1022A0002320D00182E001872C3901BC607F1FF719
:1022B000A201E05E8A1070830391DE02F007200223
:1022C0000680C7000107020601AB0000E3020030F0
:1022D000E70000E30068DE4B0620E3020042030053
:1022E00000E3028445230000E30280B0E70000E33E
:1022F000006E45170020E301BC600300108000A8B9
:10230000412300F04803D0DE02F000DC03D05E027F
:10231000F000DD03D5DE02F000DE00E001DF00208A
:10232000770180E005872C3901BC6003000C3A007E
:10233000025E02F0180700025E02F0181B020E0196
:10234000AB0000F0028445230000F0020130E700FA
:1023500000F000E001E300207801816001872C3962
:102360000180E001872C39010C81430017A6006829
:10237000DE9B0060ED01BC6003004C3A03BFDE024F
:10238000F000EF0068DE9B0040EF01BC6003002C12
:102390003A00025E02F01807020681AB0001070254
:1023A0000230E70000FB028042030000FB0284458C
:1023B000230000FB03915E02F0069800E001EB00B1
:1023C000207A0180E005872C3901826001872C3951
:1023D00001BC6003000C3A00025E02F01807000224
:1023E0005E02F0181B0201B0E70000FE006C30F244
:1023F0002320FE0181E001872C39020330E7000130
:1024000007006C30F623210701836001872C390215
:1024100000420300010700685E4B04410500685E4E
:102420004B00410503BFDE02F0010701826006098F
:10243000104801BC600300114503C2DE02F00D0A22
:1024400000025E02F0123603D4DE02F007B903A3E5
:10245000DE02F0000203C85E02F005FB0204DEB3F8
:10246000000110020145230001100184E002F597EC
:10247000AC00025E02F006370201C5230001120122
:1024800087E002F577AB00025E02F00EAF00025E5D
:1024900002F0117702182E2700011600025E02F0EA
:1024A000118A03A25E02F0012003565E02F0011DB4
:1024B00001866006091048031F5E02F0011D006AD4
:1024C0005E2300011C00B0002700178800E85E238F
:1024D00000378803A65E02F0018E00025E02F01152
:1024E000F80028600E08E1B403C4DE02F00D7A00A3
:1024F00020C2030021BC03BFDE02F0020D03815E97
:1025000002F001250300DE02F000C30188E0020BA7
:10251000905C03BFDE02F003910287406300012755
:10252000018EE00EF430180287406300012900029A
:10253000DE02F000000287406300012B00B05E8BDA
:10254000001019018EE00AF430180002DE02F000DB
:102550000001BC606300107B01BC601B00107A01AD
:10256000AC607EF47075028741D70001320002DE54
:1025700002F0000001BC606300107B01BC601B0026
:10258000107A01AC60BEF47075028741D700013744
:102590000002DE02F0000001BC606300107B00B0AE
:1025A0005E8B00107A01AC607EF43075028741D7F3
:1025B00000013C0002DE02F0000001BC606300107C
:1025C0007B00B05E8B00107A01AC60BEF430750207
:1025D0008741D70001410002DE02F0000001BC602B
:1025E000030280060280DE0700014D01DA6002F07E
:1025F000178002085E0700016101BC60031E17A17D
:1026000000E05E02F4306501BC60031C17A100E02D
:102610005E02F4306401BC600300281103BFDE02D7
:10262000F0016701105E030017A101035E030017AC
:10263000A200E05E86F457A100885E870037A20002
:10264000E05E86F457A100E0015AF4306302860090
:10265000C300015800B0560B00106200B0540300D4
:10266000106201BC600300281103BFDE02F00169A3
:1026700000B0418F0010620109DE030017A100685D
:10268000DE8700415C00E05E870037A100885E873E
:102690000057A100E05E8504B7A100E05E8703C09B
:1026A0000601BC600300481103BFDE02F0016901AE
:1026B000BC60070217A100E05E02F4306501BC6057
:1026C000070017A100E05E02F4306401BC6003184B
:1026D000000601BC600300081100B05A030010623C
:1026E00000B058030010630002DE02F0000001BCDD
:1026F000600306379201BC63FF1FF0C301BC600397
:102700001890E301BC60FB1C10E501BC60030050A5
:102710001000B0404300180000B040470010E70030
:1027200002DE02F0000000E840330097A100B04054
:102730000B0017A3006D5E86F4617700905E8F003A
:1027400037A303BFDE02F0017800905E870037A355
:1027500001BC601B0437A100E05E8EF437A301F0DA
:1027600041970017A1006DDE86F4618C0287C19746
:1027700000018001385A030017A1013C5A030017D9
:10278000A203BFDE02F00182013C5A030017A1013F
:10279000385A070017A200685E86F4818700D85E69
:1027A0008B0037A200E14196F4506500E1C197002B
:1027B000306503BFDE02F0017A00D85E8B0037A2DD
:1027C00000E14196F457A100E1DE870037A101F056
:1027D0005E870017A1006EDE86F4618D01BC63FF89
:1027E0001FF7A40002DE02F00000020681AB000128
:1027F0009001826001872C390020E38E09000203DA
:102800001EDE02F00196039F5E02F0019601BC609D
:10281000430117A100A84122F4304803BFDE02F0B3
:1028200000020208411F00019301816005610B084D
:1028300000025E02F00D2F00B000AB00108600B069
:10284000016300108A00025E02F0107301BC600395
:1028500004179200B0003B00111D019060060910A2
:102860004803A1DE02F001AE0181E0060910480133
:10287000BC600300904201BC600300112D039EDE8A
:1028800002F001B101846002F2979400B045170094
:10289000178F00B05E170017900200441F0001AAB6
:1028A000018560020910480181600700104701F0AE
:1028B000DE0F0037A1020400BF0001AD01F084C7A4
:1028C0000037A100A044B6F43145039EDE02F001BA
:1028D000B101BC613712B08003BFDE02F00002001C
:1028E000A044B42A314501BC612712708003BFDEC9
:1028F00002F000020020E082090002010CDE530019
:1029000017A101885E8700104701BC600300504298
:102910000108411F0017A1018CDE86F2979403BFC6
:10292000DE02F000020002DE02F000000020E07E85
:1029300009000200025E02F012020283C21F0000C0
:1029400002020280F30001C600B044670017A10133
:102950007C5E862357A302835EFF0001C500E00072
:10296000FAF4682901836006F7F7BF006BDE8D0576
:1029700021CA0206D0030001CE00E950862337A108
:1029800000E8D08A2357A20069DE8B0001CE000246
:102990005E02F00D2F0191601684F42700E020A75D
:1029A00000882903BFDE02F0036E00025E02F0031E
:1029B00071020400BF0001D603945E02F000020021
:1029C00020C28F06000200A0428F01F78000685EDF
:1029D000002DC00200025E02F00D2F03BFDE02F0E8
:1029E00000120201C28F000002011400630017A14F
:1029F00000685E8700600200025E02F00D2F019405
:102A0000600F00001800025E02F001DD03BFDE026D
:102A1000F00012011400630017A100B05E870010DF
:102A2000A501BC60131B906000685E870001E40094
:102A3000E0418306D06000E85E870037A103BFDE77
:102A400002F001E0028050C30001F201876004033C
:102A500010A000B000630010B400B042D300180012
:102A6000008841830030B601BC60030B10B500B094
:102A7000006300B0B40317DE02F001EB0397DE023F
:102A8000F001EC018060068614300068D0D30001AC
:102A9000F20068D0D70001F200B04467001434009F
:102AA000B0446B0014350002DE02F000000020E0AC
:102AB0001280420C018760040310A000B000630084
:102AC00010B401BC60030E10B500B0006300F0B498
:102AD00001BC60570310B600B000630010B401BC25
:102AE000600302D0B50207500B00020901BC60036D
:102AF00003D0B5018E6002F297940204500B0002DD
:102B0000020204D00B00020201866006F2979400D4
:102B1000E042D700D0B500A0500B1117A10068DE2D
:102B2000871102080186E006F2979400E042D70080
:102B300050B50207D00B00020800E042D70090B564
:102B400000B042D70011E100B0006300B0B4031739
:102B5000DE02F0020A0397DE02F0020B0002DE0240
:102B6000F00000006820C3000210006CC46506007D
:102B70001201BC6003000830006820BB0002160090
:102B8000B044670017A2006C446988A215006B442A
:102B90006988A012006EDE8905E01201BC600300A6
:102BA000082E0020E0BE090002020681AB00021AD6
:102BB0000281B0E70000020280B0E700000203904B
:102BC0005E02F0001203A25E02F0022C00025E021E
:102BD000F01163020200BF00022B0284DEAF00028C
:102BE0002302045EB700022B00025E02F0156902A8
:102BF000045EB700022B03BFDE02F0000202045E97
:102C0000B7000226020480C700022B02805EFF008C
:102C1000022B00025E02F0150D0206ABD300022A61
:102C200002052C2300022A03BFDE02F0022B03BFA1
:102C3000DE02F0000200025E02F012020200421FF9
:102C4000000243006842F300022F006D42F300626D
:102C500043011400630017A100B05E870017A203B0
:102C6000A25E02F0023703145E02F00245006EC459
:102C70005680624502814523000245006E5E870052
:102C8000624301BC60030077A200886006F457A38A
:102C900000885E8B01001800E85E8B0037A20020E0
:102CA000C28EF4623D006ADE86F4423703BFDE0264
:102CB000F00243020400BF00026F009000630101B4
:102CC00065008085970217A100E064820DA166006F
:102CD000025E02F011DF03BFDE02F0026F018260CC
:102CE0000209104803BFDE02F0000201BC600300CD
:102CF000111500B0017F0017A6031F5E02F00254F9
:102D0000020300C300024A0020C28F02024E0325C4
:102D10005E02F002540020C28F02024E006881530E
:102D2000FFE01203BFDE02F00250019460130000C6
:102D30001803BFDE02F0026F039EDE02F0025300B2
:102D400068DE980BC2530201411F000F2501856008
:102D50000209104800685E980BC25800695E9F0027
:102D600062720298428F00025803BFDE02F00272C4
:102D70000201411F000F25020400BF00025F02187C
:102D8000428F000F2500025E02F011C100025E02B8
:102D9000F011DF0194058700001803BFDE02F00286
:102DA0006F0200150B000268020016BB00026B00E8
:102DB000B014970017A10068DE84B2226800B01436
:102DC0009B0017A10068DE84B2426800B0149F0027
:102DD00017A10068DE84B26268029E14E700026BED
:102DE0000201C28F00026D0194600F00001803BF42
:102DF000DE02F0026F0201C28F00026D01806006E8
:102E00000D906C0200C28F000F2501946007000036
:102E10001800025E02F001DD020400BF0002A103FF
:102E2000BFDE02F002A101BC60031810600129504E
:102E30000B00179200B0017B001065006800EB00EA
:102E4000027A00885A130117A100E84466F437A1FA
:102E5000006EDE8407427A03BFDE02F007B2019003
:102E600060120910480194601F00001801085A0FF1
:102E700000178101885E0681540A01345A0F001739
:102E80008000025E02F0014300B0017B001065008B
:102E9000B056230017A100E05E86A097A100E85E6F
:102EA0008400F40300E85E8400F41600B05A0300C6
:102EB000141300B05A0700141400B05A0B00141574
:102EC0000068DE0700429200E800970057A101BCAD
:102ED0005E86F0141B017C5E8700F41C00B0204766
:102EE00000178100025E02F0108400B0017B001028
:102EF0006501085A0F00178100B05E8700141E0399
:102F0000BFDE02F0029500B0561700141B00B05649
:102F10001B00141C00B0541300141E00B05013000A
:102F20001086006D00A700829B0190016300108A4B
:102F300000B0418F00106200025E02F0160200B085
:102F4000422B00140601BC60031817A1006DC18C50
:102F500020029E01BC60030297A100E05E8403771B
:102F6000A100E05E86B0111D03BFDE02F003370250
:102F70000300C70002B1020CD0030002B10114002B
:102F8000630017A1028500630002B10080DE8701A3
:102F9000F7A201BC601B1857A200E05E8A0DB06565
:102FA00000B041970014320080DE8700B7A201BC58
:102FB000601B15D7A200E05E8A0DB06400B041939B
:102FC0000014330068D8130002BF02005A1B00022D
:102FD000B30180600684F42703BFDE02F006C3025B
:102FE00001D0030002B300B0509B00142F0281D027
:102FF000C700036B00025E02F00371010BD00300F7
:1030000017A1013C502B0017A2018C5E86F457A13A
:10301000014801430017A2010C81430017A3006877
:103020005E8F0022BC018CE0000A17A200685E8659
:10303000F442BF0191601284F42703BFDE02F00363
:103040006E00025E02F001F300B050130010860023
:10305000B0501700108A03A25E02F0030B020CD0DE
:10306000030002DE020300C70002DD00B050CB0007
:10307000106500025E02F01698020350C70002CBF2
:1030800001BC60230097A100A85002F4340003BFE4
:10309000DE02F002E2020481AB0002CD006D424686
:1030A000C0801200B05A1300178000025E02F001C7
:1030B0004D00B0540F00141E00B05A070017A100B5
:1030C000B05A1300178001875A16F0178000B041DC
:1030D0008F00106500025E02F0160B00E05E86A015
:1030E000740302875E030002DC0109DE030017A3FC
:1030F00000E05E8B0077A200E05E8AF477A2008891
:103100005E8B0037A100E05E86F4508903BFDE02CB
:10311000F002E2006D424A84801201065007001757
:10312000A1028CD0030002E100685E870002E20188
:1031300082DE86863431018260028634310020D0FE
:10314000030402E800B0504F0011F200B0505300E9
:1031500011F300B050570011F401BC60030091F06E
:10316000020601AB0003040201500300030402063F
:1031700001AB00030403A25E02F00304028030E707
:1031800000030401806005872C3900E001E700207E
:103190007901BC60430890E600025E02F0016A011A
:1031A000BC60031910E401BC600300000601BC60B0
:1031B0000301D78201D2DE0877F0E000B00F0300F0
:1031C00010E100B0004700108600B00F1F00108A09
:1031D00001BC600300378100025E02F0107000B095
:1031E000059B00106400E8581A28F14500B0058BD3
:1031F000001064006A4516C082FF00025E02F010F3
:1032000095006E451700430101BC60030051450164
:10321000BC60030010BB01BC610303B08003BFDED0
:1032200002F0001203945E02F0030B02065003004A
:1032300003070287DEAF00030B028150030005DCA9
:103240000202D0C700030A0208502B00030B0285BC
:10325000D0030005F301906012863431011050074D
:103260000017A60068DE9B004317013A50070017BD
:103270008000885E0300778000E000AEF0106400FC
:10328000B05E0700081301BC602306D78100E0414F
:103290008301706300E0418F00B06500025E02F0C0
:1032A00010AB00B0204F00178103A25E02F0032391
:1032B00000B0500F0011160202D0C700031B00B06F
:1032C000505B0011160282D003000323028147C322
:1032D00000031C0280504F000321002047C73F839A
:1032E000230020C7DB00C36D03BFDE02F00323030E
:1032F000A55E02F003230280C7DF00036D02885041
:10330000C700033F0129500B001792020300C700BA
:103310000330020CD003000330028350C700033097
:1033200000B050CB00106501385A1300178001829D
:103330005A17005781010E5A130017A1018E5E869D
:10334000F037810202D0C700033F00B0501B0010CD
:103350008A03BFDE02F0033F0282D0C700033701B9
:1033600038502700178001085013001781010250C0
:10337000130017A101825E86F0378100B0507F00F4
:10338000108903BFDE02F0033F0138506F00178041
:103390000108502B0017810106D0070017A10182F8
:1033A0005E86F0378100B0501B00108A00B0508359
:1033B000001089010E50730017A1018E5E86F03750
:1033C0008100025E02F0014300025E02F010700113
:1033D00002421B00178101825E0502378100025EF6
:1033E00002F01084020680C700034B010C814300E9
:1033F00017A60068DE9B00634900885E870057A11E
:1034000003BFDE02F0034B0068DE9B00434B0088E5
:103410005E870037A100E05E840117A101D9DE8735
:1034200000108301BC613703B79100685E4B0283D3
:103430007F020400BF0003520287500300035203BF
:10344000945E02F0035303225E02F00360020681E1
:10345000AB00035E00685E4B04435700685E4B00A0
:10346000435703BFDE02F0035E00E001EF00207B64
:1034700001BC600302914501836005872C3900E09F
:1034800044670A0C3D018C600E1770BB01BC6103E0
:1034900002308003BFDE02F0000201BC6103003095
:1034A0008003BFDE02F0000201BC613303B791026A
:1034B000850063000366009000630097A100E0644C
:1034C00082F43065006E5A130023660188E006F22C
:1034D0003791020601AB00036A0068DE4B05A36A60
:1034E00001BC610300308003BFDE02F0000203BFB5
:1034F000DE02F0037F0191600E84F42703BFDE0239
:10350000F0036E0191600684F42701BC6003001093
:10351000B40181E00686343103BFDE02F006C30148
:103520001C508F0017A10080DE870197A200E001E8
:103530005E0DB06502805A7F00037E02815A7F00D3
:10354000037A0203DA7F00037E00685A8700037E55
:1035500000886006F437A100201CBAF4237E000224
:103560005E02F00D2F0191601E84F42700015E02BF
:10357000F0000003BFDE02F0036E0002DE02F00086
:103580000003C4DE02F00D7A020650030003870236
:1035900007DEAF00038701BC6103003791020750CB
:1035A0000300038501BC620300F79100E0010B00FA
:1035B000204203BFDE02F0038801BC60030020420A
:1035C00000B05E47001080020400BF00039000B00E
:1035D000058B001064006E45170000020068DE4B8A
:1035E00002838F00A044B42A314503BFDE02F000FD
:1035F0000200025E02F010950068C5170000020389
:10360000D05E02F0039400025E02F0109503BFDE6C
:1036100002F00002020601AB0003970068DE4B05D2
:10362000A39701806001872C39020E01AB00039A39
:103630000200B0E700039A01816005872C3900E1A0
:103640000DB228E36C00E08DB700036D01836002CA
:10365000F7F7BF01BC600300900400A841233010BD
:103660004801BC620F0011E001816002F5D7AE0293
:103670000200BF0003B80068DE4B0203A400025E34
:1036800002F017BA0068DE4B0623B802045EB300EE
:1036900003B80206ABD30003A90204C5AF0003B808
:1036A00003BFDE02F003AA0200456F0003B800E882
:1036B00044655637A100E82A96F437A100695E8771
:1036C0000823B80206ABD30003B2006BAC4223233D
:1036D000B100E04467014B100183E0022B915C03D1
:1036E000BFDE02F003B80183E0022B915C01BC60F5
:1036F0000318517800B045E3001800018360022FE1
:10370000317900A84138F9D7A100B05E84FE704E2F
:103710000187E002F577AB0068810B0023BB00B0A6
:1037200044670000430182E00609104800A841B345
:1037300010906C018260062891440188E0020B9091
:103740005C00025E02F012360185E002F7F7BF026C
:1037500088421B0003C30185E006F7F7BF035B5EE9
:1037600002F003C501BC601300104301BC600300FC
:10377000108501BC60030010B8008850770090B934
:103780000208502B0003CC013850730017A1017CB4
:10379000506EF437A100885E870090B9020047A3FD
:1037A0000003D001BC60030011EA009042E70091E1
:1037B000EB00B047A300D1E8020047B30003D201F9
:1037C000B0E08E3D91EC01D2E00210908403A95E3E
:1037D00002F004FD01BC600300108400E001C3009E
:1037E000207000B04467000C0D00B0446B000C0E5C
:1037F0000320DE02F0044B00685E4B18A3E3006870
:10380000DE4B0783EC01BC63FF1F708401BC6003C7
:1038100000F085013813630010B500E042D700D0F6
:10382000B501BC60030010A601BC602314D0B40035
:10383000E013570024D503BFDE02F004930184E0B7
:1038400006F597AC01BC60FF1FF08400025E02F039
:10385000042801BC60030010B401BC60030010A682
:1038600001BC600302D0B501BC602304D0B400E009
:10387000135B0024D603BFDE02F0049301816006CF
:10388000F5B7AD0068DE4B04A3FF0203DEBB000307
:10389000F100E02E0B00106503BFDE02F003F20121
:1038A000BC602301106500A05E7FFE10EC00B05AE2
:1038B000030010ED00B05A070010EE00B05A0B00E4
:1038C00010EF00B05A0F0010F001BC63FF1EF0842F
:1038D00001BC600300308501BC60030010B401BC72
:1038E000600301D0A601BC60030450B501BC602395
:1038F00004D0B400E002AF0020AB03BFDE02F0044E
:103900009301BC61FF1FF08401BC600300108500BF
:1039100068DE4B05240701BC60030010B401BC60E5
:103920000B0B50A601BC600302D0B501BC602304A0
:10393000D0B403BFDE02F004130068DE4B02441E65
:1039400000B030670010840285C38F00040B00E0D4
:103950005E2700378901DA5E270010EE01BC63FFA5
:103960001FF0CE01BC60030010B40080E02183187A
:103970000000E069820DB0A601BC600303D0B50170
:10398000BC602304D0B400E001D300207401846043
:10399000070011E00282DEB30005BC02045EB30042
:1039A00005BC0181E006F5D7AE0183E006091048A9
:1039B00000B0412300180001BC600306B78E0188E7
:1039C000204610D78100025E02F0108400885E87D6
:1039D00000708303BFDE02F005BC01BC60031FF072
:1039E000840103DE530017A200680ECF00042300F9
:1039F000B00ECF0017A200901CBAF457A202005ECE
:103A0000FF00042501BC60030037A200682B4F00B3
:103A1000042701BC60030037A201865E8A1C70E3A4
:103A2000006AC39300043100E8439000D0E402022E
:103A3000421B00042F0090001B0037A10020421BF6
:103A400000442E00B020970017A100E04392F4300C
:103A5000E40069C39300043101BC60030010E4007A
:103A6000682B4F00043300E043915B30E401BC60FD
:103A7000030010B401BC60030010A601BC60030287
:103A800010B501BC602304D0B400685E4B06A449A5
:103A900000E001CB002072020681AB00049302809B
:103AA000B0E70004930203B0E700049301BC600791
:103AB00004F7A60288421B00044101BC600F0017F6
:103AC000A60282421B00044101BC60170017A60138
:103AD0000C81430017A50068DE9700644400885EEF
:103AE0009B0037A600E04466F4CC3C0181E00587EA
:103AF0002C3901826005872C390183E001872C393C
:103B000003BFDE02F0049300E001CF00207303BF87
:103B1000DE02F0049303205E02F0049A0181E002C9
:103B200009104800E001D7002075031EDE02F004F2
:103B30007A01BC60030017A2006A5E2300045301EF
:103B400002428F0017A201855E8A0910480180E0B9
:103B5000061030810284DE5300045A00B000770062
:103B600017A100E05E840437A100885E870057A19A
:103B700000E05E870D57A103BFDE02F0045B01BCCD
:103B800060030D57A10068002700047A00E05E84FE
:103B900001F7A101BC6023009065008841970030C7
:103BA000B601BC60030010B400905E870050A6010F
:103BB000BC60030110B501BC602300B0B40317DE84
:103BC00002F004630397DE02F004640020DE870045
:103BD000446D0020DE8700246A01B85E22D0168082
:103BE00001805E8AD0368103BFDE02F0047301BC1F
:103BF0005E22D0168001845E8AD0368103BFDE0249
:103C0000F004730020DE8700247101B85E22D036F4
:103C10008101805E8AD0568203BFDE02F004730108
:103C2000BC5E22D0368101845E8AD05682018860D3
:103C300002F430A800B05A030010B000B05A0700D8
:103C400010B1028042A300047600E042A30090A8D5
:103C500000B05A0B0010B000B05A0F0010B101872D
:103C6000600610908400E05E2700378901DA5E2745
:103C70000010EE01BC60030010B401BC60030350EF
:103C8000A600B000330010B50284DE5300048400A7
:103C9000E0606803B0A600E042980430A600B000DF
:103CA000370010B501BC602304D0B401846006F273
:103CB000979401866002091048039EDE02F0048E8C
:103CC0000280441F00049100B05E3F00114501BC1A
:103CD000600300178F00B05E4300178500B05E0FD1
:103CE00000179003BFDE02F0049100B05E0F0017D2
:103CF000850280441F00049100A044B6F0B1450144
:103D0000BC600301104201836006F2979401846055
:103D1000070011E003A05E02F005BA02065EAF00E4
:103D200005BC0186E006F577AB01BC60030010809E
:103D300000025E02F00D3703BFDE02F0072003A190
:103D40005E02F00527011400630017A10068DE87FA
:103D500000E49F0181600609104803BFDE02F00500
:103D600027028500630004A10183E0060D906C0129
:103D7000816006F5D7AE011C508F0003BD020650CE
:103D80008F0004A900B044670010F300B0446B003A
:103D900010F401BC63FF1FF0D301BC63FF1FF0D41C
:103DA00000B042170310850020600E8624D00187E2
:103DB00060040310A000B000630010B401BC6003F5
:103DC0000B10B500B0006300F0B4020300C700049C
:103DD000BB020CD0030004BB028050C70004B30038
:103DE000B054130017A100E05E8680741A00B05032
:103DF0006B0010E400B042130210840209502B0043
:103E000004BB00B0421300308401D2E03AA030E09D
:103E1000028050C70004C101D2E052A030E003BFCD
:103E2000DE02F004C10202D0C70004C100B0505F3E
:103E30000010E000B050630010E100B050670010C7
:103E4000E200B0506B0010E400B0421302F08402B4
:103E50000050C70004CB018AE00E10908401BC60C2
:103E6000FB1C10E501BC60030890E600B000630095
:103E700010B401BC60030210B500B0006304D0B4FC
:103E8000018460070011E001BC600300178E03BFCE
:103E9000DE02F005C700E001C700207100B000633A
:103EA0000010B401BC600302D0B500B0006304D0C0
:103EB000B403BFDE02F0055403225E02F004D20018
:103EC000E002A70020A9010350030017A100B85E7B
:103ED000870037A101875E86101080020400BF00B2
:103EE00004E0032BDE02F004E0020000F30004DA39
:103EF00000E8002300514201BC600A2851420394AB
:103F00005E02F004E000B0058B00106400E058236E
:103F1000003608006858030004E000B04467001150
:103F20001200B05803001115020CD0030005260240
:103F30000300C70004F300B050CB00106501BC6063
:103F40000300168500E05A3300368C020350C70088
:103F500004E800E05A2700368903BFDE02F0052797
:103F600001BC60030017B200B05A0B000B8301388C
:103F70005A130017A101BC5A06F430E0013C5A1351
:103F80000017A1017C5A06F430E10181E00610908F
:103F9000840185E0070010E30185E0070010C302FB
:103FA00082D0C70004F803BFDE02F004FB0202D097
:103FB000C70004FD00B02A330017A101B8506EF409
:103FC00030E000B050730017A101B82A36F430E198
:103FD000028242130004FB00B0507B0010E400B0EA
:103FE00042130210840185E0061C30E100B0421348
:103FF000007084018760040310A0020300C700055D
:104000001300B050CB001065006D5ECAD1C503012E
:1040100085E0021870C300E05ECB00368E01BC6004
:104020001B1FD06500E04196F6506500B050970028
:1040300016800068DECB00050B01BC60230150B880
:1040400000E001F300207C00682E0F00251103BF63
:10405000DE02F0051E00B05ECB0010B500B00063BC
:104060000870B4028342D300050D01BC60030170E7
:10407000B80068AE0F00251E01BC60030170B802D5
:10408000BC506700051D03BFDE02F0051C010CD00B
:10409000030017A103A95E02F0051901BC6023010A
:1040A00050B800E001F300207C00685E8700651CCA
:1040B00003BFDE02F0051E01BC60030170B800689A
:1040C0005E8700451E01BC60030170B80181E002FB
:1040D0001710B801BC600300F0A501BC60030E100E
:1040E000B500E001F700207D00B000630010B400CF
:1040F000B0006300F0B400B042D300180001886043
:10410000080310B4018160060D906C03BFDE02F05D
:1041100005540202D0C700052D00B0506F0010E01A
:1041200000B050730010E100B050770010E202823E
:10413000421300052C00B0507B0010E400B0421385
:1041400002F08400E05E9F0037A703A15E02F00545
:104150003601BC60030017A7018760040310A000AC
:10416000B000630010B401BC60030E10B500B000D5
:104170006300F0B4018860080310B403BFDE02F0EE
:10418000054900B0017B00106500B05A030010E53E
:1041900000B05A070010E600B05A0B0010E70068A4
:1041A000A04B00053C00E05E270037890068204BEB
:1041B0000005400185E0070010E30185E0070010DD
:1041C000C300B0421301108401DA5E270010EE0133
:1041D00087600610908400B042131C108401BC60FC
:1041E000030010B400E0606803B0A600B0009700C0
:1041F00010B501BC602304D0B4018460070011E055
:1042000003BFDE02F005A901085E4B0017A100689C
:104210005E8700255402025003000553029E509F02
:104220000005500201D00300055000E05E27003772
:104230008901585E2700142D01DA50B70010EE01F5
:1042400087600610908403BFDE02F0055401BC6055
:104250000300142D0104C1070017A100680EF70028
:10426000055900B00EF70017A100901CBAF437A151
:1042700003BFDE02F0055B03225E02F0055B010373
:10428000DE530017A100B05E870017A202005EFF98
:1042900000055E01BC60030037A200682B4F0005DB
:1042A0006001BC60030037A202885E4B000563001A
:1042B000685E4B06856301BC60030017A200688E30
:1042C000F70005650183DE86F297940183DE86841C
:1042D000F4270281C21300056B01865E8B0010E398
:1042E000018660070010C30181E00610908403BFBF
:1042F000DE02F0056D01865E8A1C70E301866006B1
:104300001870C302B847A70005A502A047B700056B
:10431000A703A95E02F0057501085E4B0017A10016
:10432000685E870025A6021E509F0005750185E086
:10433000061C70E30185E0061870C30114006300D9
:1043400017A10068DE8700857E00B001530017A228
:104350000068DE8BFFE57A0068424700257B006835
:10436000DE8A84C57E018560020910480186E0026C
:104370001C70E30186E0061870C301105007001797
:10438000A600685E9B0005A601BC60030011E40165
:104390003A500700178000885E0300778000E00035
:1043A000AEF010640068DE9B00458B0207D003006E
:1043B000058901BC602B11F7A200E05E000B37A35A
:1043C00000025E02F010D601BC602306906401BCBE
:1043D00060470017A200025E02F010FE00685E9BBC
:1043E0000045A701A46046F471E00068DE9B00C5AB
:1043F0009901BC611300B7A1020600F30005920108
:10440000BC601300B7A10192C21AF437A203295E5F
:1044100002F0059701BC60030011EE009042E70036
:1044200091EF0192E00EF437A200B05E8B0011EC28
:1044300003BFDE02F005A700685E9B00659E006872
:104440005E9B00A59E00B0502F0011E200B05033DB
:104450000011E203BFDE02F005A7018760023D11F3
:10446000E80068DE9B00A5A1018760063D11E80118
:10447000BC60030011EA009042E70091EB0192C298
:104480001B00B7A201B85E8A3D11E803BFDE02F04F
:1044900005A7018460070011E001BC600300112D35
:1044A00000B0448300142C03A3DE02F005BD01BC60
:1044B000600300178E00685E4B05A5AD0200500337
:1044C0000005B70183E00609104800B04123001839
:1044D0000001BC600306378E00685E4B05A5BC007A
:1044E000E002A30020A801BC600304B78E03A95E0C
:1044F00002F005BC00685E4B0425BC01BC600306ED
:10450000B78E03BFDE02F005BC01816006F577AB14
:1045100000B05E0F00178500025E02F0109501BC2E
:10452000600300178C01BC600300178D0323DE02BB
:10453000F005C7020680C70005C6010C81430017BD
:10454000A10068DE870065C60108421B0017A100B4
:1045500068DE870005C601BC607F1FF7A101E05E31
:10456000861070830182E005872C3900E0446725BE
:104570008C3B0187E006107083006D00A70085D991
:1045800003295E02F005D9020300C70005D600B07A
:1045900050CB0010650282D0C70005CE00E05A2340
:1045A00000368803BFDE02F005CF00E05A27003650
:1045B0008900682E0F0025D600E05ECB0037B201DF
:1045C0000A5ECB0017A100E050CAF4306500D0604D
:1045D00006F657A200205A1AF445D603BFDE02F0B1
:1045E00005D000025E02F012360350DE02F005D65E
:1045F00003BFDE02F0063D02055EAF0005DB01876A
:10460000E00626713303BFDE02F000020190600A6B
:104610008634310282D0C70005E5013C50270017DF
:10462000800109502B001781010750070017A101D5
:10463000825E86F0378100B0501F00108A00B050B3
:104640000F00111603BFDE02F005EB0138505F00CA
:104650001780010A502B0017810107D0070017A10E
:1046600001825E86F0378100B0502300108A00B0CE
:10467000505B001116020300C70005F0020CD003C6
:104680000005F002085E070005F001385407001726
:10469000800190422AA1308A028050C70005F901AA
:1046A000BC600305B79203BFDE02F0031B019060FC
:1046B00006863431020300C70005DD020CD003007A
:1046C00005DD00B0001F0017A100E05E8680741AAF
:1046D00003BFDE02F005DD01BC600306379203BFB5
:1046E000DE02F0031B00E0135F0024D70204DEB3F8
:1046F00000000200B0130B00106501199887001725
:10470000A101095A130017A201895E86D096840080
:10471000B013070017A3006DDE8498260400B05E76
:10472000870017A301885E8ED096840068DE8AF425
:10473000210E01BC63FF1FF0D000B05A130010F02F
:1047400001BC60030017A501825E961E10F001BC3B
:1047500063FF1FF0CF01BC601B00F0EF01BC63FFE3
:104760001FF0D100B044670010F101BC63FF1FF0DF
:10477000D200B0446B0010F201BC60030404D80105
:10478000BC63FF1FF0C301BC60031C10E301BC63EA
:10479000FF1FF0C400B052130010E401BC63FF1F00
:1047A000F0C500B0522F0010E501BC63FF1FF0C63A
:1047B00000B052330010E601BC63FF1FF0C700B029
:1047C00052370010E701BC63FF1FF0C800B052175A
:1047D0000010E801BC63FF1FF0C900B0521B0010BD
:1047E000E901BC63FF1FF0CA00B0521F0010EA01CC
:1047F000BC63FF1FF0CB00B013470010EB01BC639C
:10480000FF1FF0CC00B0134B0010EC01BC63FF1F86
:10481000F0CD00B0134F0010ED00B0136700106230
:1048200001BC600300281100025E02F01074000257
:104830005E02F00D2F01BC602B1877A100025E0212
:10484000F00127016040670011C000E040649B1741
:10485000A100E05E870097A101BC63FF1FF0C001CB
:10486000BC600301550101D2DE86A030E000905EFD
:10487000870177A101BC60030797920190600A0944
:10488000104803BFDE02F0035301BC60070011C1F2
:1048900001BC602B1817A101BC60030017A2000225
:1048A0005E02F0012B01BC60030011C10002DE02B8
:1048B000F000000201C2E3000665020300C7000623
:1048C0004200682E0F002652006E4246F646520302
:1048D000BFDE02F00644006E42470026520203008B
:1048E000C700064F0355DE02F006440180600286D1
:1048F0001430013850830017A100B050CB00106570
:10490000006DDA32F42C6200A8412314104801141F
:10491000006300106500E041970ED06500E05A0387
:1049200000368001BC621F0011E003BFDE02F00010
:10493000120181E0068634310191600E84F4270370
:10494000BFDE02F00665013C50670017A101AC5EB6
:10495000861750BA01BC60030190B8020300C7007B
:10496000065F0068AE0F00265A0181E0021710B8FA
:104970000350DE02F0065803BFDE02F0066500E8D1
:104980002E0F002B8300B05ECB0010B500B000638B
:104990000870B4028342D300065D03BFDE02F00656
:1049A000600186E0040310A000025E02F001E6034D
:1049B000D5DE02F00C6203D6DE02F00C7A0350DE84
:1049C00002F0066103BFDE02F003C301BC60030016
:1049D000F0A50182E00209104801BC621F0011E04D
:1049E00001BC60030011EC01BC600F0011E80285FE
:1049F000500B00066C0182600209104803A0DE0221
:104A0000F0067003D5DE02F00C6203D6DE02F00C75
:104A10007A03205E02F006760188600209104801E0
:104A2000BC600300083100685E4B18A0020068DE1D
:104A30004B07867500025E02F0063703BFDE02F008
:104A4000001201BC60030037A100025E02F00E9666
:104A500003A3DE02F00012020050C700068201BC70
:104A60006003001080018260060910480180600226
:104A700086343100688EF70006800104C1070017F4
:104A8000A10183DE86F2979400E001CB002072033F
:104A9000BFDE02F0020D00B0010B0017A1006DDEB9
:104AA000840806C300E844640877A1006E5E8408A9
:104AB00026C30187E006F577AB020200BF00069728
:104AC000028881AB000697028400C700069701297F
:104AD000500B0017A10068DE870206970282DEBB3A
:104AE0000006970203C5730006960283DEB3000634
:104AF000960286ABD30006920282DEBB00069200CD
:104B0000682AE7000697006DDE2F01E6970182E034
:104B100006F7F7BF01BC613B0417A100E04466F44F
:104B20002AA903BFDE02F0001203BFDE02F006C3B3
:104B300001BC600300114902825EAF0006B201822F
:104B40006006F577AB00B0446700081C020400BFA4
:104B50000006A30068451F0006A30185E002F57763
:104B6000AB032BDE02F006A10185E006F577AB0072
:104B7000B0058B00106400025E02F0119700B001D6
:104B80004B0017A20208421B0006A600B0016B00F2
:104B900017A200685E8B0006AE0090452B0097A11F
:104BA0000080DE86F457A1006E20BA0DA6AE00B0DC
:104BB00041B700082E00E120BA23282F00E0DE864E
:104BC000234C4500B041B6F4282E02055EAF000626
:104BD000B001BC610300113300E10D822943600084
:104BE000E08D8700036100E844650397A5006D5ED2
:104BF000970100C1020200BF0006C00068DE4B063C
:104C0000A6B70184E002F7F7BF0068DE4B0406BADE
:104C10000282DEB30006BA01BC6003000B0A020484
:104C20005EB30006BD0068DE4B0626BD00025E02D4
:104C3000F0158F00025E02F0123703A3DE02F006C9
:104C4000C00183E002F597AC00025E02F017C001DC
:104C5000826002F577AB03D15E02F00002020050E1
:104C6000C30007190325DE02F006C701836006842E
:104C7000F42703BFDE02F006F9020CD0030006F7AA
:104C8000020300C70006E6011400630017A1006DCF
:104C9000DE870086F701BC600300178000B050CBB0
:104CA00000106500B050CF001064018160060D90C7
:104CB0006C0182600686343100B05A230017A101CE
:104CC000BC600300168801BC5A2AF437A101BC60FD
:104CD0000300168A00B05E8700148F00B05A2700C8
:104CE00017A101BC600300168901BC5A2EF437A13C
:104CF00001BC600300168B00B05E8700149000B00A
:104D00005A1B00148D00B05A1F00148E01BC6003A2
:104D10000016040068DE030006E3020350C7000625
:104D2000E20100509F00178001805E0291B48D0166
:104D3000BC5E0292149001BC600300378000025EEA
:104D400002F016E400B05E0300148C03BFDE02F034
:104D500006F20068C2470006EB0181E006863431A6
:104D60000191600E84F42701BC600300143003BF7E
:104D7000DE02F0000200B0509F0017A100025E02A8
:104D8000F001E500B05E870014270186E0040310FF
:104D9000A000B04283001800010CD0030017A1004E
:104DA00068DE870066E6010250C70017A101805E39
:104DB0008684F427018AE00E84F42700B050BF00F7
:104DC000142603BFDE02F006F90186E0040310A0FA
:104DD0000200509F0006F90286C10700071403294C
:104DE0005E02F006FE00B0523300142D00B05237C0
:104DF0000017A1019E5E8684F42700B0509F001723
:104E0000A10180DE86F437A1020580C300070500FA
:104E1000B0303B00108F00B0303700108E00B05023
:104E2000D700108D00B050D300308C00B050BB00C4
:104E3000108F00B050B700108E00B0509B00108D46
:104E400001806006F4308C020250C700071100B0E8
:104E5000524300108F00B0523F00108E00B0523B02
:104E600000108D011A52370017A10198DE87043710
:104E7000A101B85E8691B08C018260028634310156
:104E80008160020D906C01BC600300143401BC60B1
:104E9000030014350325DE02F00717019C6002842D
:104EA000F42703BFDE02F0071B0285500B00071931
:104EB00000A850C70D143101BC60030014300181FB
:104EC0006002F5D7AE0183600284F4270185E00219
:104ED00009104801BC600300142E03A25E02F00218
:104EE0000D03BFDE02F000120323DE02F007910380
:104EF000A35E02F0079103A2DE02F0079101816038
:104F000006F577AB03AA5E02F007910183E0020980
:104F100010480351DE02F0072C020680C700072963
:104F20000182E001872C3900E0026B00209A0180A9
:104F3000E006F577AB03BFDE02F007310301DE02C6
:104F4000F0072F00685E4F06272F01BC6003001793
:104F5000A803A45E02F0073103C1DE02F007940249
:104F6000045EB300073A01846002F597AC0183E068
:104F70000209104800B02B3F0017A1006D2AEEF483
:104F8000200200E0027B00209E01BC6003000ABBFF
:104F900000025E02F0159203BFDE02F0000202037F
:104FA000DEB300074A0183E002F597AC00E020CFB2
:104FB00000283302015EBB00074A00B02A830017B5
:104FC000A1006D20CEF4274501BC6003000833002A
:104FD000E0027F00209F03A95E02F0074801916074
:104FE0001A84F42703BFDE02F0036E01BC63FF1FC7
:104FF000F7A100025E02F00E9603295E02F0074A56
:105000000191601A84F42703BFDE02F0074A01848D
:10501000600209104800E10DC229437000E08DC70D
:10502000000371020400BF00075101BC60030011BE
:1050300015011400630017A100E06602F43065005A
:10504000025E02F0109A0182600209104800685E58
:105050003B18A7550068DE3B07075603BFDE02F08A
:10506000000203295E02F0075902015003000759AC
:1050700000685E3B04A76001F0DE1700378500A0E2
:105080005E16F0978500685E3B06276002015003BC
:1050900000075F028780BF00075F0185E0060910F7
:1050A000480280D00300077000B05E1B0017A30009
:1050B000B0008B0017A4020400BF000766006E4119
:1050C0009730676601185A030017A3011A5A0300A4
:1050D00017A40068C18318076900E002930020A4A8
:1050E00003BFDE02F0076B006D5E2EF4876B01825A
:1050F000E00686343100E05E3300378C0068DE3233
:10510000F4676E00B05E0F001785006DDE2EF46749
:105110007C03BFDE02F0078C00B05E1F0017A30007
:10512000B0008F0017A4020400BF000776006E4194
:1051300097306776011C5A030017A3011E5A03001B
:1051400017A4006D5E2EF487780182E00686343164
:1051500000E05E3700378D0068DE36F4677B00B014
:105160005E0F001785006D5E2EF4678C0185E002EE
:1051700009104803D1DE02F0077E03295E02F00722
:1051800080020300C700078100B05E0F0017850092
:10519000025E02F01095006841831807B202030016
:1051A000C7000788020CD003000788028350C7009D
:1051B00007880068DE4B05A78803BFDE02F016648F
:1051C0000181E0068634310068DE3B06278B00E073
:1051D000029F0020A703BFDE02F006C300025E02AA
:1051E000F010950181600209104803295E02F00762
:1051F00091028300C700166403BFDE02F006C303FA
:10520000D1DE02F0079203A5DE02F006C303BFDE83
:1052100002F0001200E10DBA29436E00E08DBF00DC
:10522000036F0206500300079C00B001030017A1A2
:10523000006D810AF4279C00E844640877A1006EA1
:105240005E8408279C0187E006F577AB01085E4B7A
:105250000017A100685E4B05279F00685E87002746
:10526000A000B05E0F00178500025E02F0109500EE
:10527000685E3B0627A601BC600300178C0200D0C5
:10528000030007AB01BC600300178D03BFDE02F013
:1052900007AB01BC600300178C020300C700020DBE
:1052A000020CD00300020D019C600284F42703BFAE
:1052B000DE02F0020D006841831807B1018060062C
:1052C00084F42703295E02F006C301826006863457
:1052D00031028300C700166403BFDE02F006C3007C
:1052E000E002970020A50181600209104801BC601E
:1052F0000300081200E0017B00A05E01BC601314F3
:1053000017A1006D017AF4201201BC60130C805EBD
:1053100003BFDE02F0001200025E02F00D2F033820
:10532000DE02F00012039EDE02F0001200E8444CA0
:1053300000F7A100E85E840117A1006ADE8401077E
:10534000C200E85E8401118701BC6003001188017E
:10535000A5E02230118001BC600300111301BC6084
:105360000300111400B044670017A100B0446B00A3
:1053700017A200B05E8700110400B05E8B0011051B
:1053800003B8DE02F007C403BFDE02F0001201BC66
:10539000600304B79201BC60030417A101BC63FF62
:1053A0001FF0CE00B052170010E800B0521B0010E2
:1053B000E900B0521F0010EA01BC60030010E402D3
:1053C0008600C30007E200B0540F0017A20069DE98
:1053D0008A9087D500E85212F450E40068A0470094
:1053E00007E201BC60030010E400B054270010E0A5
:1053F00000B0542F0010E103BFDE02F007EB01BC48
:1054000060030297A101BC60031890E801BC60032F
:105410000010E901BC60030010EA03BFDE02F007E0
:10542000E203A4DE02F00A5003A9DE02F00A5001F2
:10543000BC600301D7A1020600C30007E40280DEBE
:105440005F0007E900B054070010E0006820470043
:1054500007E701D2DE86A030E000B0540B0010E177
:1054600003BFDE02F007EB01BC5E869010E001BCDA
:10547000601F0010E101BC60030010E200B0522385
:105480000010E500B052270010E600B0522B0010CB
:10549000E700025E02F0107403A9DE02F00AB10018
:1054A000685E4F04280701BC63FF1FF0C300685EFD
:1054B0004F16A7F900685E4F05A7FC01BC60031AF0
:1054C00090E301BC600306B79200685E4F052807B1
:1054D00003BFDE02F0080101BC600318B79201BCF3
:1054E00060030E90E303BFDE02F007FE01BC600321
:1054F00006379201BC60031890E3028E01AB0008EE
:105500000102984407000BB502804607000BB50066
:10551000B0204700178100025E02F0108400E85EB0
:105520008400D7A1006A5E8690880700E85212F4D2
:1055300030E403BFDE02F0080A01BC60030010E49F
:105540000338DE02F0080A0187E0061C90E40190AF
:10555000600A09104801BC610304379100685E4F7E
:1055600016AC4000685E4F05ABB503835E02F00ADF
:105570005003BFDE02F000020204416300081D0177
:10558000876002F577AB01BC600300114901BC6084
:1055900003010B8900E10DB228E36C00E08DB70038
:1055A000036D018460020B105802055EAF000819FC
:1055B0000187E006267133020400BF00081C018544
:1055C000E002F577AB00025E02F0119703BFDE0246
:1055D000F0000203A35E02F0081F00025E02F01753
:1055E000C00285C523000002018460060B1058022A
:1055F00000DEFF0008250180E002F7F7BF00682BFE
:105600004F00082500E044655A4AD302055EAF000A
:10561000082701BC6103001133020580BF00082D7B
:1056200001BC60131157A100025E02F00127019630
:10563000600E03301900B040670017A200025E023E
:10564000F0012B0203C03700082F03BFDE02F00079
:105650001202875EAF00083100E0021F00208701C0
:1056600082600628914401BC6003010B8903BFDE00
:1056700002F00012020601AB0008360180600187CB
:105680002C39020681AB0008380183E001872C39F0
:105690000183E0020F107802814013000002020033
:1056A000420300083D01846002F597AC01BC600331
:1056B000000ABB01BC600300108003A3DE02F008F7
:1056C000400190600209104800B0446700179E0036
:1056D000B0446B00179D00B0446F00179C00B044AD
:1056E0007300179B0068DE7A23284000E002230045
:1056F00020880115403B001797006D80A700884B5C
:1057000000A05E5F003797006880A700084B01BCCF
:10571000600300379700B001430017A1010C8143DB
:105720000017A300685E8F00284F018CE0000A1765
:10573000A101C9DE840527FF01BC60031077950134
:1057400091E0020D906C0286403700085500E0029F
:10575000BB0020AE03BFDE02F00CA401BC6003005E
:10576000148001BC600300148101B8600A04902415
:1057700001BC600304082401BC600300482301BC91
:10578000600300D02A01B3600700100401BC60036D
:1057900000080801BC600300080901BC60030008A0
:1057A0000A01BC600300080B0183E002F5D7AE00DC
:1057B000E044671F4C1F0287C037000C9E00025E4A
:1057C00002F012360286403700086703C35E02F01B
:1057D000087903BFDE02F00C9F0068C033004877F1
:1057E000006B446583E87700B041270017A100B043
:1057F000412701D04900B05E870017A100B05E8745
:105800000017A100B05E870017A100B05E870017E7
:10581000A100B05E870017A100B05E870017A1004D
:10582000B05E870017A100B05E870017A100B05ED0
:10583000870017A100B05E870017A100B05E870047
:10584000104903BFDE02F00D1303435E02F008624D
:105850000286403700088500685E5F000C9F006884
:105860005E5F004C9F0152D2030017A10185D20652
:10587000F437A203BFDE02F00880013C5203001798
:10588000A101BC5206F437A20323DE02F008830014
:1058900068DE8B01CC9F03BFDE02F0088500685EE6
:1058A0008B0288850068DE8B038C9F006D4033007F
:1058B000CCA400685E5F00489800685E5F00289591
:1058C000006800A700C88A006880A700A88B00E0D5
:1058D000446690283001BC62C30017A102805203C5
:1058E00000088E019652030017A10080DE869037D3
:1058F0009A0203520300089300E05E6A90379A020E
:1059000007D20300089300E85E6B00379A029E5EA0
:105910006B000CA403BFDE02F0089C0152D203000E
:1059200017A10185D206F4379A03BFDE02F0089C66
:10593000013C52030017A101BC5206F4379A006ED5
:105940005E680BACA400685E6B000D130204C03BE4
:105950000008AE0181E0060D906C0207C0AF0008A0
:10596000A4020740370008A200E0027300209C0355
:10597000BFDE02F00CA400025E02F0123603BFDEAE
:1059800002F0089E00B02023000C1100B020270078
:105990000C1200B0202B000C1300B0202F000C14B0
:1059A00000B05E7F000C150287C0AF000C9E028223
:1059B000403B000C9E015840AF00179A01BC603F6D
:1059C0001E17A1006DDE6AF42C9E035B5E02F008D8
:1059D000B001BC601300104301BC60FF1E17A100A2
:1059E0006E5E6AF42C9E00B041232810480180604E
:1059F00002F297940184E002091048015840AF0078
:105A0000102A006840AB002C9E01BB5E560090043B
:105A100002035E570008C1020047A30008BE01BC94
:105A2000621E3C11E001BC60030011EA00B05E6B35
:105A30000011EB0198601E3D11E8020047B3000819
:105A4000C100B05E6B0011EF01B0E0CE3D91EC0300
:105A5000835E02F008C400025E02F01236006D4060
:105A60003304C8C103AADE02F008E001BC63FF1FD3
:105A7000E3B301BC601F10D06401BC600300B7A198
:105A800001BC63FF1FE79300E04186F4306501BC71
:105A900063FF1FF60000E05E870077A100025E0250
:105AA000F00F1F0200C0770008D6012940770017C9
:105AB000A2006D5E8B04C8D400E85E8B04D60001A2
:105AC000BC601F05F06300E0418EC01063010C56FE
:105AD000030003B30068DE870168D600B05E8B0068
:105AE0000793006DDE8701C8D900E0419300306460
:105AF00003BFDE02F008C903B05E02F008DF0183D5
:105B000060020D906C00681E1BFFE8E001BC601F86
:105B100005F06500E04194F0D06502005A030008EA
:105B2000E0018360060D906C0020402F08A8E20180
:105B3000BC60030003B301BC60030007FC0188E004
:105B40000F0007FD006D4033020A4A0129520F0081
:105B500017930109520F0017AA0068DE4F03A8EA45
:105B60000129522300179301A95E4F003793019634
:105B70006002F2979400E0418701F06501BC600F7C
:105B80000017A10028DE869068F101866006F29772
:105B90009400E0419700706500E0209300C8240164
:105BA000065E530017A200A05E4F0477A10068DED6
:105BB000870448FF0186E006F2979400B85E8B00E8
:105BC00037A200B05A030017A0020ADA030008F94E
:105BD00001876006F297940284C03B0008FF02032D
:105BE000DA030008FF03AB5E02F008FD0204410780
:105BF0000008FF01806004FFA7FD01065E53001747
:105C0000A20182DE8A00900403AADE02F0094503A5
:105C1000AB5E02F00917018460020D906C01BC6359
:105C2000FF1FF79900B01E230017A20068DEAB002B
:105C3000290900A05E4FFF77A10068DE87072915BC
:105C400003BFDE02F0090B0284520F0009150204A3
:105C5000D20F00090E03B15E02F0091400B01E1F3E
:105C60000017A203BFDE02F0090F03B35E02F009C2
:105C7000140200521700091500685E8BFFE9150039
:105C8000E0015EF4506502015A4700091500B01E9C
:105C90004F001799018460060D906C0200521700A6
:105CA000094303315E02F00943020200BF000943C9
:105CB0000180E001610B080200521700091E006814
:105CC000DE4F04091D00B02AD70017A2006DDE893F
:105CD0005509310202AB2F00093E02832B2F000928
:105CE0002000685E5F00092B01BC60030017A30160
:105CF0003852030017A30283AB2F0009270068DE88
:105D00005F00292701085E8F0017A300695E8F00DE
:105D1000693E03BFDE02F0092B006DDE5F004929FA
:105D200003BFDE02F0093E02842B2F00093E00680B
:105D3000DE8F00093E00682A9B00093E00B02B93CD
:105D40000017A2006DAA9AF4493E00685EAB0049B4
:105D50003100685E4F06893103BFDE02F0093A0068
:105D6000B02B9B0017A200B02A9B0017A10283ACA6
:105D70002700093600682C87000937006D5E8564AE
:105D8000293700B02C7F0017A2006D5E895CA9390D
:105D900000B02C4B000B110184E006F7F7BF006840
:105DA000DE4F02893E00025E02F017BA0206DEFFF5
:105DB00000093E00E02BC7002AF10068DE5F000901
:105DC000410068DEAB0049410180E005610B08003D
:105DD000682B4F0009430180E006F7F7BF01BC6361
:105DE000FF1FF7A5032B5E02F0094600B01E4F000F
:105DF00017A50207520F0009C2028047A30009BF7E
:105E0000028047B30009BF00E0209300882400E827
:105E1000208F00882301BC60030011E401BC6003F3
:105E200003D1E102065E5300094F01BC60030491F7
:105E3000E10206DE5300095300E047870051E1020A
:105E400007D20F00095300E047870091E1006D4041
:105E50003302CA4A00685E4F0589560068DEAB000F
:105E600049C203AB5E02F00959020052170009C291
:105E7000020580F300095E00685E97FFE95B00E0C1
:105E80005E970097A50068DE97FFE95E02805217D3
:105E90000009C2020700BF0009C201BC601B043731
:105EA000A20090478700306500E04196F4506500FD
:105EB000E0478701081A03835E02F0096500025E6D
:105EC00002F01236006D4031034962006D4031032B
:105ED0004A4A01BC600B1D57A10068DE97FFE975B7
:105EE000010F5A070017A5031EDE02F00975020014
:105EF0005217000975032C5E02F009C200685E6744
:105F0000FFE97500E05E6700979900E05E66F43097
:105F100064012A58030017990100DE970017A500B5
:105F2000E05E66F4B79900E05E67003799011558A6
:105F3000030017A603BFDE02F0098500E05E96F4B9
:105F40003064012A5803001799020580F300098480
:105F50000182E002F337990200521700098401160A
:105F6000D8030017A6010F5A070017A4010CD80385
:105F70000017A10068DE92F4298000E05E67021736
:105F80009903BFDE02F00989010DD8030017A100B3
:105F900068DE92F429C200E05E6704179903BFDE51
:105FA00002F00989011058030017A60068DE9B0063
:105FB000C9890181DA030017A100B85E86C017A164
:105FC0000281DE870009C200885E6700778000E0FA
:105FD00000AEF0106401AADE64FF87FC0068DE9B5F
:105FE0000049A302078187000996006DDE030C09B2
:105FF000960285520F0009960298523B00099601BD
:1060000081E004FFA7FD00E05E000B37A300E05E27
:106010008F0097A300E041870077A200025E02F0A4
:1060200010D600E8208F01082301BC602306D78129
:1060300000885E970077A100E85E86F4B06301BC3B
:1060400060070E17A100E0418EF4306300B05617D0
:106050000017A100B0561B0017A20068DE86D049C9
:10606000C20068DE8AD069C200025E02F010AB0195
:10607000BC602306906401BC624F0017A200025E60
:1060800002F010FE00E047870217A103835E02F0D2
:1060900009A7006EC032F429A5006EC032F42C9E10
:1060A00000685E9B0049BF01BC621EF471E000689D
:1060B000DE9B00C9B201BC611300B7A1020600F368
:1060C0000009AE01BC601300B7A101BC6003001160
:1060D000EE00B05E6B0011EF0192E00EF431EC03C4
:1060E000BFDE02F009BF00685E9B0069B40068DE95
:1060F0009B00A9BF019860063D11E800E0209300D5
:10610000882400E8208F00882301BC60030011EA86
:106110000068DE5F0049BA00B05E6B0011EB0192CF
:10612000DE5E3D11E8018760023D11E80068DE9BFC
:1061300000A9BE018760063D11E8019860163D1177
:10614000E80181E004FF87FC01AADE64FF87FC030D
:10615000BFDE02F009C701BC620F0011E001BC60A4
:10616000030011E40181E000FFA7FD01BC600F0006
:1061700011E801BC60030011EC02001FF70009CE1A
:1061800000E0208EF3482300B0209300102500E8A3
:10619000208E04A823006AA08F01C9CE01B8600632
:1061A0000490240182E006F297940188600A00902E
:1061B0000401BC600318779503A0DE02F009DB0040
:1061C000685E4F06A9E00138520300178000B05EF8
:1061D0005F0017810204DEB70009DA00685E07007D
:1061E00009D901BC600301778001BC6003003781DD
:1061F00003BFDE02F009DA01BC6003015780000230
:106200005E02F001430068DEAB0049E000A05E4F93
:106210000477A100685E87004C2D00685E87044CFF
:106220002D03BFDE02F00E350180600186EC3700E1
:106230006EB083002A1C0068DE4F040A1C03335E24
:1062400002F00A1C0180600184AC2500E030B3003C
:106250002C2C0392DE02F00A1C00E03093002C2468
:1062600000B030830017A1006D3092F429EB03BF1A
:10627000DE02F00A1A0180600584AC2501BC6027AB
:106280000897A100025E02F001270187E006032CB7
:106290002A00B00143000C2B03835E02F00A1800B1
:1062A0006DC03305C9FB00E860BA0197A60080DE27
:1062B0009B0117A500685E5F0009F60080DE9B0069
:1062C00057A500B041B7000C360080B0DB0C8C360F
:1062D00000B041B7000C3600B030DB0010400000C9
:1062E000800000000001BC601B06D06501BC60039B
:1062F00000B7A400025E02F0017200685E9300AA7B
:106300000303835E02F00A18006DC031842A18016D
:10631000BC6003064C3603BFDE02F009F70207C17A
:1063200097000A0601385A070017BB03BFDE02F0C8
:106330000A07013C5A030017BB01BC601B0437A6C7
:1063400000E84196F4D7A300885E8F0037A300E0F1
:106350005E8EF777A500E05E970057A503835E0287
:10636000F00A18006DC031842A18006DC032F4AAFA
:106370001800E85E960197A60080DE9B0117A40036
:10638000685E5F000A130080DE9B0057A400B041E6
:10639000B70017A40080DE930C97A400B041B700AB
:1063A00010400000800000000003BFDE02F00A0C75
:1063B0000386DE02F00CA103BFDE02F00D8B01802C
:1063C000600184AC2501BC6003000C240386DE025E
:1063D000F00CA10287C037000C9E00025E02F01292
:1063E0003603035E02F00A1C03A9DE02F00A26004F
:1063F000025E02F0123602074037000A210386DEF1
:1064000002F00CA10287C037000C9E00025E02F071
:106410000EA3006E4030020A500301DE02F00A5063
:106420000068DEAB000A37032B5E02F00A2C00E0A6
:10643000022B00208A03BFDE02F00A3002805217CE
:10644000000A2F00E0024300209003BFDE02F00AA2
:106450003000E0025700209500685E4F040D850073
:10646000685E4F028D8500685E4F020BC100685E5A
:106470004F050E2500685E4F060E2500685E4F062C
:106480008E2F03BFDE02F00E350068DEAB002A4916
:10649000032B5E02F00A3B00E0022F00208B03BFBB
:1064A000DE02F00A3F02805217000A3E00E0024777
:1064B00000209103BFDE02F00A3F00E0025B0020F3
:1064C0009600685E4F06AB8E00685E4F042E4D004E
:1064D000685E4F04AE4D00685E4F05AC3200685EEA
:1064E0004F062B8E00685E4F052E2300A05E4FFFE7
:1064F00077A100685E87072E4000685E4F16AC3DAE
:1065000003BFDE02F00BB503BFDE02F00BB900E003
:10651000020F00208301BC60030011EC01BC600F7E
:106520000011E80284C03B0009C20184E0060910A2
:106530004803BFDE02F009C20200C093000002035C
:10654000A35E02F00A5403C35E02F00A5303BFDEE7
:1065500002F00D1100025E02F012360207C0AF0019
:106560000A5702074037000A540107C0AF0017A1BD
:1065700000B85E870037A101825E860D906C00B086
:10658000447F0007FE018360020910480287C0377C
:10659000000C9E0386DE02F00CA100025E02F012E7
:1065A0003603435E02F00A5C0287C037000C9E038C
:1065B00001DE02F00A7B03305E02F00A7B01BC6060
:1065C0001F15506500E04194F530650138402B00FF
:1065D0001680012D406B0017A200885E8B0137A248
:1065E00002884027000A6A01846006D0168000B045
:1065F0005A02F456800205C027000A6D0187E006A2
:10660000D0168001BC601B0DD7A100025E02F00114
:106610002700B0406700168101BC601B0DF7A10088
:10662000025E02F0012700B0406700168200B05AF7
:106630000B0017A100E85A06F437A200E15E8AF4C5
:1066400057A100E0DE86F457A100985E8700B7A14D
:1066500000E01EA70067A900691EA7018A7B01BC94
:1066600060030007A902801FF7000A7D006E40301A
:10667000020B890381DE02F00A8A00E00217002083
:10668000850329DE02F00A8102902E27000A82018A
:10669000BC6003002B8903A9DE02F00A860184E0B6
:1066A000060910480180E0020910480184E002F761
:1066B000F7BF0386DE02F00CA101806004FF87FCB7
:1066C00001806006F2979403BFDE02F00B3700688A
:1066D000DE4F040A8D03335E02F00A8D01BC6003B5
:1066E000000C2401836002F7F7BF0329DE02F00AE1
:1066F000910288AE27000AA301BC6003000B890346
:10670000AB5E02F00A9E00685EAB002AA200685EE3
:10671000AB000A9C010C520F0017A100685E8700B5
:106720002A9800685E87004A9A03BFDE02F00AA238
:1067300003B0DE02F00A9E03BFDE02F00AA003B13E
:106740005E02F00A9E03BFDE02F00AA003B35E02FF
:10675000F00A9E03BFDE02F00AA001BC6003004BFA
:106760008903BFDE02F00AA301BC6003008B89032A
:10677000BFDE02F00AA301BC6003002B890386DEA2
:1067800002F00CA103AB5E02F00AA801F052130064
:10679000118601A5E00A30118003BFDE02F00ACAAB
:1067A00003A9DE02F00AAE0068DEAB004ACA00B000
:1067B000523B00179F00B0523B0017BE01BC600364
:1067C00000280803BFDE02F00ACA02875E53000AEF
:1067D000D703A0DE02F00AB903BFDE02F007CA0148
:1067E00090600A09104800B0523B00179F00B05259
:1067F0003B0017BE019E5E8300B0EB0106520F0006
:1068000017A100B85E870037A10182DE86F577AB5D
:1068100001BC610300308000E8523AF3F7A2006B3C
:10682000D23AF3EABC00E85E7E91D7A200905E8B7C
:106830000097A101BC6023011064006B523AF3EA97
:10684000C701185E870017A2010A5E870017A30020
:10685000886006F457A200E04192F4706400B058DA
:1068600002F45600006BDEFA91CACA00B0523B0037
:1068700017BE03BFDE02F00ACA00025E02F0164F26
:1068800000B0202300280800B0523B00179F0320CF
:10689000DE02F00AD702075E53000ACE0180E00252
:1068A00009104803BFDE02F00AD70068DE5F000A65
:1068B000D4021A5407000AD20103C0270017A1010D
:1068C000825E8610D0860102C0270017A100E04238
:1068D0002AF4308A0180E004FF87FC03A9DE02F07D
:1068E0000AD700B05E4700108001085E4F0017A174
:1068F00000685E87002B0503AB5E02F00B09020007
:106900005217000AEF0068DEAB004ADD00E00253D8
:1069100000209402865E53000B370284520F000D54
:10692000130284D20F000AE203AC5E02F00AED0308
:10693000BFDE02F00AF8032C5E02F00AF800685E7F
:106940004F040AED0106D20F0017A100808ECF017F
:1069500097A200E0015E0DB0640181DE86C3F61FE0
:106960000187DE8624912400683077FFEAED00B0CD
:106970004467000C1E02005E87000AED00E04465DB
:1069800083AC1E00685E4F020B3703BFDE02F00BC4
:1069900024031EDE02F00AF503315E02F00AF50060
:1069A00068DEAB004AF500808ECF0197A200E001BF
:1069B0005E0DB0640181E002C3F61F0068DEAB002B
:1069C0004AFA00E0023F00208F03BFDE02F00AFD1A
:1069D00000685EAB004AFD0280522F000B370202B6
:1069E0004107000AFD00685E4F040B3700685E4FE8
:1069F000028B370206DE53000B020028E01EF40B68
:106A00000200A044B703E14500B005130017A10040
:106A1000E05E8428A14602844107000B37018060B4
:106A200006F2979403BFDE02F00B37032B5E02F0F1
:106A30000B3700685E4F05AB2400685E4F052B24C2
:106A400003BFDE02F00B370068DEAB004B12006DB7
:106A50008ECF002B1201BC6003000AB501826002D8
:106A6000F5D7AE02805EFF000B1000682B4F000BC5
:106A70001200E044655A4AD300682B6BFFCB12002A
:106A8000E02B6B002ADA02065E53000B1500E002D1
:106A90006300209803BFDE02F00B370323DE02F011
:106AA0000B1F0129500B0017A30068DE8F052B1F59
:106AB000020680C7000B1A0182E001872C3901878A
:106AC000E0021070830184600209104800B05E8704
:106AD0000017A1006EE003002B1E03D1DE02F00BB5
:106AE0001F0068DEAB004B2100E002270020890078
:106AF000685E4F000B3700685E4F010B3700685E21
:106B00004F058B3700808ECF0197A200E0015E0D0C
:106B1000B0650020DA7F140B37028047C7000B876F
:106B20000329DE02F00B2D0102DEAF0017A10106E2
:106B3000520F0017A200385E86F44B370182DE8ABE
:106B4000F577AB00B052230011F200B052270011CC
:106B5000F300B0522B0011F40106520F0017A100F0
:106B6000E05E870031F500B0005B0011F000B04737
:106B7000C30018000134C7C70017A1006EDE8402ED
:106B8000AB3701BC60030810420283C107000B3B16
:106B90000301DE02F00B3A03B55E02F00B3B02800C
:106BA0005E53000D1300B040330017A101089FF79A
:106BB0000017A200685E8B006B4300E84031049729
:106BC000A102811FF7000B4300B020930017A10220
:106BD000809FF7000B4300B05E630017A1006E5E5C
:106BE00084020B8900B05E870007F401816000FF1A
:106BF00087FC0202C013000B4900E05E840347F4E7
:106C000001816004FF87FC02011FF7000B82010372
:106C10005E530017A10187DE84FF87FC0386DE0236
:106C2000F00CA100025E02F0123603855E02F00B4A
:106C30004C018E60023D11E80107C7830017A101D6
:106C4000825E84FF87FC02019FF7000B550103C79A
:106C5000970017A101825E84FFA7FD00B0203300DA
:106C600017A1018E5E84FFA7FD032A5E02F00B5D73
:106C700000025E02F00E870329DE02F00B5C0301C6
:106C8000DE02F00B5C0182E0060D906C03BFDE02B9
:106C9000F008A401BC60030011EC01BC600F0011FE
:106CA000E801846004FFA7FD01075EAF0017A101A2
:106CB00085DE84FF87FC00B040270007F600B04067
:106CC0006B0007F800B0406F0007F900B0402B00E0
:106CD00007F701BC601B0DD7A100025E02F001277F
:106CE00000B040670017A201BC601B0DF7A10002B5
:106CF0005E02F0012700B040670017A100E85E8A3D
:106D0000F437A200E15E8AF457A100E0DE86F45772
:106D1000A100985E8700B7A101BC5E860147F7001D
:106D2000681F33000B7C018F60060127F600681F87
:106D300033002B7900B01FC70017A100025E02F0DC
:106D4000012700A04064F9D7A200B85E88FE17A111
:106D500003BFDE02F00B7A00A04138FE17A10068E5
:106D6000DE87000B7C018F60020127F6018460043E
:106D7000FFA7FD01075EAF0017A10185DE84FF8735
:106D8000FC00025E02F00EA301BC63FF1FD7A80047
:106D9000025E02F0109A00025E02F00E8701A86007
:106DA0000A00900402011FF700163B00A8401300E0
:106DB000500403BFDE02F0072000E002870020A19C
:106DC00003BFDE02F00B8A00E0020B00208203A961
:106DD000DE02F00D13018460060910480184E0060C
:106DE00009104803BFDE02F00D13032B5E02F00B07
:106DF000B10068DE4F06AB9200E0023B00208E033C
:106E0000BFDE02F00B9300E0023700208D0323DE8B
:106E100002F00BB50068DE4EF1CBB5020680C7006C
:106E20000B970182E001872C390187E00210708303
:106E30000184600209104800B05E870017A1006E4F
:106E4000E003002B9B03D1DE02F00B9C00685E4F39
:106E5000062BAF01BC600300083303295E02F00B70
:106E6000A10203DEB3000BA20191601A84F4270192
:106E700083E002F597AC020200BF000BAE0206AB46
:106E8000D3000BA7020345AF000BA90185E0062D37
:106E9000716B03BFDE02F00BA90203456F000BA963
:106EA0000185E0062B715B02045EB3000BAE018727
:106EB000E0021070830183E00209104800025E02C4
:106EC000F0159303BFDE02F00BB50205500B000B6B
:106ED000B50182600609104803BFDE02F00BB50061
:106EE000025E02F00BBC0068DE4F062BB500E0022C
:106EF0004F00209303BFDE02F00BB503AB5E02F040
:106F00000BB702044107000BBA02834107000A5085
:106F100003BFDE02F00BBA02844107000A50018071
:106F20006006F2979403BFDE02F00A50028700C3A6
:106F3000000BC00068D213000BC001BC600300113D
:106F40008301BC60030011820002DE02F000000336
:106F50009F5E02F00BC4039EDE02F00E3502035E5C
:106F600053000E35010C81430017A10068DE870035
:106F70002BC9010001630017A10102C0270017A25D
:106F80000038DE86F44BB903AB5E02F00BCB020097
:106F90005217000BB90280522F000BCD03335E0253
:106FA000F00E3502181DF3000BF101BC601B06103A
:106FB0006501BC60031BB7A400025E02F001720011
:106FC000B05E8F0017A60068DE931BABED0207C111
:106FD00097000BDA01385A070017A1013C5A070045
:106FE00017A201BC5A0AF457A2013C5A0B0017A37E
:106FF00001BC5A0EF477A303BFDE02F00BDD013CA7
:107000005A030017A100B05A070017A200B05A0B8C
:107010000017A3006D5E87008BE701BC61BF0A17F4
:10702000A50068DE8AF4ABE201BC60271357A50017
:10703000685E8EF4ABE601BC605F0017A50068DEF9
:107040008AF4ABE701BC60171E57A50068DE8EF41A
:10705000ABE703BFDE02F00C2900D85E870037A142
:1070600000E14196F4306500E1C19700306501F020
:1070700041970017A200E05E8B0077A2006D5E8A48
:10708000F4CBD000E840330097A5006E5E96004C2C
:107090002900B01DEF0017A10068DE840A0E35023A
:1070A0003C523F000C02013C523F0017A10068DE39
:1070B00084048C2701BC600316106401BC601B06AD
:1070C000306500685E87002BFE00B05A030017A2EF
:1070D0000068DE8AC00C2700E0419700306500E0C0
:1070E000419300306400E85E870057A1006A5E8724
:1070F000002BF700685E87000C0301385A03001765
:10710000A1013858030017A20068DE86F44C27035B
:10711000BFDE02F00C030285C107000E3501BC6022
:107120001B06106501BC600305B7A400025E02F0F7
:107130000172028000C3000C2701BC60131417A663
:1071400000E0017F00B7A5006D5E96F4CC0B01BC9A
:1071500060130C97A500685E940BCC2B00B0017BEC
:1071600000106500B052270017A200B0522B001784
:10717000A3006841940BEC160068DE8ED04C120020
:10718000685E8AD02C2700E0419700B065006D4111
:1071900096F4CC0F01BC60130C906503BFDE02F0C7
:1071A0000C0F00E0028B0020A200B0017F001065F0
:1071B00000B0522300168000B0522700168100B0A4
:1071C000522B00168200808ECF0197A200E0015E54
:1071D0000DB0640203587F000C2001BC602F003703
:1071E000A103BFDE02F00C2101BC5202F2F7A101A3
:1071F000A95E02F43683009044670116840202817E
:10720000AB000C250068DE9305AC2601846006D037
:10721000968400B05E9700005F020781AB000C29E6
:1072200001806006F2979403AB5E02F007DF03BFB4
:10723000DE02F00A5000E0028F0020A303BFDE024E
:10724000F00BB903835E02F00C2F006D4033038C0A
:107250002D006D4033038BB9032B5E02F00E390312
:10726000BFDE02F007DF032B5E02F00C3700E00206
:107270003300208C020681AB000C360183E00587C9
:107280002C3903BFDE02F007E100E0024B00209240
:10729000008800230037A200E05E8800F7A200E02B
:1072A000001AF451890186E00630118003BFDE0226
:1072B000F00BB5032B5E02F00C3800E013530024F2
:1072C000D403BFDE02F007DA02045247000BB50117
:1072D000BC601F10F06401BC60030177A101BC63B6
:1072E000FF1FE79300E04186F4306501BC63FF1F98
:1072F000F60000E05E870077A100025E02F00F1F3B
:107300000200C077000BB5012940770017A2006D7D
:107310005E8B04CBB500E85E8B04D60001BC601F19
:1073200005F06300E0418EC010630200D603000B3D
:10733000B502065603000BB50184E006F597AC01D3
:1073400016D6030017A200885E8B0077A200E0012A
:107350009EF4506500B041970004C201BC602B1838
:1073600017A100B05A0F0017A200025E02F0012B15
:1073700001BC602B1837A100B05A130017A20002FD
:107380005E02F0012B00B0418B0004D903BFDE0286
:10739000F00BB503A2DE02F000C203A3DE02F00C84
:1073A0007A00E001FF00207F01BC60030017A30307
:1073B000BFDE02F00C7C018760040310A001BC60FA
:1073C000030051E400B0479300180001BC600302C1
:1073D000900401BC620F0011E001BC600F0131E8B4
:1073E00000B047A300180001BC600F0011E801BC09
:1073F00060030131EC00B047B300180001BC60032A
:107400000011EC018460060910480020601E090C80
:107410007100E001FB00207E03BFDE02F00C85015D
:10742000BC60030ED7A1011400630017A200E05E48
:1074300086F4506500E05A03003680020300C7005E
:107440000C7703A95E02F00C7C0291509F000C7B2C
:107450000191601A84F42703BFDE02F00C7B00E088
:1074600001FF00207F01BC60030037A30323DE027D
:10747000F00C850183E00209104801846002F59751
:10748000AC01BC6003000ABB01BC600300178E02A4
:107490000680C7000C830182E001872C390187E058
:1074A000021070830182600209104803D0DE02F0EE
:1074B0000C8603D05E02F00C870182E002091048BE
:1074C00003D5DE02F00C8901BC60030010B401BCDE
:1074D000600300F7A1006800A7000C8D0185421A27
:1074E000F437A100025E02F0012700B040670017E8
:1074F000A501BC63FF1FF7A200025E02F0012B0092
:107500008860070157A400B85E86F497A100025E68
:1075100002F0012B0283C21F000C9400025E02F0F5
:10752000114C02844523000C9603D0DE02F00C9827
:1075300000685E8F0000020020E01E090C9C00B075
:107540005E9700142E03BFDE02F0036E00A84123F5
:1075500000F04803BFDE02F0000201836002091060
:107560004800E0021300208403BFDE02F00CA401F7
:10757000BC6007001042006E4030020CA400E00224
:107580007700209D00025E02F0170A03A35E02F05E
:107590000A5003C6DE02F00CA7032ADE02F00CAE8E
:1075A00000B0304700080800B0304B00080900B0B8
:1075B000304F00080A00B0305300080B00B03057BD
:1075C00000179F03BFDE02F00D130184E0060910CF
:1075D0004803BFDE02F00D13020681AB000CB302BC
:1075E00081B0E70000BD028330E70000BD028445A2
:1075F000230000BD0320DE02F00CBB0068A0C70022
:107600000CB801BC609F0217A100E04466F4283169
:10761000006B4465062CBC0020E1020900BD00029D
:107620005E02F00D2F01BC60030008310020E38AE8
:107630000900BD028445230000BD00B05E8700172D
:10764000A103915E02F000BD0396DE02F000BD03CF
:10765000965E02F000BD00025E02F00D2F00E10D0B
:10766000B228E36C00E08DB700036D01BC6003003D
:10767000114701BC600300602000680173000CD753
:1076800001BC60130890E600025E02F0016A00B0DF
:1076900001730010E401BC600300000601BC60033C
:1076A00000005C01BC600301D78201D2DE0877F0E4
:1076B000E000B00F030010E100B0004700108600AA
:1076C000B00F1F00108A01BC600300378100025E0A
:1076D00002F010700190600A09104801BC610300BB
:1076E000308003BFDE02F0000201BC6003003042C4
:1076F0000187E00224712300025E02F014DB03978D
:107700005E02F00D4303125E02F00CDA01BC60036E
:1077100000402001BC6003000B8901BC6003001124
:107720004901BC618300112500B0007B00112701D5
:10773000BC60130C805E01BC60130C805F0180E0B4
:1077400006F5D7AE0107C1070017A101805E86F5D7
:1077500077AB01BC600F0011E801BC620F0011E0C3
:1077600000025E02F00CF701BC61CF0C105C01BCA2
:10777000600300105D01BC61CF01F05E01BC603BA5
:107780000AF05F01866005610B0800025E02F014DA
:107790005C01866001610B0801BC600300082E02D9
:1077A0000300C700001201BC60030006B201BC6008
:1077B000030006B701BC60030006BC01BC60030007
:1077C00006C103BFDE02F0001201BC60430017BB1C
:1077D00000A04122F7704801BC63FF1FF05401BCB8
:1077E00063FF1FF05501BC63BF1FF05601BC63FF70
:1077F0000FF05700025E02F0170A0187E0062471BD
:107800002301BC600300105401BC6003001055014B
:10781000BC600300105601BC600300105701BC603F
:107820000F0020170106C1070017A101825E840224
:10783000E017010741070017A100B85E870037A1D4
:107840000180DE870000160002DE02F000000285E3
:10785000C03700000200025E02F012360286403796
:10786000000D0A00E0021B00208601BC6003010B32
:10787000890386DE02F00CA10287C037000CA1004C
:10788000025E02F017D003BFDE02F0001201B86002
:107890000A04902403AA5E02F00D1601586003004A
:1078A000102A01BC600302900400B04013001800CD
:1078B0000183600209104801806000FFA7FD0002FB
:1078C0005E02F0123603855E02F00D1A01BC620FF3
:1078D0000011E001BC600F0131E800B047A30018BF
:1078E0000001BC600F0011E801BC60030157A1005A
:1078F000E85E870037A10068DE87000D2101BC60CB
:107900000302900400B0401300180001BC600301A2
:1079100031EC00B047B300180001BC60030011EC6B
:107920000324DE02F0072001866006F577AB000233
:107930005E02F00D2F0180600610308100B05E877E
:107940000017A10180600210308103BFDE02F00742
:1079500020020601AB000D3101806001872C390146
:10796000BC610300108000B04203001800006EE00C
:1079700003002D3403505E02F00D3700015E02F06B
:10798000000003BFDE02F0039401846002F597ACAF
:1079900001BC6003000ABB00A8412304F048018237
:1079A00060020910480206DEAF000D3E03D5DE027C
:1079B000F00D3E0350DE02F00D3C01BC60030010F0
:1079C000B40284C783000D4101BC600B0011E001CB
:1079D0008E6002F577AB0002DE02F0000003A2DE4B
:1079E00002F000BD02BC4287000D4A01BC600300EA
:1079F00037A401BC60031FF7A3011400630017A2A2
:107A000000886006F457A203BFDE02F00D4F008825
:107A100060070117A401BC63FF0017A301140063F2
:107A20000017A200E05E8B0117A200886006F457E1
:107A3000A201BC60131B906501BC601B185064015F
:107A4000BC60030017A50020C286F48D5900E041F8
:107A50009706D06500E0419301F06400E05E970076
:107A600037A500885E930037A400205E92F46D78FD
:107A700003BFDE02F00D520068DE92F44D5E006836
:107A80000083006D5E03A0DE02F00D5E0020C123C6
:107A9000160D5300025E02F00D2F006DDE93200DD7
:107AA00074020300C7000D68006DDE97008D680149
:107AB000BC600300160801BC600300160901BC602D
:107AC0000300160A01BC600300160B01BC60030032
:107AD000160C01BC600300160D01BC600300160EFD
:107AE00002005AC3000D73023C5A9F000D730068D8
:107AF0000083006D730385DE02F000BD03855E0226
:107B0000F000BD03A2DE02F000BD03A3DE02F00020
:107B1000BD0397DE02F000BD00B041970010600188
:107B200091600A84F42703BFDE02F0036E018060D7
:107B300002D616B000B05E930010A101836002F778
:107B4000F7BF01BC600300304303BFDE02F00D53FA
:107B5000006880830060BD03BFDE02F00CDB02839F
:107B6000C21F00000200B05E870017A103D0DE0232
:107B7000F0063D01BC6003041042039EDE02F000EB
:107B80001200B05E3F00114501BC600300178F007A
:107B9000B05E4300178500B05E0F00179000025ED4
:107BA00002F00D2F03BFDE02F00012006D4033051E
:107BB0008BBA03AC5E02F00D8A00685E4F028DEB5B
:107BC00000E0026700209903BFDE02F00DEB0068C1
:107BD0005E4F028DEB028030DF000D8E00E0025F11
:107BE0000020970180600586EC3700025E02F00EEF
:107BF000AF01866002F5B7AD01826002F5D7AE0134
:107C0000BC6003000AB5039EDE02F00DA00321DE76
:107C100002F00DA000E0026F00209B00025E02F067
:107C20000D2F0186600209104800A8412301304849
:107C300001BC60030210420280441F000D9F00B08F
:107C40005E3F00114501BC600300178F00B05E432A
:107C500000178500B05E0F00179003BFDE02F00D25
:107C6000A000A044B6F07145028200C3000DEB00F5
:107C7000B000730017A100E05E86B017A100E15EBE
:107C80007AF4379E00E1DE7700179D00E1DE730095
:107C9000179C00E0DE6F00179B039EDE02F00DAF25
:107CA000006E5E6E924E21006D5E6E924DAF006E64
:107CB0005E72922E21006D5E72922DAF006E5E7626
:107CC000920E21006D5E76920DAF006DDE7A91EE20
:107CD0002102003097000DB400B05E7B000C320032
:107CE000B05E77000C3300B05E73000C3400B05E01
:107CF0006F000C35028201AB000DC500B044670077
:107D0000082D00B0446B00082C00B0446F00082B15
:107D100000B0447300082A0068A0B6232DAF00E924
:107D200020B6F3D79E00E9A0B2F3B79D00E9A0AE5C
:107D3000F3979C00E8A0AAF3779B00E15E7A91F7A5
:107D4000A100B05E8700111900E1DE7692111A00E1
:107D5000E1DE7292311B00E0DE6E92511C0068DEA3
:107D600086232DBE03BFDE02F00DEB00E9523EF389
:107D7000D7A100E9D242F3B7A200E9D246F397A314
:107D800000E8D24AF377A400880ECF0057A500E0A0
:107D9000015EF4B06400E95E86C9A78100E9DE8A6D
:107DA000C9C78200E9DE8EC9E78300E8DE92CA0710
:107DB0008400808ECF0197A501BC601F07778000EB
:107DC000E05E020DB06500885A0F00F7A500B05EB6
:107DD000970817A50134DA0F0017A600E95E94F0A2
:107DE00037A500E8DE98F057A6017BDE96F4D7A50C
:107DF00000685E96D06DEB00E85E96D077A600B086
:107E00005E9700168300685A13000DDD00E05A16D5
:107E1000F4D68500685A1B000DDF00E05A1EF4D628
:107E20008700885E9B00F7A10134DE9B0017A2014A
:107E3000BC60030017A301BC60030017A40069DE47
:107E40009B000DE701BC63FF1FF7A301BC63FF1F8D
:107E5000F7A401C3DE8EF457A200E95936F4364D7B
:107E600000E9D93AF4564E00E9D93EF4764F00E8DD
:107E7000D942F49650031EDE02F00E21039F5E02EB
:107E8000F00E2100685E4F028E21032C5E02F00E80
:107E90002101BC601B06D06501BC600300B7A400D3
:107EA000025E02F0017202003097000DF600685E7B
:107EB0009300ADF600E030C7002C3103BFDE02F0C6
:107EC00018840068DE9300AE210207C197000DFC04
:107ED000013C5A070017BB013C5A0B0017A101389F
:107EE0005A07000C2603BFDE02F00DFF01385A07C7
:107EF0000017BB01385A0B0017A1013C5A03000CB4
:107F00002600B05E87000C2700808ECF0197A2006C
:107F1000E0015E0DB06400B05EEF0016280181DE66
:107F200086C3F61F00683073FFEE0802005E87000C
:107F30000E08008830730071260090307301B1285C
:107F400000683077FFEE0C00B04467000C1E0200A2
:107F50005E87000E0C00E0446583AC1E0187DE8660
:107F6000249124020680F3000E100181E002C3F682
:107F70001F0187E00224912402003097000E2100A7
:107F8000E030B7002C2D028680F3000E140281D859
:107F90007F000E1F00B0309F0017A100025E02F0AC
:107FA0000F0802805E8B000E1F00E85E6984D7A177
:107FB00000685E85846E1B00E030BF002C2F03BF7D
:107FC000DE02F00E1F00E030BB002C2E01BC60036F
:107FD000000C2501BC600700104303BFDE02F00D5A
:107FE0001300E85E6984CC2303BFDE02F01884032B
:107FF000AB5E02F007DF03BFDE02F00A50032B5E28
:1080000002F00BB903BFDE02F007DF03AB5E02F044
:108010000E28032C5E02F00BB903BFDE02F00E390E
:1080200000B052230011F200B052270011F300B04B
:10803000522B0011F401BC60030091F501BC6003F8
:1080400008104200B0005B0011F003BFDE02F00731
:10805000DF0138523F0017A102065E53000E3201C5
:1080600038524B0017A10068DE87008E3503AB5EE7
:1080700002F007DF03BFDE02F00A500068DE4F02A5
:108080000E38020781AB000E3801806006F297942B
:1080900003AB5E02F007DF020000F3000E3E0206B3
:1080A000DE53000E3E01185E830017A10068DE87D4
:1080B00000AE3E01BC600B02514202005217000BA1
:1080C000B903BFDE02F00A5001BC60030011830156
:1080D000BC6003001182032C5E02F00E450199E0A2
:1080E0000620110003BFDE02F00E490119402F00E7
:1080F00017A100685E87000BB50199DE862011008C
:1081000003315E02F00BB500A05E3B0097A2002099
:108110005E4EF44BB50184600209104803BFDE02D5
:10812000F00BB503AB5E02F00E5000025E02F00BE6
:10813000BC03BFDE02F00BB50068DE4F042E540016
:10814000B0523300179F00B0522F0010EB02815243
:108150002F0007CA00E002AB0020AA0281522F00C4
:108160000B9303295E02F00E5A0203DEB3000E5A8F
:108170000191601A84F4270183E002F597AC0208AC
:10818000522F0007DF03BFDE02F00A5001BC60037C
:1081900000106701BC60030010460180E006093052
:1081A000490282C11F000E6401BC603F1FF06501DF
:1081B000BC600300168000E841970030650069C18B
:1081C00097000E6101BC600B00179401BC600300B6
:1081D00017AB01BC60030017AC01BC60030017AD16
:1081E00001BC60030017AE01BC60030017BF01BCF7
:1081F00063FF1FF7B501BC600300202001BC6003D2
:108200000017A100025E02F001270138406700005C
:1082100028011C406700002901BC6003005049018F
:10822000BC60030017A701BC60030017A801BC6075
:10823000030017A901BC60030017AC01BC60030078
:1082400017AD0182E0060F10780206C1E3000E7739
:10825000006880A7000E7A03BFDE02F00E7B006884
:1082600080A7008E7B01BC601302600001BC60230C
:108270000E400101BC63F318600201BC614B156044
:108280000301BC600300000401BC6043052005013C
:10829000BC601B04306101BC601702506001BC600F
:1082A0000300082200B05E0F00178500A044B6F05E
:1082B000714503BFDE02F00CC30183E0060F1078A6
:1082C00001885E5CFEC7F601BC601F1E900701BC02
:1082D0006003019008018860060090040386DE02B6
:1082E000F00CA10305DE02F00E8C0386DE02F00C1A
:1082F000A10385DE02F00E8E00B05E870017A1009C
:108300006EE003002E920386DE02F00CA1006EC028
:10831000146FEE9501BC60070010420002DE02F00F
:10832000000003215E02F00E9A00E0204AF42812B9
:1083300000B0204B00178B03BFDE02F00EA20281BB
:1083400050C7000E9F011C509F00178B00E05E2E4F
:10835000F4378B019C5E2E84F42703BFDE02F00EFF
:10836000A2011E509F00178B00E05E2EF4378B0198
:108370009E5E2E84F4270002DE02F00000006800FA
:10838000A7008EA80102C027000821006880A7006E
:10839000AEAE00E020870028210002DE02F00000DF
:1083A00001BC600300282101BC402B0017A10098EC
:1083B0005E870117A10098402B0117A2006ADE8A90
:1083C000F42EAE01BC60030088210002DE02F00042
:1083D00000028280BF000F0700B0418F0008130029
:1083E000B0418B00081400B044670017A2017BDE87
:1083F0008A2357A101BC601F07706501BC600300A0
:1084000017A201BC601F03D06401BC601F11506340
:1084100000685A03000EFE01BC601F0FB06200E04E
:10842000418AF450620090540300F7A6006B5E8608
:10843000D06ED400B05A030017A300E05A0EF4D552
:108440008000E05A0EF4768300E85A2F00368B0045
:1084500069DA2F000EC300E85A0700368B006CDA89
:108460000EF42EBE00E85A0EF437A400905A030012
:1084700077A5006EDE92F4AECA01BC600300360040
:1084800001BC600B00104301BC6003002789002081
:108490005A0B080ECD01BC600300279203BFDE0219
:1084A000F00ED400205A0B140ED400202C27080EF6
:1084B000D000205A0B040ED401866006F5B7AD003B
:1084C00088009B00D1260090009B01512801BC63CD
:1084D00003001124006B5E86B00EDC00685A1300A6
:1084E0000ED901886006D0568200B056030017A44A
:1084F00000E05E92D0968500E05A0EF4D580002010
:108500005A0B080EDC01BC600300079200685A1386
:10851000000EE4006B5E86D0AEE40188600AD0569F
:108520008200B056030017A400E05E92D096850149
:10853000BC600300360101BC600B00104301BC604D
:108540000300278900685A1B000EFE006B5E86D070
:10855000EEFE02015A0B000EF300E85A1B003686AD
:1085600000B05A270017A300E05A1EF4768701BC1A
:10857000601F11D06200E0418AF4506200B05A2BB3
:108580000017A300E05402F475000203D403000EA8
:10859000F100E05A1F003687013054030015000136
:1085A000816002D0568203BFDE02F00EF600B05AA0
:1085B000230017A300E05A1EF4768701816006D0DD
:1085C000568200685A1B000EF8006CDA1EF42EE684
:1085D00002015A0B000EFB01BC600300360203BF10
:1085E000DE02F00EFC01BC600300360301BC600B30
:1085F00000104301BC600300278900E0419701900F
:108600006500E05E8B0037A200E0419300906400BB
:10861000E0418F003063006D5E8B008EB802981DC4
:10862000F3000F0501BC600300079200B0204F006B
:10863000106300B020530010620002DE02F0000060
:1086400001BC60030017A20068018B000F1E0090A0
:10865000018B0077A201806002F437A1006E5E8674
:10866000F44F1E0207C197000F1001385A07001778
:10867000A303BFDE02F00F11013C5A030017A30051
:10868000E85E8F0097A300E85E8AF437A2006A5E76
:108690008AF46F1E00D0419700306400E05E8B00CA
:1086A000B7A300E04192F4706400D84193003064B5
:1086B0000207C193000F1B013C58030017A103BF21
:1086C000DE02F00F1C013858030017A100A0018B37
:1086D00000F7A200905E86F457A20002DE02F000CE
:1086E0000000B05A0300101F00B05A07001020000D
:1086F000B05A0B0010210180600700101D0280405D
:1087000077000F230002DE02F000000187E002F58F
:1087100077AB03915E02F000020020E3FE09000245
:108720000200421F0000020068C2F300000202843F
:1087300045230000020068C0170000020068AB97E4
:1087400000000200025E02F00EAF00683073FFEF1F
:10875000310207C493000F3C00683077FFE002004D
:10876000683077FFEF350068307B000F3B006BC44B
:108770006583CF3C03BFDE02F0000201BC601F072F
:10878000706400E041930617A20068D82F000F39EB
:108790000281D80B00000200E04193019064006D5B
:1087A0004192F44F370287C49300000200689E4B49
:1087B00000000202815E53000F4A0283411F000F36
:1087C000400281DE53000F5B01BC600300115101C8
:1087D000BC600300115201BC620300115301BC6074
:1087E0000300515001896006F2979401BC60E700D4
:1087F000107701BC600300107601BC60031117A361
:1088000000025E02F0013403BFDE02F000020280CB
:10881000C54300000201F0C5470011560107C547D6
:108820000017A101F0C54AF4315500B045570010BA
:108830007700B0455B00107601BC60030E97A30083
:10884000025E02F0013400B04557000C1000B04544
:108850005B000C0F01BC600300115501BC600300FC
:1088600011560090303F00CC0F00B030430017A1EC
:1088700001AD5E8581EC0F0189600AF2979401BC1D
:1088800060030810470392DE02F00FAF020480BFBE
:10889000000F6001BC63FF1FE7F301BC61FF1FE82D
:1088A0000E03BFDE02F00FB101866002F597AC0146
:1088B000BC601F07706501BC601F0FB06401BC6025
:1088C000030037A101BC60030017A300685A03002E
:1088D0000F9D01BC60030017A502035A0B000F6E29
:1088E00002805A0B000FAF00E9440AC017BB00E832
:1088F000C40F0017A4017BDEEEF497A400685A139E
:10890000000F7C03BFDE02F00F790068DE87002FC6
:10891000700203DE53000FAF0203DA0B000F840076
:10892000B05A0F0017A400685A07002F7500685A44
:108930002F002F7501BC60030037A500685A130093
:108940000F79006CDE92D0AF7900B05A170017A4EF
:1089500001BC60030037A500201CBAF42F7C00681E
:108960005A1B000F9703BFDE02F00F7F00885E875F
:108970000097BB00201CBAF76FAF02015A0B000F23
:10898000AF006CDE92D0EF9700B05A1F0017A40022
:10899000201CBAF42F8301BC60030037A503BFDE9F
:1089A00002F00F970202DA0B000F9D0204C10700CC
:1089B0000FAF00B05A0F0017A400E85A2F0037BBC2
:1089C0000069DEEF000F8A00E85A070037BB013C60
:1089D000016F0017800068DE03000F900138016FFF
:1089E00000178000685E03000F9300E85E03003705
:1089F000BB03BFDE02F00F9300E85E030037800088
:108A000080DE02D0378000E05EEE0DB7BB00685E0E
:108A1000EF000F9700E05E92D017A400E85EEF0031
:108A200037BB03BFDE02F00F9300685E8F000F9A22
:108A3000006B5E92F44F9B03BFDE02F00F9D01BC02
:108A400060030037A300B05E930017A200B05E97EA
:108A50000017A600885E870037A100E041970190CB
:108A60006500E04193003064006D5E87020F650091
:108A7000685E8F000FAF00B044670017A5017BDE72
:108A8000962357A500E85E8AF4B7A400885E930099
:108A9000E4DB00905E9301271D00B0012B0017A3BB
:108AA00000689C77000FAA006E936EF46FAF03A668
:108AB0005E02F00FAF00B05E9B00078500E9136E09
:108AC000F467F300E89C7700080E03BFDE02F00FA6
:108AD000B100681E1700000203BFDE02F01059014A
:108AE000BC61030011230069203B000FB50180E049
:108AF00006F2979403BFDE02F00FB70180E002F2A6
:108B0000979403BFDE02F0000200684127000FC601
:108B100002844523000FB8006800A700AFBC0068BE
:108B200000A700CFBC006880A7010FBF00B044675A
:108B30000017A100E84466F437A2006D5E8B004F79
:108B4000BD0280C127000FC10392DE02F01059035D
:108B500092DE02F00CE700025E02F014E700025E13
:108B600002F0113D00025E02F0113800025E02F0D8
:108B7000114801BC600F0011E8031EDE02F00FCDAA
:108B800001BC600300105C01BC600300905D01BC8F
:108B9000605304105E01BC600300105F03BFDE027F
:108BA000F00FD101BC600B00105C01BC60030090B1
:108BB0005D01BC604304105E01BC600300105F01F6
:108BC000BC6003000C1E01BC600300802002850015
:108BD000BF00106000B01FCF00115100B0203B005B
:108BE0001152006E1FCE2A8FDA0068A03B000FDA08
:108BF00000E01FCE23280F03BFDE02F00FFB00B002
:108C0000446700080F00E91FCE2A915100E8A03BFD
:108C100000115201BC61FF1F707701BC63FF1FF0A0
:108C20007601BC60031197A300025E02F0013400DC
:108C3000B0454B00107700B0454700107601BC608E
:108C4000030F17A300025E02F0013401BC602F1A6B
:108C5000B06500B0455700169100B0455B00169214
:108C600000B0440B00169300B0440F00169401BCF2
:108C700063FF1FF15201BC63FF1FF15101BC600390
:108C800000115501BC600300115601AC607F0290D9
:108C900075028741D7000FEF00B041DB0003B10040
:108CA000B041DF0003B200B0446700082D00B044BB
:108CB0006B00082C00B0446F00082B00B044730018
:108CC000082A00E14464FE6C1A00E0C46901CC1B70
:108CD00001BC600302315000B04543001800006839
:108CE0006003000FFB01BC60030010400000800027
:108CF000000000020480BF000FFF0312DE02F00F2D
:108D0000FB0068C55700100701BC602F1AB0650052
:108D1000B05A4700115500B05A4B00115600B05AD6
:108D20004F00110200B05A5300110301BC60030050
:108D300017A701BC60030017A801BC600300006610
:108D400001AC607F0F1075028741D700100900B099
:108D500041DB00115100B041DF001152006845476E
:108D600000101000E91FCE2A87F300E8A03B00089E
:108D70000E01866006F597AC01BC60030010770118
:108D8000BC600300107601BC60030F17A300025EF5
:108D900002F0013401BC600300115002844543001D
:108DA00010150207C1E300101600B044670017A1B8
:108DB00000685E862330180182E0060F10780206F4
:108DC000C1E300101A01BC600300402001BC600335
:108DD0000000660186600620110001BC606300107F
:108DE0007B01BC601B00107A01AC607F02907502B1
:108DF0008741D700102100E941D876379C00E8C1AF
:108E0000DC76579B00B0303F0017A10080DE72F483
:108E1000379D00B041B700179E0080DE6EF4379C8E
:108E200000E15E760DB79D00E0DE7300179C017DCA
:108E30005E7AF3B7A1017D5E76F397A200905E7330
:108E40000157A300E120B6F4311900E1A0B2F451BA
:108E50001A00E1A0AEF4711B00E0A0AB00111C00F1
:108E6000E10DAAF4236A00E08DAEF4436B00B04438
:108E70001F001800008844230157A30090442300DA
:108E8000D7A400B0440B0017A100B0440F0017A2F4
:108E900000E95E862337A100E8DE8A2357A2006935
:108EA000DE8B00104100E1440AF4710200E0C40EC0
:108EB000F4910300E85E230037880069DE23001088
:108EC0003600E8002700378803BFDE02F0103601C5
:108ED00086600220110001BC600300402000E930E0
:108EE0006A2337A100E8B06E2357A20068DE8B002A
:108EF000105001BC604F1117A3006DDE86F4705056
:108F000001BC600300104001BC600300105D0182E1
:108F100060060BF05F00D05E8700713401E1DE8AED
:108F200026913501BC63030011330000800000006E
:108F300000018260020BF05F02865EB300105900F0
:108F4000681E1700105901BC60430017A100E044DF
:108F500066F4378001BC600300078900025E02F0FE
:108F60000EAF006C4466F0105900681E27001055C3
:108F700003BFDE02F00F5B0200DE530010630180CE
:108F8000E002F2979400025E02F0113B01BC600324
:108F900000104003BFDE02F0105E00E04464095799
:108FA000A103BFDE02F0106301BC600300104000AB
:108FB000B0012F0017A100E0012AF4310900B0012F
:108FC0002F00110901BC61CF0C105C01BC600300D3
:108FD000105D01BC61CF01F05E01BC603B0AF05F37
:108FE00000025E02F0114400025E02F0114B00022A
:108FF0005E02F0114101BC6003000785006D80A78F
:10900000008CE700E044670477A10068DE86233027
:109010006E03BFDE02F00CE701885E0610D0860109
:10902000025E070017A101825E8610D0860002DE74
:1090300002F0000000B00047001086010820470041
:109040001781013852030017800102C0270017A6BC
:1090500000025E02F015F80068204700507B00B067
:10906000540700178000025E02F01070006820476D
:109070000030830068A04700107F021A54070010D8
:10908000830103C0270017A103BFDE02F010820195
:1090900006C03B0017A101825E8610D0860002DE6A
:1090A00002F0000000B054130017A10068DE4F1654
:1090B000B08700B054130017A10200DE0700108F24
:1090C00000B0418B00106501BC600301D7A10068AE
:1090D000DE4F16B08C01BC60030297A100025E0255
:1090E000F0160B00E05E8400F7A103BFDE02F01073
:1090F00094020480F300109402025E0700109402B0
:10910000805E070010940090001B0037A200E85416
:1091100012F457A10002DE02F00000020400BF00BA
:10912000109800025E02F011E903BFDE02F0109910
:1091300000A044B6F0B1450002DE02F000000200DB
:1091400000BF0010AA0068ABEF0010AA00E05EA309
:109150000037A8006D5EA005D0AA00B02E2F001722
:10916000A100025E02F0012700B040670017A200D4
:1091700068DEA3FFF0A700B05E897197A2006D00C2
:10918000A70090A6006DA0870050A803BFDE02F0E4
:1091900010A70068A0870010A800B85E897197A288
:1091A00000025E02F0012B01BC60030017A8000260
:1091B000DE02F0000000D85A030117A201B85A06D7
:1091C000F457A200B0560300083600B05607000856
:1091D0003700B0560B00083800B0560F00083900B1
:1091E000B0561300083A00E05612F4483B00B05A5B
:1091F0000300083401385E8B00083500B020EF0012
:1092000017A401BC60030017A200B04193001065D1
:1092100000B85E92D017A400E05E06F4506300F040
:109220005E930017A300F05E930077A400E05E8BCE
:109230000037A200B85E92F477A400E04192F450A7
:109240006500E05602F4958000B056030017A400B4
:109250006EDE8B00B0B800B85E92C0D7A200D85EB8
:109260008B0037A200E020DAF4483600B020DB00A3
:1092700017A400B85E92C0F7A200D85E8B0037A298
:1092800000E020DEF4483700D820DF0037A200E0FD
:1092900020E2F4483800D820E30037A200E020E6BE
:1092A000F4483900D820E70037A200E020EAF4486B
:1092B0003A00D820EB0037A200E020EEF4483B0053
:1092C000B020EF0017A200B85E8AC017A200905E1F
:1092D0008B0037A201BC5E8906A8350002DE02F0D1
:1092E0000000018060063C91E4018760063CD1E605
:1092F00001A860023CD1E6018B60023CD1E600B0DF
:109300005E8F00106300B056030011E700B05607EF
:109310000011E700B0560B0011E700B0560F001126
:10932000E701A960423C91E401A860023CD1E6015A
:109330008B60063CD1E600B05E8B00106301BC6020
:10934000030057A1020456030010E601BC600301AC
:1093500017A100E0418EF4306300B056030011E71E
:1093600000B056070011E700B0560B0011E700B03F
:109370005E8B00106301BC600300B7A10204D6033A
:109380000010F001BC60030117A102065E5300103B
:10939000F001BC60030197A100E0418EF43063004E
:1093A000B056030011E700B056070011E700B056B1
:1093B0000B0011E701BC60030017A10206DE530099
:1093C00010FB00B05E8B00106302065E530010FAC3
:1093D00000A0563F01F7A103BFDE02F010FB00A082
:1093E000563301F7A100B05E870011E701BC6003AE
:1093F0000011E70002DE02F0000000685E9B00D171
:109400001801BC60070211E30068DE9B00510B00ED
:10941000E847870111E101BC60030011E201BC6073
:10942000030011E201BC60030011E201BC60030013
:1094300011E201BC60030011E201BC60030011E213
:1094400001BC60030011E201BC60030011E200B046
:109450006142F451E000B058030011E200B0580737
:109460000011E200B0580B0011E200B0580F0011DB
:10947000E200B058130011E200B058170011E200EA
:10948000B0581B0011E200B0581F0011E200B05E9E
:109490009B0017A40068DE9B00B11601BC600300AE
:1094A00077A40192DE930217A30002DE02F000000F
:1094B00001BC60070011E300B058030011E200B0E6
:1094C00058070011E200B0580B0011E200B0580F2D
:1094D0000011E200B058130011E200B0581700115B
:1094E000E200B0581B0011E200B0581F0011E2006A
:1094F000E00146F0106401BC60070031E300B058A1
:10950000030011E200B058070011E200B0580B0050
:1095100011E200B0580F0011E200B058130011E240
:1095200000B058170011E200B0581B0011E200B063
:10953000581F0011E20192E01B0017A30002DE0297
:10954000F00000028740C300112D01866006F01074
:1095500030028640C300112F00B040C700178100C1
:1095600002DE02F00000028740C300113200B05E4C
:10957000070010310186E006F010300002DE02F034
:109580000000006800A701978C03BFDE02F0114ABB
:1095900000025E02F0113B00025E02F0114B00027D
:1095A000DE02F00000006800A701970F0002DE0253
:1095B000F0000001816006093049006800A70091B1
:1095C0004000025E02F0114C0002DE02F0000000DA
:1095D000025E02F0114C018160020930490002DE96
:1095E00002F000000188E00E09304900B041270078
:1095F000180000B0002B0010020002DE02F0000094
:1096000001BC60030010020182E0020F107800022A
:10961000DE02F00000006800A701978B00B0412730
:109620000017A100B0412701D04900B05E870017A4
:10963000A100B05E870017A100B05E870017A100EF
:10964000B05E870017A100B05E870017A100B05E72
:10965000870017A100B05E870017A100B05E8700E9
:1096600017A100B05E870017A100B05E870017A1A8
:1096700000B05E870010490002DE02F00000010029
:10968000DE530017A601BC60030037A103BFDE0252
:10969000F0115D00025E02F00127018760060337CA
:1096A000A20068DE9B001161018760020337A200FF
:1096B000025E02F0012B0002DE02F0000002024115
:1096C0001F00117602825E5300116801826006F26B
:1096D000979400B0446700180000B0446B00081B6A
:1096E00000B0446700180000E844690377A40068EC
:1096F00000A700916B006DDE9300517000E044679D
:109700000317A303905E02F011730285C5230011B5
:10971000730068DE8E23316D01BC600302104701C7
:10972000BC600300904301826002F2979401826062
:1097300002F5B7AD006800A7009176006800A700A9
:10974000B1760002DE02F000000201C11F001189A3
:1097500002855EAF00117C01856006F577AB00B035
:10976000446700081E00B0446B00081F00E9446510
:1097700003D7A100E8C46903F7A200D05E87007791
:10978000A101E1DE8AF437A200E95E862697A100F6
:10979000E8DE8A26B7A200695E8B00118901BC61F0
:1097A0000300113300E144DAF4313600E144DEF421
:1097B000513701856002F577AB01BC6003011047AA
:1097C00001BC60030050430002DE02F00000020111
:1097D000AE2700118C0284C52300119601BC600FD6
:1097E0000C106500E0419571306502002E270011D4
:1097F0009000E0419700B06501BC600F0D17A1001B
:109800006E4196F4319400E15A0229368000E0DA84
:109810000700168101BC6003000B8901BC600300D6
:1098200011490002DE02F0000000B0451F00178160
:1098300000B005B70017A601BC600704106401BCA6
:1098400060131B906501BC60030017A10205DEAF29
:109850000011B100B0580F0017800068DE842C3171
:10986000A100E0582300360803BFDE02F011B90260
:10987000005E9B0011B10280DA030011A7011858A5
:109880001F00178200E05E0B00378201985E0AC05D
:10989000F60703BFDE02F011AA011A581F00178253
:1098A00000E05E0B003782019A5E0AC0F60701F005
:1098B000DE0300378000A05E02C0578000B05E0368
:1098C00000160300A044B6F0178200B05E0B00162D
:1098D0000500E05E0AC0960603BFDE02F011B90083
:1098E000B0581300178200E85E06F057A5006ADE44
:1098F000970011B700E85816F4B6050069D81700AC
:1099000011B701BC600300160500B058170017A579
:1099100000E05812F4B60600E0419302106400E043
:10992000419706D06500E05E870037A100905E9BFE
:109930000037A60068DE8700919C01BC600300111F
:109940004701BC600300016D0002DE02F00000016F
:10995000BC600300016C01BC600300016D01BC60D0
:10996000070A106401BC60030077A100B0428F00B9
:10997000178000A05E0301F78000B05E0300016E57
:1099800001BC63FF1FF7A20068DE030011CB01BC1E
:1099900060030017A200886006F43781002005BA32
:1099A000F031D00068DE8AC0D1D000E005B30021DC
:1099B0006C00B005B6F0216D00685E030011D400A4
:1099C000205E06F011DA006EDE8AC0D1DA03BFDE57
:1099D00002F011D5006DDE8AC0D1DA00B05E8700DA
:1099E00017A300B0419300016600B0581B0017A2F6
:1099F00001BC600300016C01BC600300016D00E864
:109A0000419302106400E85E870037A10069DE8799
:109A10000011CB00B05E8F0001650002DE02F00095
:109A20000000B0059B00106400B0581B00114500F9
:109A3000B0059B00016200B0059700016100B058BD
:109A40000F00178500B0580700178300B0580B00AF
:109A500017840118581F00178C011A581F00178D02
:109A60000002DE02F0000000B0058B001064006E02
:109A700041932A11F600A044B6F0B7A100B05E876A
:109A800000160500E05812F4360600B0581B00110D
:109A900045020000F30011F3006D41932811F30219
:109AA00000DEAF0011F301BC600B02514200B05E5A
:109AB0008700016F02015EAF0011F600B05E170073
:109AC000160301816002F577AB0002DE02F00000B0
:109AD000020145230012010287C493001201018292
:109AE0006002F5D7AE02012C230011FE00E02C2B02
:109AF000002B0A01816001610B0802065EB70012AB
:109B00000100E02AD7002AB501866002F5B7AD0052
:109B100002DE02F00000020200BF00120F00025E2F
:109B200002F012370202DEB30012070068428F0013
:109B30000F2503BFDE02F00002028881AB00120F86
:109B400002845EFF00120502845EB30012050282E9
:109B5000DEFF00120502822B2F00120D00682A9BE7
:109B600000120F0284DEAF00120502845EB70012FD
:109B70000500B05E870017A10002DE02F0000001C0
:109B800082E002F597AC0203DEFF00121902844561
:109B90002300121902012B2F0012190180E006F296
:109BA000979400025E02F0114C0180E002F297945B
:109BB00000025E02F0114C0180E002F29794020173
:109BC000AC230011360181E001610B0803BFDE0206
:109BD000F01138020400C70012270206ABD30012AE
:109BE000210284C5AF00123503BFDE02F01222024B
:109BF00084C56F00123502844523001224020042FE
:109C00000300123500685E4B04B23500685E4B06F7
:109C1000B23500685E4B0632350182E006F597AC3E
:109C20000284452300122A0323DE02F0122B018353
:109C3000E006F597AC0180E006F29794028400C735
:109C400000113600B02AD70017A2006DDE89551129
:109C50003602872B2F00123202005EFF00113602FF
:109C600007AB2F0011360181E005610B0803BFDE51
:109C700002F0113803BFDE02F011360002DE02F0FE
:109C80000000020200BF00144D0206ABD3001244D4
:109C90000104C1070017A101855E85610B0802045C
:109CA0002C2300124401846001610B0801BC603761
:109CB0000017A201BC60031417A100B045E300180F
:109CC0000000B045E300180000B045E300180001B3
:109CD000BC620300107701BC60031B507600025E7B
:109CE00002F0013E00682AEB00124900E844655783
:109CF00057A101BC63F71D17A2006D5E86F452499F
:109D000000E84466F44ABA006CC46556724B00E839
:109D10004467002AB30206ABD3001250006DC4673B
:109D200001524E01BC6003000B100284C5AF00124B
:109D3000BD03BFDE02F012510280456F0012BD026A
:109D40000701AB0012530180600209D04E01BC63D1
:109D5000FF1FF7A10068C586F4325601BC600300FE
:109D60000ABD0204DEB700144D0184E002F5B7AD70
:109D70000184E001610B080202DEB30012740206E6
:109D8000ABD30012650068AAF700925D00682B0350
:109D900000125E03BFDE02F01263018B600E2B9196
:109DA0005C0287ABD30012620182600209D04E03CD
:109DB000BFDE02F012630182600609D04E00025E2F
:109DC00002F0121103BFDE02F01267018360062B5E
:109DD000915C00025E02F012110204DEAF00127408
:109DE0000282DEBB0012740068AAF700926C0106C2
:109DF000AB170017BB0068DEEF001270028480C74B
:109E00000012740068AAF700326F006CC4655672C5
:109E1000730068AAF700927400682B0300127400A4
:109E2000E845895AF7A1006D5E856052740186E0AD
:109E300005610B0802835EBB00127A0206ABD300F9
:109E4000127800E845C95AF7A103BFDE02F0127983
:109E500000E845895AF7A1006E5E8554B297020565
:109E6000DEB700129300E02B97002AE501BC6003E7
:109E7000000AE700682C4700127F00E82C47002BFF
:109E80001101866002F5B7AD0204DEFF0012890001
:109E9000B02B9B0017A200B02A9B0017A10283AC35
:109EA0002700128600682C87001287006D5E85648B
:109EB000328700B02C7F0017A2006D2B96F45289D8
:109EC0000184E002F7F7BF0206DEFF00129300E014
:109ED0002BC7020AF100B04467000AFC01182BC727
:109EE0000017A1011A2BC70017A2006E5E8700128F
:109EF00091006DDE895E529103BFDE02F012930184
:109F0000BC6003000AF10186E002F7F7BF02025EBF
:109F1000FF00144D0068AAEB00144D00B02AC700E2
:109F20000ABA03BFDE02F0144D0182E002F7F7BF68
:109F300002862C2300129F0068B05B00129B006811
:109F4000305F00129F00E9446582D7A600E8C4692B
:109F500082F7BB00E10EE2F4C3B800E08EE6F763DF
:109F6000B902025EFF0012A7020600C70012A40297
:109F7000802BD30012A400B02B2B0017BB006E2B3C
:109F800002F7744D02025EFF0012A700B0446700A2
:109F90000ABA03BFDE02F0144D0205DEB70012B5A7
:109FA00000682AF70872AA00E8446555CAB6006836
:109FB0002C470012AC00E82C47002B1100E02B9F2F
:109FC000002AE700B02BA30017A100B02A9B0017BE
:109FD000A20283AC270012B200682C870012B300E3
:109FE0006D5E896432B300B02C830017A1006D2B25
:109FF0009EF432B501BC6003000AE50068AAF700D0
:10A00000B2B800B04467000AEF00B0446B000AF336
:10A010000068AAF70132BC00B04467000B0B0206CF
:10A020002BD30012BC00B02C7B010B1E03BFDE0241
:10A03000F0144D020701AB0012BF0180600609D089
:10A040004E0204DEB70012C80283C5730012C201BB
:10A05000876006F577AB0282DEB300144D0203C5BC
:10A060007300141C00E844655637A1006D5E8555E9
:10A07000B44D01836006F5D7AE03BFDE02F0144D88
:10A0800000E10ED30023B400E08ED70003B50286B2
:10A090002C230012CD00B04467000C1600B0446BB6
:10A0A000000C170206AC230012D001846002F5B741
:10A0B000AD0186E001610B080206ABD30012D701A7
:10A0C000BC6003000AD7006D45C71F52D400B045DD
:10A0D000C7000AD700E044655AF7BB00E85EEE2EE1
:10A0E0002AB103BFDE02F012DC01BC6003000AD714
:10A0F000006D45871F52DA00B04587000AD700E09F
:10A1000044655AF7BB00E85EEE2C2AB10183600279
:10A11000F5D7AE0184E006F5B7AD0185E002F5B7ED
:10A12000AD01826002F7F7BF01856002F5B7AD01AE
:10A13000BC6003000B0500E844655637A1006D5E66
:10A14000855DD2E2006D5E8555B2E600E02B6300CE
:10A150002AD800B02A930017B30206ABD30012F539
:10A1600001BC600301917800B045E300180000B025
:10A1700045E7000AC401BC600301B17800B045E3C3
:10A1800000180000B045E7000AC501BC600301D11A
:10A190007800B045E300180000B045E7000AC601AA
:10A1A000BC600301F17800B045E300180000B04541
:10A1B000E7000AC703BFDE02F0130101BC60030021
:10A1C000117800B045E300180000B045E7000AC46C
:10A1D00001BC600300317800B045E300180000B016
:10A1E00045E7000AC501BC600300517800B045E3B3
:10A1F00000180000B045E7000AC601BC600300710A
:10A200007800B045E300180000B045E7000AC70138
:10A2100082E001610B080207AB1B0013040182E01E
:10A2200005610B0800B02B170017BB01285EEF007B
:10A230000ABD01BC60131C57BB02182B1B00130B7B
:10A2400001182B1B0017A60080DE9AF777BB00B021
:10A2500041B70017B301342B1B0017A201182B1BA9
:10A260000017A300682AF70033180068AAF70093C4
:10A270001100685E8F00731A03BFDE02F01318002E
:10A28000682AF70133170068AAF70053150068DE43
:10A290008B00731903BFDE02F013170068AAF700E2
:10A2A000731A0068DE8B00D31900685E8F00331AC2
:10A2B00000685E8F00131A018760055E8AF402034E
:10A2C0002BD300132200682AF702D31D0068AAF7D7
:10A2D00002B32201BC60131C57BB0234AB1700133E
:10A2E000220134AB170017A60080DE9AF777BB0077
:10A2F000B041B70017B302022C2700132401866077
:10A300000560AB05006E2AF701F328008860055749
:10A31000B7BB0020DEED5C532B03BFDE02F0132E33
:10A3200000E82AF70217BB00886006F777BB002019
:10A330005EED5C732E01856006F5B7AD020480C347
:10A3400000132E0184E00560AB05006E2AF701F3CF
:10A35000350088600557B7BB00205EEF01933301DD
:10A3600086600160AB050068AC470013390020DE51
:10A37000ED5A933803BFDE02F0133900E82AF702E2
:10A3800017BB00886006F777BB00205EED5AB33933
:10A390000184600560AB050068AAF702F342010D75
:10A3A000AB170017A1010EAB170017A200685E875C
:10A3B00000134200E05E86F457A100E05E87080AC1
:10A3C000BD0186600160AB0500682C4700134201A7
:10A3D00084600160AB0502032BD300134E01836040
:10A3E000015AAAD500682AF702D3490068AAF702E1
:10A3F000B35E0068AAE700134C0068AB2300134C5F
:10A400000282DEBB00134C02072B1B00134C01849D
:10A41000600560AB0503BFDE02F0135E0283C57307
:10A4200000135E00025E02F015BE0068AAF702B3D8
:10A430005E018360055AAAD500E02C8F002B230112
:10A44000856002F5B7AD0068AAE700135E0068AB4F
:10A450002300135E0282DEBB00135E00B02AC3003D
:10A4600017A201342B1B0017A1006EDE87061359BB
:10A4700000B02ABF0017A2006E5E8964735E01BC43
:10A480006003000B2301BC6003000ADA018560064B
:10A49000F5B7AD0184E005610B080068AAF700B3C9
:10A4A0006802075EFF00136801342B1B0017A3002E
:10A4B0006DDE8D60336800685E8F0013680283ABC9
:10A4C000170013660183600560AB0503BFDE02F071
:10A4D000136800B02BDB000AF000B0446B000AF7F1
:10A4E0000068AAF70133770202AC2700136B0186DC
:10A4F000E00560AB050281ABD300137701BC6003BC
:10A50000000ADA00682C2F00137700E844656177B1
:10A51000A1006D5E8561937400B02C330017A2001A
:10A52000E05E8961B7A2006DDE86F453760200AC6E
:10A53000230013770185600560AB0503BFDE02F0E1
:10A5400013770180E001610B080068AAF701137A14
:10A5500000B02AC7000AD10187E006F7F7BF02075B
:10A56000DEFF00137C0181E00560AB0500682AF77F
:10A5700000338100682AF701F38102852BD3001391
:10A580008000682AF70313810068AAF700939201FC
:10A59000826006F7F7BF00B02AC7000AB90068AAB0
:10A5A000F703138800682B2300138800B000130002
:10A5B0000ABD00B02B7F000AC003BFDE02F013917A
:10A5C0000068AAF7009392011C2B17000AC001062D
:10A5D000AB170017BB00685EEF00138F01BC600370
:10A5E000006AC300B02C7B004B1E03BFDE02F013D9
:10A5F0009100A82C7B004B1E01BC6003008AC300A5
:10A60000B02AC7000AC80202DEBB00139F0284DE24
:10A61000FF0013950206DEFF00139F00B02AD7004B
:10A6200017A2006DDE8955139E00B02B9B0017A268
:10A6300000B02A9B0017A10283AC2700139C00687E
:10A640002C8700139D006D5E8564339D00B02C7FC8
:10A650000017A2006DAB96F4539F0182E00560AB3A
:10A66000050286ABD30013AD0088600557B7A10083
:10A6700020DE856393A500E82AF70217A100886011
:10A6800006F437A100205E8563B3AB00682C6F0031
:10A6900013AB01342B1B0017A2006E5E8B0293AA32
:10A6A00000B02C7B002B1E03BFDE02F013AB00A812
:10A6B0002C7B002B1E0068AAF702F3AD00B04467A4
:10A6C000000B1B00E05ECD54B7B301826002F5D7EA
:10A6D000AE00B02C2B0017A100B02AD70017A200A3
:10A6E0006D5E895513B402865EB70013C503BFDEE5
:10A6F00002F013B6006D5E855FF3CA02812C230061
:10A7000013C501BC601F07706501BC601F11506458
:10A7100001BC601F11D7A400685A030013C1008850
:10A72000580300F7A30134D8030017A200E95E8E96
:10A730002337A301C3E0022357A500E8DE8AF4B75C
:10A74000A20068DE8B0013C1006EDE8EF673C500BA
:10A75000E0419300306400E04197019065006D4155
:10A7600092F493B903BFDE02F013CA00682AF7001F
:10A7700093CA00682AF70053CA00682AF70073CA10
:10A7800001826006F5D7AE00025E02F015BE01BC84
:10A7900060131C57BB01342B1B0017A20080DE8AFC
:10A7A000F777BB00B041B70017A200682AF7005343
:10A7B000D700682AF70253D700682AF70273D70038
:10A7C000682AF70073D700682AF70853D700682A69
:10A7D000F70873D700682AF70893D700682AF703A9
:10A7E000D3D703BFDE02F013E60185E006F5B7AD6F
:10A7F00000685E8B0013E100B05E8B000AA6018248
:10A80000E006F5D7AE00682C8B0013DE006E5E8983
:10A810006453DE0181600563CB1E00E02BAB002A90
:10A82000EA006E5E896013E10182600560AB05009D
:10A83000E844655637A100B044670017A300682AB2
:10A84000F70893E500E85E8EF42AAE01846002F713
:10A85000F7BF0282DEB300144D0203C57300141C5F
:10A8600000B02AAB0017A200B02AB30017A30068FB
:10A87000AAF70093F602802BD30013F600B02B0347
:10A880000017A1006D5E855873F20180E00560AB92
:10A890000500682B4F0013F201BC6003000ABC00E6
:10A8A000025E02F0159B00685E870013F600682BBD
:10A8B000E70013F600B02BE70017A200B02BEB0067
:10A8C00017A300685E8F0013FF00682AEB0013FFD8
:10A8D00000E844655757A100E05E8EF457A2006D72
:10A8E0005E86F453FF0181600560AB0500682B4F65
:10A8F0000013FF01BC6003000ABC00025E02F015F9
:10A900009B0281AB2F00140402005EFF00140402BE
:10A9100004452300140403A0DE02F014040183E0C4
:10A920000560AB050281AC2700141C02862C1700C1
:10A93000144D0286AC1700144D028080BF00144DE8
:10A9400002825EBB00144D02822BD300141C0281D4
:10A95000AC1700141C0280AC1700141C02812C17C9
:10A9600000141C02822C1700141C028881AB0014F6
:10A970001C0282AC1700141502832B1700141C0252
:10A98000832C1700141502852C1700141502842C33
:10A990001700141C0284AC1700141C0283AC1700AF
:10A9A000141C02845EB700141B0204DEAF00141BEB
:10A9B0000281DEBB00141B0184E002F577AB0002CC
:10A9C0005E02F0159F03BFDE02F0144D00E84465FF
:10A9D0005637A1006DDE8554B4280206ABD30014AF
:10A9E000210183E0022B915C03BFDE02F0144D01D4
:10A9F00083E0022B915C01BC600318517800B045E4
:10AA0000E3001800018360022F317900A84138F972
:10AA1000D7A100B05E84FE704E03BFDE02F0144D7D
:10AA2000028101AB00142C020081AB0014370284B8
:10AA30002C170014370280AC170014370206ABD372
:10AA4000001435006BAC4223343000E04467014B06
:10AA500010018B60022B915C0287ABD30014330191
:10AA600082600609D04E03BFDE02F014340182601A
:10AA70000209D04E03BFDE02F01436018360022BC0
:10AA8000915C03BFDE02F0144D0206ABD30014400C
:10AA9000006BAC4223343B00E04467014B10018B58
:10AAA00060022B915C0287ABD300143E01826006EA
:10AAB00009D04E03BFDE02F0143F0182600209D0CC
:10AAC0004E03BFDE02F01446018B60022B915C0145
:10AAD000BC600318517800B045E3001800018360A2
:10AAE000022F317900A84138F9D7A100B05E84FE69
:10AAF000704E00025E02F0121D02845EB700144D1B
:10AB000002832BD300144A00682AF702B44D018453
:10AB1000E006F577AB00E02B27002AC903BFDE0271
:10AB2000F015870002DE02F000000185E002F5B7B3
:10AB3000AD01836002F5D7AE0182E002F5D7AE0128
:10AB400082E002F7F7BF0184E002F7F7BF01BC60C3
:10AB500003000AD301BC6003000AC801BC60030003
:10AB60000AC001BC6003000AEA018760015F6AFB5A
:10AB700001BC6003000C1601BC6003000C170181CE
:10AB8000600163CB1E0002DE02F00000020200BF83
:10AB90000014B20283DEFF0014DA0183E006F7F747
:10ABA000BF018560060B705B018560060BF05F02DC
:10ABB00006ABD300146601BC600302116D00B02A1D
:10ABC0009700116E028045AB00147A03BFDE02F0DD
:10ABD000146901BC600302115D00B02A9700115E88
:10ABE0000280456B00147A0206ABD3001473006B2D
:10ABF000AC4223346D00E04467014B10018B6002CE
:10AC00002B915C0287ABD30014700182600609D0DF
:10AC10004E03BFDE02F014710182600209D04E01C2
:10AC200088600E2D516A03BFDE02F0147A018B603A
:10AC3000022B915C01BC600318517800B045E30021
:10AC40001800018360022F317900A84138F9D7A19B
:10AC500000B05E84FE704E0188600E2B515A00B029
:10AC6000413F1FF04F00682ABB001480018460063A
:10AC7000F7F7BF01BC602F1717A300E04466F46A22
:10AC8000B401BC6003000AAE00025E02F0144E0084
:10AC9000E844695FD7A1006EDE8700348A00B02BDC
:10ACA000D7000AF001BC6003000AEF00682AEB003D
:10ACB000148A00B04467000AB900E84465554ABAEE
:10ACC00000B02AB30017A100E82AEAF42ABA0280E9
:10ACD00080BF0014970281DEBB0014A80206ABD32C
:10ACE00000148F0204C5AF00149703BFDE02F014F6
:10ACF000900200456F0014970283C57300149702F9
:10AD000006ABD300149501BC63FF1FF7A10068C513
:10AD1000C6F434A803BFDE02F0149701BC63FF1F22
:10AD2000F7A10068C586F434A80206ABD300149ED0
:10AD3000018B600E2B915C0287ABD300149C0182C7
:10AD4000600209D04E03BFDE02F0149D018260064E
:10AD500009D04E03BFDE02F014A4018B600E2B91CC
:10AD60005C01BC600318517800B045E30018000195
:10AD70008B2B2E2F317900A84138F9D7A100B05E76
:10AD800084F9B04E0184E002F5B7AD0184E002F52C
:10AD900077AB0185E001610B0803BFDE02F015927D
:10ADA0000206ABD30014AB00025E02F0121D03BF1B
:10ADB000DE02F014AD018360022B915C00025E02A2
:10ADC000F0121D0184E006F5B7AD0184E006F577C9
:10ADD000AB0206ABD30014B101846005610B08031C
:10ADE000BFDE02F01592018D60020BF05F0206AB30
:10ADF000D30014B60188600E2D516A03BFDE02F045
:10AE000014B70188600E2B515A028181AB0014C81F
:10AE10000206ABD30014C1006BAC422334BC00E08B
:10AE20004467014B10018B60062B915C0287ABD30A
:10AE30000014BF0182600209D04E03BFDE02F0148D
:10AE4000C00182600609D04E03BFDE02F014D701B4
:10AE50008B60062B915C01BC600318517800B045F3
:10AE6000E3001800018360022F317900A84138F90E
:10AE7000D7A100B05E84FE704E03BFDE02F014D78F
:10AE80000206ABD30014D1006BAC422334CC00E0FB
:10AE90004467014B10018B60022B915C0287ABD39E
:10AEA0000014CF0182600609D04E03BFDE02F01409
:10AEB000D00182600209D04E03BFDE02F014D70138
:10AEC0008B60022B915C01BC600318517800B04587
:10AED000E3001800018360022F317900A84138F99E
:10AEE000D7A100B05E84FE704E0184E002F5B7ADDC
:10AEF0000184E002F577AB00025E02F0144E00021E
:10AF0000DE02F0000000B0446B000AFE0202DEB375
:10AF10000014E70206ABD30014E5018360062B9111
:10AF20005C0287ABD30014E20182600209D04E03B9
:10AF3000BFDE02F014E30182600609D04E00025E1B
:10AF400002F0121103BFDE02F014E7018360062B4A
:10AF5000915C00025E02F0121101866005610B082F
:10AF6000020200BF00150C0183E002F7F7BF0203E5
:10AF7000C5730014FC020080BF0014FC0206ABD3B2
:10AF80000014F5006BAC422334F000E04467014B41
:10AF900010018B600E2B915C0287ABD30014F30180
:10AFA00082600209D04E03BFDE02F014F401826019
:10AFB0000609D04E03BFDE02F0150B018B600E2B8D
:10AFC000915C01BC600318517800B045E3001800A3
:10AFD000018B2B2E2F317900A84138F9D7A100B071
:10AFE0005E84F9B04E03BFDE02F0150B0206ABD350
:10AFF00000150500E0446700B7BB006CC466F77439
:10B00000FE018B60022B915C0287ABD3001503011C
:10B0100082600609D04E03BFDE02F0150401826093
:10B020000209D04E03BFDE02F0150B018B60022B2C
:10B03000915C01BC600318517800B045E300180032
:10B04000018360022F317900A84138F9D7A100B0FF
:10B050005E84FE704E0182E002F597AC0002DE02D3
:10B06000F0000001BC60030037A20020E3FE0915D8
:10B07000680020E0420D956802845EB30015680206
:10B080008042030015680284452300156803915E21
:10B0900002F015680068AB4F0015680282DEFF0001
:10B0A000156800682ABB00151900E8446555D7B932
:10B0B00000E82A9AF737B902805EFF00159B02016B
:10B0C00080C700159200B02AD70017A1006DDE8559
:10B0D0005515920282DEB30015680203C573001590
:10B0E00049020480C700154900685E8B00152E02D6
:10B0F00084AC2300152E0203C5730015490202AB70
:10B10000D300152502855EBB0015260282DEBB003A
:10B11000154900B02B830017A1006EAB6AF4352EE1
:10B120000203C57300154900682A9B00152D0068AD
:10B130002ABB00152E006ADEE554F549006ADEE5FB
:10B140005A554900682AE700154902941DF3001575
:10B15000310203DE5300153603BFDE02F015340161
:10B16000141DF30017A600901CBAF4D7A602005EC7
:10B170009B00153600B02B87000AA703BFDE02F044
:10B18000159201BC600302579201BC63FF1FF0C31C
:10B1900001BC60030910E301865E8A1C70E3018430
:10B1A00060061C70E300682AEF00153D0185E0068B
:10B1B0001C70E301BC600303978200025E02F0157D
:10B1C0007200B054130010E400E043915B30E401DE
:10B1D000BC60030010EE01BC63FF1FF0CE00E02A4C
:10B1E000EF002ABB01BC61030077A601141DF30028
:10B1F00017A200B05E8B000C1801BC610303EC19B0
:10B2000003BFDE02F0156202845EB700156801BC60
:10B2100060230890E600025E02F0016A00B05ECF93
:10B220000010E40068AAF70035520205AC230015AF
:10B230005200E82ACE2337A3006DDE8E1C95520003
:10B24000B05E8F0010E400682A9B00155A00B02AF7
:10B25000DB0010E40206ABD30015570284C5AF0033
:10B26000155A03BFDE02F015580280456F00155ACB
:10B2700000695EE700155A00E05EE556D0E4028200
:10B28000DEBB00155E00682AF700155E00E10EDAED
:10B290001C83B600E08EDF0003B701BC600301D75A
:10B2A0008200025E02F0157201BC61030077A60302
:10B2B000BFDE02F0156200B0004700108600025E9B
:10B2C00002F015F800025E02F010700190600A09A9
:10B2D000104801846006F597AC00B05E9B001080BA
:10B2E0000002DE02F0000002805EFF00156D0281A8
:10B2F000DEBB00156D020180C7001592020480C7F5
:10B3000000159201806002F7F7BF0280C28F00151E
:10B31000930201DEBB00159301BC60030017A2037A
:10B32000BFDE02F0150E00685E4B0635790285DE41
:10B33000FF00158000B02B370017A1006DAAEEF4B6
:10B34000358001BC600301378000B02B3B0017A1A2
:10B35000006D2AEEF4357B02812BD300157B01BCF6
:10B36000600301778001BC600300378100025E0248
:10B37000F0014301D2DE0AA030E000B0540B00100F
:10B38000E103BFDE02F015860280ABD30015790120
:10B39000BC600301578001BC600300178100025E9E
:10B3A00002F0014300B054070010E000885E0B007B
:10B3B00070E10002DE02F0000000682AF30015923E
:10B3C0000204DEAF00159200E844655797A4006EB2
:10B3D0005E9154F59200885E930037A4006D5E91F3
:10B3E00054F59200025E02F015E303BFDE02F01591
:10B3F0009F00E844655797A400885E930037A40037
:10B40000025E02F015E303BFDE02F0159F0284DE48
:10B41000AF0015960181E002F5D7AE03BFDE02F062
:10B42000159F00682B6700159B00E044655B2AD3DD
:10B4300000682B6B00159A00E044655A4AD300025D
:10B44000DE02F0000001806006F7F7BF00682AF313
:10B4500000159F00E844655797A400025E02F015AE
:10B46000E301846002F597AC01BC6003000ABC01F3
:10B47000BC6003000AD301BC6003000ABB0104DE08
:10B48000AF0017A101845E86F5B7AD0284DEAF0080
:10B4900015A8018060060D906C0002DE02F000002D
:10B4A0000285AC230015BD0203C5730015BD00B0B5
:10B4B0002A8F0017A30202AC230015AD00B02AAFFB
:10B4C0000017A30202DEBB0015AF00B02A8B0017E5
:10B4D000A300E04466F46AB30185E005610B08004F
:10B4E000B04467000B030206ABD30015B7006BAC8A
:10B4F000422335B600E04467014B100183E0022B84
:10B50000915C03BFDE02F015BD0183E0022B915C6C
:10B5100001BC600318517800B045E30018000183B6
:10B5200060022F317900A84138F9D7A100B05E84BC
:10B53000FE704E0002DE02F000000202DEB30015D3
:10B54000C90206ABD30015C7018B600E2B915C02BC
:10B5500087ABD30015C40182600209D04E03BFDE61
:10B5600002F015C50182600609D04E00025E02F0AD
:10B57000121103BFDE02F015DB018360062B915C24
:10B5800000025E02F012110203C5730015CE0284A0
:10B59000DEAF0015CE0281DEBB0015CE02805EFF5D
:10B5A0000015CE02045EB70015E20206ABD300150B
:10B5B000D5018B600E2B915C0287ABD30015D301B4
:10B5C00082600209D04E03BFDE02F015D401826012
:10B5D0000609D04E03BFDE02F015DB018B600E2B97
:10B5E000915C01BC600318517800B045E30018007D
:10B5F000018B2B2E2F317900A84138F9D7A100B04B
:10B600005E84F9B04E0183E001610B08018460069D
:10B61000F5B7AD0184E002F577AB01BC6003000A29
:10B62000BB01846002F597AC0185E001610B080164
:10B6300086E001610B080002DE02F0000000682BCA
:10B640005B0015E500B02B5B0017A4006D5E915503
:10B6500055E700B02AAB0017A400882B070037A5D8
:10B6600000E82B0AF4AAC200885E930037A400E029
:10B670002B0AF48AC200902B0B00AAC100B02B0742
:10B68000000AA70002DE02F0000003A0DE02F015AF
:10B69000F1020042030015F100025E02F00D2F01DD
:10B6A00083E005610B0801846002F5B7AD0184E019
:10B6B00006F577AB01BC6003000ABB01846002F5AC
:10B6C00097AC00B04467000ABC0002DE02F0000044
:10B6D000010C81430017A101BC600300508A00687F
:10B6E0005E070016020068DE8700360201BC6003B8
:10B6F00000B08A00685E070036020282DE03001690
:10B700000201BC600300908A0283DE03001602007F
:10B71000E0600AF4D08A00685E0700160A019042D1
:10B720002AA1308A00685E0700360A0190422AA0EA
:10B73000108A0109DE030017A2018F5E8A11508A68
:10B7400000685E8B00160A0191E00E11508A00021B
:10B75000DE02F000000109DE030017A400E05A0633
:10B76000F497A500905E96F497A50203DE030016F9
:10B77000120282DE0300161201BC61EF0857A60018
:10B7800080DE96F4D7A50116DE870017A300885E39
:10B79000870077A100E15E8702D7A100E0DE8F007D
:10B7A00017A301BC60030017A2020E5E0300161966
:10B7B00001BC60030037A200905E96F457A500809C
:10B7C000DE96F437A100E141B7FFF7A600E1DE877E
:10B7D00001F7A10080DE96F477A300E1DE860DB7C5
:10B7E000A100E0DE8F0017A3017A5E86F477A10046
:10B7F000885E86F457A100B05E870017A20287DE3C
:10B800000300162600885E870057A103BFDE02F002
:10B81000163302875E0300162D01BC639B0CD7A56F
:10B820000080DE86F4B7A100E141B7FFF7A500E094
:10B83000DE870017A100885E870057A103BFDE02E4
:10B84000F0163300885E870057A101BC639B0CF79C
:10B85000A50080DE86F4B7A101BC62030017A50035
:10B86000E141B6F4B7A500E0DE870017A100E05E75
:10B870008400D7A10002DE02F0000002001FF700E2
:10B8800000120282DE5300163B01886002049024FD
:10B8900000E02092F3082400E8208EF3082303BF81
:10B8A000DE02F00B3701B8601604902401BC60037F
:10B8B00001D02503055E02F0164C0287C037000C4C
:10B8C0009E0386DE02F00CA100025E02F012360337
:10B8D0005CDE02F0163D00D8409B0117A100E05E3F
:10B8E0008702379800A85E630077980102DE530054
:10B8F00017A10182E002F297940188DE84FFA7FD80
:10B90000006EA08EF3164C00E85E6301D02501B8EE
:10B91000600604902403BFDE02F00002018160048F
:10B92000FFA7FD01B8600A04902403BFDE02F00007
:10B930000202285E8700166200B041930017A4003F
:10B94000E04193007064010A5E870017A200E8419D
:10B9500092F4506301185E870017A100E86042F47A
:10B9600037A200885602F436000068418EF4965ED5
:10B9700000E8418F00306300E841930030640068C4
:10B980005E8B02165600905602F457A300B058067C
:10B99000F4760103BFDE02F0165600684192F49679
:10B9A0006200E8419300306401BC600300160003AC
:10B9B000BFDE02F0165E00B05E870017A10002DE57
:10B9C00002F000000180600286143000B050CB000D
:10B9D0001065013850830017A10068DE3B06366A07
:10B9E00000E05A3300368C006EDA32F4201200B0D8
:10B9F0005A0B0017A201BC63FF1FF7A300B050CF82
:10BA0000001064006EDA32F4366F00B05A37001757
:10BA1000A300B0581300178201BC60030016040194
:10BA2000BC601B1FD7B60102D0C70017A100E041C0
:10BA300096F4306500E050CB00D06401BC60030098
:10BA400017B401BC600300178001BC60030037819C
:10BA5000018760040310A0009052330097A400E017
:10BA6000418701B7B500685ED2F0569600E05EDA15
:10BA7000F690630020D802F0368A020250C7001602
:10BA800090009056030097A100E85E86F497A1010C
:10BA90009E6002F437A1006DDE87081690010A5EF1
:10BAA000870017A201DA6002F437A100E05ED6F445
:10BAB000506300886006F437A100205602F43690E7
:10BAC00000B05802F0360000E05A2B00368A006AB7
:10BAD000DED2F4768C0068DED2F0169100E05E03D0
:10BAE00000378000685E030036910186E004031091
:10BAF000A003BFDE02F01691006ADED2F4768C005D
:10BB0000E05ED30037B400D05E0700378102985E54
:10BB1000D300167B00E0419300306403BFDE02F0E7
:10BB2000167B00685E0300001203BFDE02F006CC45
:10BB30000282D0C70016A000B02A370017A101B8B2
:10BB40002A32F4368401025013001685013C5083DA
:10BB50000017A100B050A70017A4006D5A32F436A8
:10BB6000A90182E0068634310288502B0016A50018
:10BB7000B05A330017A1019E5E8684F427018360CA
:10BB8000068634310002DE02F0000000B05073007F
:10BB900017A101B8506EF436840106D0070016854F
:10BBA00000B050AB0017A400D06006C0978000E042
:10BBB000419700D7B5010A58130017A100E05ED6DF
:10BBC000F437B500B0580F00106301165603001784
:10BBD000810068D8130016BE011400630017A1008D
:10BBE00068DE870016B40088013B01168003BFDEC3
:10BBF00002F016B90068DE870076B700A0013BE0CE
:10BC0000168003BFDE02F016B900E05E870970629D
:10BC10000088540301168000E85A0330168001BCE6
:10BC2000600300168101BC600300168201BC600342
:10BC300000168303BFDE02F016C300E0418EC09001
:10BC400063006EC18EC036C300E8418EC030630011
:10BC5000E858030037A100E0418EF430630138500A
:10BC6000A30017A50068581303F6DE0068418EC0D4
:10BC700056DE006DDA0AF4B6DE011656030017A18F
:10BC80000068DE86F036DE015856030017A100E09A
:10BC90005E870DD7A200B05ED70010620020DE02E2
:10BCA000A016D500E05E86D037A300E05E8ED07788
:10BCB000A3006D5A02F456DE006E5E8EF496DE002E
:10BCC000E86002F4368300B05E8F00168100A05A4F
:10BCD0000F00768300E05A0B00368200E85A02F427
:10BCE000568000D05E0300378000E0581300360411
:10BCF00000E0418F003063029858130016DB00E02B
:10BD00005ED70037B5006EC18EC036C400B0580390
:10BD100000106303BFDE02F016C400B05813001712
:10BD2000A10068DA370016E100B05E8700168D00CA
:10BD30006DDE86D1B6E300B05E8700168D0002DEB0
:10BD400002F0000001BC60030017A101876004033A
:10BD500010A001BC60030990B500B0006300F0B40E
:10BD600001BC60570310B601BC60030090B500B081
:10BD7000006300B0B400B042D30018000317DE0225
:10BD8000F016EC0397DE02F016ED00B02A33001433
:10BD90002F018EE00C0310A0006DDE02D1B6F3007F
:10BDA000E85A36F0168D03BFDE02F016F501BC60CE
:10BDB0000300168C01BC600300168D006E5A3AF029
:10BDC00016F801BC600300168E03BFDE02F016F900
:10BDD00000E85A3AF0168E00B058070017A100E0AC
:10BDE000580EF01603006ED80EF436FF00E85E869B
:10BDF000C017A100E8580EF4360300E8580F0036CB
:10BE00000301185E030017A1006DDE03021707008F
:10BE1000E86042F437A200905A1AF4368600885A35
:10BE20001EF457A200905A1EF4368700B05A1AF436
:10BE3000568603BFDE02F0170900905A1EF43686BC
:10BE400001BC60030016870002DE02F0000001580A
:10BE5000600300102A01B8600A04902401BC60034A
:10BE60000290040189E0020D906C0002DE02F000F5
:10BE7000000200DE5300171901BC60170777A1000C
:10BE8000025E02F0012700B040670017A200B05E1A
:10BE90008B0057A200025E02F0012B01BC6003037D
:10BEA000378001BC600300178100025E02F011328E
:10BEB0000002DE02F0000001BC60030337800002D4
:10BEC0005E02F0112D0183E006F037810181E0066A
:10BED000F0378100025E02F0113200B05E070017F9
:10BEE000A200E044670B57A1006B4466F4372001C1
:10BEF000BC600311378000025E02F0112D018060EA
:10BF000006F0378100025E02F0113201BC600300CE
:10BF1000978000025E02F0112D01806006F03781EB
:10BF200000025E02F0113200E044670157A1006B8D
:10BF30004466F4372A01BC600303378001A0607EA9
:10BF4000F4578100025E02F0113200E04467079767
:10BF5000A1006B4466F4372F01BC600311578000C9
:10BF6000025E02F0112D01846006F0378100025E4E
:10BF700002F0113200B05E070017A201BC60030A94
:10BF8000378000025E02F0112D01806002F03781DF
:10BF900000025E02F0113200E044670037A1006B3E
:10BFA0004466F4373A01806006F0378100025E0291
:10BFB000F0113201BC600308578000025E02F011EC
:10BFC0002D018A6002F0378100025E02F01132001A
:10BFD000E044670037A1006B4466F43742018A6091
:10BFE0000EF0378100025E02F0113200E044670675
:10BFF00057A1006B4466F4374601BC60030CB78060
:10C0000000025E02F0112D0280DE0700173001BC35
:10C01000600311578001846002F4578100025E02C0
:10C02000F0113201BC60030037A30206ABD3001746
:10C03000510284C5AF00175903BFDE02F017520248
:10C0400080456F00175901BC60030017A3018B6086
:10C050000E2B915C01BC600318517800B045E300E1
:10C060001800018B2B2E2F317900A84138F9D7A168
:10C0700000B05E84F9B04E01BC60170777A10002E2
:10C080005E02F0012700B040670017A200A85E8B97
:10C090000057A200025E02F0012B00E04467015746
:10C0A000A1006B4466F4375F01BC600301B7A101D6
:10C0B000BC60030477A200025E02F0012B01BC60A9
:10C0C000130AF7A101BC60030017A200025E02F090
:10C0D000012B01BC60030117A400E85E930037A4A4
:10C0E00001BC600301D7A100B05E930017A200025B
:10C0F0005E02F0012B01BC60130AD7A101BC6003F2
:10C100000017A200025E02F0012B0068DE93001708
:10C110006700685E8F0017710002DE02F000000108
:10C12000BC60270CB7A101BC60030197A200025EAE
:10C1300002F0012B01BC60270EB7A101BC60030116
:10C1400037A200025E02F0012B01BC60030657A477
:10C1500001BC60030077A301BC60130957A1000272
:10C160005E02F00127018060060337A200025E0232
:10C17000F0012B01806002F457A200025E02F00180
:10C180002B00E04466F497A1006B4466F43780000E
:10C19000E85E8F0037A300685E8F00178701BC60E0
:10C1A000030317A401BC60270F17A100025E02F071
:10C1B00001270068C0671FF77901BC60270EB7A18F
:10C1C00001BC600301F7A200025E02F0012B000235
:10C1D000DE02F000000002DE02F000000200DE538A
:10C1E00000179D01BC60130E77A100025E02F001F2
:10C1F0002700A040673FEC4401BC60131497A100E6
:10C20000025E02F001270196E0020337A200025EFF
:10C2100002F0012B01BC601309B7A100025E02F01D
:10C220000127018760020337A200025E02F0012BA2
:10C2300001BC60130997A100025E02F0012701878B
:10C2400060060337A200025E02F0012B0002DE024C
:10C25000F0000001BC60730017A301BC60131497C9
:10C26000A100025E02F0012700A04066F477A4015D
:10C2700096E01EF497A300B05E8D8897A200025E40
:10C2800002F0012B01BC601309B7A100025E02F0AD
:10C290000127018760060337A200025E02F0012B2E
:10C2A00001BC60130997A100025E02F0012701871B
:10C2B00060060337A200025E02F0012B0002DE02DC
:10C2C000F000000068DE930017B100E05E03005745
:10C2D000A201095E8B0017A103BFDE02F017B900AF
:10C2E00068DE930037B501105E030017A200E05E20
:10C2F0008B0097A103BFDE02F017B901305E030087
:10C3000017A200E05E8B0197A1006D5E870597B9CB
:10C3100001BC60030597A10002DE02F00000006886
:10C320002BCB0017BF00B02BF30017A100E05E85F8
:10C330005FB7A1006BDE862337BF0186E006F7F703
:10C34000BF0002DE02F0000000681F330017CD02BC
:10C350000200BF0017C3020345730017CD0285C555
:10C36000230017CD00681F330037CB00B01FC70074
:10C3700017A100025E02F0012700A84064F9D7A2CD
:10C3800000B05E88F9B7A200025E02F0012B03BF85
:10C39000DE02F017CD00A84138F9D7A100B05E84C5
:10C3A000F9B04E0002DE02F00000020200BF0017EA
:10C3B000C3020345730017CD0158600300102A0122
:10C3C00089E0020D906C01BC600300900400B04055
:10C3D000130017A10002DE02F00000018260060FC8
:10C3E00010780207C1E30017D601BC60030C17A345
:10C3F00001BC600300907601BC600300107700026E
:10C400005E02F0013401BC60030C97A300025E02DF
:10C41000F0012F008860118757A101BC5E860EF0E5
:10C420007700025E02F0013401BC60030C17A30127
:10C43000BC600300B07601BC600300107700025EB0
:10C4400002F0013401BC60030C97A300025E02F00D
:10C45000012F008860058757A101BC5E860ED0764B
:10C4600000025E02F0013401BC60030017A3000269
:10C470005E02F0012F018560060ED07600025E029A
:10C48000F0013401BC60030C17A301BC6003003051
:10C490007601BC600300107700025E02F0013401F7
:10C4A000BC60030C97A300025E02F0012F01AC6098
:10C4B000A20EF07700025E02F0013401BC600300BE
:10C4C00017A300025E02F0012F018560060ED076F0
:10C4D00000025E02F0013401BC60030C17A301BC32
:10C4E000600300307601BC600300107700025E023A
:10C4F000F0013401BC60030C97A300025E02F0015E
:10C500002F01AC60020EF07700025E02F0013401F0
:10C51000BC60030017A300025E02F0012F018560DA
:10C52000060ED07600025E02F00134018260020F36
:10C5300010780002DE02F0000001BC60130817A1B1
:10C5400000025E02F00127018060020337A20002B0
:10C550005E02F0012B01BC60030037A100025E0205
:10C56000F001270188600E0337A20068B0EB0018C5
:10C57000100188600A0337A200025E02F0012B015D
:10C58000BC601B0657A100025E02F0012701883043
:10C59000EA0337A200025E02F0012B00025E02F005
:10C5A00017D501BC60130817A100025E02F0012735
:10C5B000018060060337A200025E02F0012B000238
:10C5C000DE02F0000001BC60430890E600025E025B
:10C5D000F0016A01BC604F1110E40190600A09107B
:10C5E0004801BC600300000601BC600301D7820162
:10C5F000D2DE0877F0E000B00F030010E100B000D9
:10C600004700108600B00F1F00108A01BC600300B5
:10C61000378100025E02F0107001BC60030010BBA5
:10C6200001BC61030010800182600610308103D0DC
:10C630005E02F003940002DE02F0000000681F8337
:10C64000001882028042030018820285C523001868
:10C650008200681F8F00388200681F8B00385F01DE
:10C66000BC60130817A100025E02F0012701806080
:10C67000020337A200025E02F0012B01BC601B1B0B
:10C6800057A100025E02F0012700B04067000C3E97
:10C690000182E0060337A200025E02F0012B018452
:10C6A0006006F457A200025E02F0012B01BC602775
:10C6B0000F37A100025E02F0012700B04067000CB6
:10C6C0003F018860060337A200025E02F0012B01E1
:10C6D000BC60271597A100025E02F0012700B04060
:10C6E00067000C40019B60160337A201806006F4CE
:10C6F00057A200025E02F0012B01BC60131077A16B
:10C7000001BC600B0017A200025E02F0012B01BC0D
:10C7100060131057A100025E02F0012701B8608289
:10C720000337A200025E02F0012B01BC6013103738
:10C73000A100025E02F001270180E0020337A2009F
:10C74000025E02F0012B01BC60030007E201BC6045
:10C75000030007E30068310F00185700E0446588C4
:10C7600067E103BFDE02F0185800E044670807E104
:10C7700001BC60131037A100025E02F001270180A6
:10C7800060060337A200025E02F0012B01BC6003C9
:10C790000027E200025E02F0012702004067001855
:10C7A00073028042030018730285C52300187301C9
:10C7B000BC60131037A100025E02F00127020040A6
:10C7C00067001866006CC464FC385F00E031070045
:10C7D0002C4100E0310B002C4201BC601310F7A18A
:10C7E00000025E02F0012700B0406700018401BC36
:10C7F000601310D7A100025E02F0012700B040676D
:10C8000000018501BC602B1357A100025E02F001FC
:10C810002700B0406700018601BC60131117A1001A
:10C82000025E02F0012700B0406700018701BC6092
:10C83000271597A100B031030017A200025E02F095
:10C84000012B01BC60270F37A100B030FF0017A2F9
:10C8500000025E02F0012B01BC601B1B57A100B05F
:10C8600030FB0017A200025E02F0012B01BC601336
:10C870000817A100025E02F001270180600603375D
:10C88000A200025E02F0012B01BC60030007E2017E
:10C89000BC60030007E000B05E870017A10002DE65
:10C8A00002F0000001BC6003000C2500B030CB009A
:10C8B000179E00B030CF00179D00B030D300179CFA
:10C8C00000B030D700179B03BFDE02F00A1A000049
:10C8D0000000000000000000000000000000000058
:10C8E0000000000000000000000000000000000048
:10C8F0000000000000207EC00000000000000000DA
:10C900000000000000000000000000000000000027
:10C910000000000000000000000000000000000017
:10C920000000000000000000000000000000000007
:10C930000000000000207EC0000000000000000099
:10C9400000000000000000000000000000000000E7
:10C950000000000000000000000020000000401166
:10C960000100000000008016010080000000801619
:10C970000100800300008016000000400000801AC3
:10C980002100E00300008016000200400000801A31
:10C99000100200400000801A100202400000801ABD
:10C9A0006100E00300008016100200400000801AC1
:10C9B0006101E01300008016300200400000801A80
:10C9C000100200400000801A1C0200400000801A83
:10C9D000000200000000801A1C0A00400000801ABB
:10C9E0001C0A20400000801A1FCA20400000801A44
:10C9F0001FCA20400000801A010000000000801EB5
:10CA0000090000000000801E0000000000008002FD
:10CA10000000000000008002000000000000800212
:10CA2000080000000000801E000000000000801EC2
:10CA3000010000000000801E110000000000801EA8
:10CA40001FCA20C00000801A1FCA20C00000801A20
:10CA50005FCA20C00000801AB06400000000800E91
:10CA60000000280000008012110000000000801E5D
:10CA700000000000C82542850000000000004001C1
:10CA80000000000000004001000000000000400124
:10CA90005FCA2040000040191FCA20400000401912
:10CAA000010000000000401D010000000000401DCA
:10CAB000010000000000401D090000000000401DB2
:10CAC0001FC22040000040190F0000000000401D60
:10CAD0001FC220C0000040191BC220C00000401926
:10CAE000207D00000000400D0000200000004011EB
:10CAF00000000000330442890000000000004001F3
:10CB000000000000000040010000000000004001A3
:10CB10001BC2204000004019090000000000401D19
:10CB20001BC2204000004019010000000000401D11
:10CB3000000000000000401D1FC2204000004019FE
:10CB4000010000000000401D090000000000401D21
:10CB50001FC22040000040190B0100000000401DD2
:10CB60001FC220C0000040191BC220C00000401995
:10CB7000C07700000000400D0000280000004011B8
:10CB800000000000331C428900000000000040014A
:10CB90000000000000004001000000000000400113
:10CBA0001FC220C0000040191FC220C00000401951
:10CBB0006100E0130000401500000000000040018B
:10CBC00000000000000040010000000000004001E3
:10CBD0006101E0130000401513C220C0000040199D
:10CBE00061018013000040150A0100000000401D93
:10CBF00013C220C00000401908040000000000F823
:10CC000000000000000040010000000000004001A2
:10CC10000000000000004001000000000000400192
:10CC2000000000000000400113C220400000401935
:10CC30000B0100000000401D13C220C0000040197D
:10CC40000000000000004001000000000000400162
:10CC5000030100000000401D13C2204000004019E5
:10CC60000000080000004011610180130000401521
:10CC70006101801300004015610180130000401520
:10CC80001FC22040000040191FC220400000401970
:10CC90001FC22040000040190B0100000000401D91
:10CCA0000B0100000000401D1FC220C00000401901
:10CCB0001BC220C000004019C37700000000400DD7
:10CCC000000008000000401100000000131C428812
:10CCD00000000000000040010000000000004001D2
:10CCE00000000000000040011BC22040000040196D
:10CCF000090000000000401D1BCA20400000401930
:10CD00001FCA204000004019090000000000401D1B
:10CD10001FC22040000040190F0000000000401D0D
:10CD20001FC220C0000040191BC220C000004019D3
:10CD3000237D00000000400D0000000000004011B5
:10CD400000000000130442880000000000004001C1
:10CD50000000000000004001000000000000400151
:10CD60001BC2204000004019090000000000401DC7
:10CD70001BCA204000004019010000000000401DB7
:10CD80001FCA204000004019110000000000401D93
:10CD90001FCA2040000040191FCA20C000004019CF
:10CDA0001FCA20C0000040191FCA20C0000040193F
:10CDB0005FCA20C000004019B06400000000400DB0
:10CDC0000000080000004011110000000000401D9C
:10CDD00000000000B825428400000000000040016F
:10CDE00000000000000040010000000000004001C1
:10CDF0005FCA204000004019010000000000401DF3
:10CE00001FCA2040000040191FCA204000004019DE
:10CE1000000000000000401D1C0A20400000001817
:10CE20001C0A204000000018000000000000001054
:10CE3000000000000000001C6101801300000014CD
:10CE40001C0A20400000001861018003000000144B
:10CE5000100A204000000018000A204000000018BE
:10CE6000000A004000000018410180030000001487
:10CE70000008004000000018000010000000001032
:10CE800000080240000000180008034000000018DD
:10CE900000080240000000180008004000000018D0
:10CEA0000000000000000010000800400000001812
:10CEB000000800400000001841018000000000143C
:10CEC00041010000000000144001000000000014B7
:10CED00000080240000000180001000000000014DB
:10CEE0000008004000000018000800C00000001802
:10CEF000080C00000000000408080000000000FC0E
:10CF00000000000000000000000000000000000021
:10CF100000000000000000000C715D48075F310058
:10CF2000B3C9A561005B234B4525244728080000B1
:10CF300000000000941DC51301BD32080100343308
:10CF400034333961302D726F6D6C2F7364696F2DBE
:10CF5000672D706F6F6C2D7032702D6964737570F2
:10CF60002D6964617574682D706B7466696C746585
:10CF7000722D6B656570616C6976652D616F652DCD
:10CF80006C70632D73776469762D73726661737448
:10CF90002D66756172742D627463782D6E6F636C8B
:10CFA0006D696E632D636C6D5F6D696E2D66627465
:10CFB0002D6D66702D7361652D776F776C70662DA2
:10CFC000746B6F2056657273696F6E3A20372E3915
:10CFD000352E3439202832323731626236204359B7
:10CFE00029204352433A2062376132386566332044
:10CFF000446174653A204D6F6E20323032312D31EC
:10D00000312D32392032323A35303A3237205053CE
:10D01000542055636F6465205665723A2031303470
:10D02000332E3231363220465749442030312D6379
:10D030003531643934303000FA00445649442030E8
:10D04000312D62306234353230660000000000005D
:10D0500000000000000000000000000000000000D0
:10D0600000000000000000000000000000000000C0
:10D0700000000000000000000000000000000000B0
:10D08000000000000000000000000000424C4F4281
:10D090003C000000FA69E0BB010000000200000053
:10D0A000000000003C000000980300000A6F2B52B3
:10D0B0000000000000000000D40300000400000095
:10D0C000A0B0E5E200000000434C4D204441544133
:10D0D00000000C0002005261737062657272795038
:10D0E000692E5069636F57000000312E32392E349B
:10D0F000000000000000000070000000436C6D495B
:10D100006D706F72743A20312E34372E310000006A
:10D110000000000000000000000076352032322FB1
:10D1200030362F3234000000000000000000000004
:10D13000010B010D0C0D00006803000074010000DC
:10D1400068000000300100007C01000000000000C9
:10D150004C010000460100005803000000000000E0
:10D160002801000090030000880300007FB2000047
:10D1700000000000000000000000000000000000AF
:10D18000000000000000000000000000000000009F
:10D1900070030000000000003201000000000000E9
:10D1A000000000000000000000000000000000007F
:10D1B000000000000000000000000000000000006F
:10D1C000000000000000000000000000000000005F
:10D1D000000000000000000000000000000000004F
:10D1E000000000000000000000000000000000003F
:10D1F00034000000810100000102323032322D3053
:10D20000362D32342030363A35353A303800000089
:10D21000FF0000000100FF011E00000148000101A5
:10D2200000FF01140000014800010000FF000000A1
:10D23000020000011E010001480101000000000081
:10D24000000000000001000101236E000200FFFF4A
:10D25000F000415400010001FFC0004155000100F1
:10D2600001FFC000424500010001FFC00042520022
:10D27000010001FFC00043410000FF00FFCC00435C
:10D280004800010001FFC000434C00010001FFC045
:10D2900000434E00010001FFC000434F00010001A8
:10D2A000FFC000435A00010001FFC00044450001D7
:10D2B000FF01FFCC00444B00010001FFC0004545C9
:10D2C00000010001FFC000455300010001FFC00044
:10D2D000465200010001FFC000474200010001FF6B
:10D2E000C000475200010001FFC000484B00010090
:10D2F00001FFC000485500010001FFC000494C007B
:10D30000010001FFC000494E00010001FFC00049BB
:10D310005300010001FFC000495400010001FFC09B
:10D32000004A5000010001FFC0004B450001000110
:10D33000FFC0004B5200010001FFC0004C4900013A
:10D340000001FFC0004C5400010001FFC0004C551B
:10D3500000010001FFC0004C5600010001FFC000A9
:10D360004D5400010001FFC0004D5800010001FFB5
:10D37000C0004D5900010001FFC0004E47000100F0
:10D3800001FFC0004E4C00010001FFC0004E4F00E5
:10D39000010001FFC0004E5A00010001FFC0005013
:10D3A0004500010001FFC000504800010001FFC01E
:10D3B00000504C00010001FFC0005054000100016A
:10D3C000FFC000534500010001FFC00053470001AA
:10D3D0000001FFC000534900010001FFC000534B92
:10D3E00000010001FFC000544800010001FFC0001F
:10D3F000545200010001FFC000545700010001FF1A
:10D40000C000555300000000FFC00058580003FF43
:10D4100002FFCC005A4100010001FFC000010D01D4
:10D420000001480000000148000000014801000020
:10D4300001000000550300000A0C0D0E0F10111220
:10D440001314150C000102030405060708090A0B52
:10D4500000000000000000000000000000000000CC
:10D46000AFA900004E5652414D5265763D2452659B
:10D470007624006D616E6669643D307832643000F8
:10D4800070726F6469643D3078303732370076658A
:10D490006E6469643D307831346534006465766962
:10D4A000643D30783433653200626F617264747940
:10D4B00070653D30783038383700626F6172647261
:10D4C00065763D30783131303000626F6172646E64
:10D4D000756D3D3232006D6163616464723D303060
:10D4E0003A41303A35303A62353A35393A356500A5
:10D4F00073726F6D7265763D313100626F61726477
:10D50000666C6167733D30783030343034303031A0
:10D5100000626F617264666C616773333D307830AE
:10D5200034303030303030007874616C6672657140
:10D530003D3337343030006E6F6372633D310061CC
:10D5400067303D32353500616132673D31006363DC
:10D550006F64653D414C4C00706130697473736950
:10D56000743D307832300065787470616761696E3F
:10D5700032673D30007061326761303D2D313638A1
:10D580002C373136312C2D383230004176566D69CA
:10D59000645F63303D3078302C30786338006363EB
:10D5A0006B7077726F6666736574303D35006D61C0
:10D5B0007870326761303D38340074787077726209
:10D5C000636B6F663D360063636B62773230326740
:10D5D000706F3D30006C65676F66646D62773230E6
:10D5E0003267706F3D30783636313131313131004C
:10D5F0006D6373627732303267706F3D30783737E2
:10D600003731313131310070726F706277323032C0
:10D6100067706F3D30786464006F66646D6469673D
:10D6200066696C74747970653D3138006F66646D3D
:10D6300064696766696C747479706562653D3138D8
:10D6400000706170646D6F64653D3100706170647D
:10D6500076616C6964746573743D310070616361F7
:10D660006C69647832673D34350070617064657050
:10D67000736F66667365743D2D333000706170643E
:10D68000656E646964783D3538006C746563786DE7
:10D6900075783D30006C746563787061646E756D8B
:10D6A0003D307830313032006C74656378666E736B
:10D6B000656C3D30783434006C74656378676369F9
:10D6C0006770696F3D3078303100696C306D61632F
:10D6D000616464723D30303A39303A34633A6335CC
:10D6E0003A31323A333800776C3069643D307834FF
:10D6F00033316200646561646D616E5F746F3D30EB
:10D70000786666666666666666006D7578656E61E3
:10D71000623D30783130300073707572636F6E66C1
:10D7200069673D30783300676C697463685F626174
:10D730007365645F6372736D696E3D31006274631B
:10D740005F6D6F64653D3100000000000050F20124
:10D7500000000000636F756E7472790000000000B5
:10D760006375725F6574686572616464720000005D
:10D770000000000000000000636C6D6C6F616400CD
:10D7800000000000636C6D6C6F61645F73746174A2
:10D79000757300000000000000A050B5595E000045
:10D7A00062737300000000006D61786173736F63D2
:10D7B0000000000063636770696F696E000000001D
:10D7C0005B43595734335D2073656E645F657468DD
:10D7D00065726E6574206661696C65643A202564C3
:10D7E0000A0000005B252038645D204153594E43F8
:10D7F00028253034782C00002573000025750000A2
:10D800002C25752C25752C2575290A0062280110F8
:10D8100020270110202701103C280110202701108B
:10D82000202701101A28011020270110202701109D
:10D8300020270110202701100A280110202701109D
:10D84000202701102027011020270110E8270110B0
:10D850002027011020270110202701102027011068
:10D860002027011020270110D427011020270110A4
:10D870002027011020270110202701102027011048
:10D880002027011020270110202701102027011038
:10D890002027011020270110202701102027011028
:10D8A0002027011020270110202701102027011018
:10D8B0002027011020270110202701102027011008
:10D8C00020270110B4270110202701102027011064
:10D8D000A62701105345545F5353494400000000EC
:10D8E0004A4F494E000000004155544800000000D6
:10D8F0004445415554485F494E4400004153534FFD
:10D90000430000004449534153534F43000000007B
:10D910004449534153534F435F494E440000000074
:10D920004C494E4B0000000050534B5F5355500084
:10D93000455343414E5F524553554C54000000003F
:10D940004353415F434F4D504C4554455F494E440E
:10D95000000000004153534F435F5245515F49451A
:10D96000000000004153534F435F524553505F49FD
:10D9700045000000D4D80410E0D8041000000000D6
:10D98000E8D804100000000000000000F0D80410E7
:10D99000FCD804100000000000000000000000009F
:10D9A00004D9041010D90410000000000000000089
:10D9B0000000000020D9041000000000000000005A
:10D9C0000000000000000000000000000000000057
:10D9D0000000000000000000000000000000000047
:10D9E0000000000000000000000000000000000037
:10D9F0000000000000000000000000000000000027
:10DA00000000000000000000000000000000000016
:10DA10000000000000000000000000000000000006
:10DA200000000000000000000000000028D90410E1
:10DA300000000000000000000000000000000000E6
:10DA400000000000000000000000000000000000D6
:10DA500000000000000000000000000000000000C6
:10DA600000000000000000000000000000000000B6
:10DA700000000000000000000000000000000000A6
:10DA8000000000000000000030D904100000000079
:10DA90000000000000000000000000000000000086
:10DAA0000000000000000000000000000000000076
:10DAB0000000000040D90410000000000000000039
:10DAC0000000000000000000000000000000000056
:10DAD00054D9041064D904104E6F2050494F20735C
:10DAE00074617465206D616368696E65732061722D
:10DAF0006520617661696C61626C65004E6F2044DF
:10DB00004D41206368616E6E656C732061726520A3
:10DB1000617661696C61626C650000006173796EA9
:10DB2000635F636F6E74657874206C6F636B5F63A3
:10DB30006865636B206661696C65640002000000C3
:10DB40008D360110B138011089380110A13701104C
:10DB5000CD38011001390110353901106939011032
:10DB6000B9360110000000006D3801106138011055
:04DB7000D137011098
:10DB7400604601106C46011078460110844601107D
:10DB8400904601109C460110A8460110FC48011063
:08DB9400F4480110E8480110FB
:10DB9C00F8B54746CE4680B51F00002304009046DA
:10DBAC0099460CE02368BFF35F8F4A461A608CF3EA
:10DBBC0010884046390000F0DFF900281AD1266899
:10DBCC00EFF3108C72B63568002DFCD0BFF35F8F6D
:10DBDC000423E55E002DE5DD013DA5802368BFF340
:10DBEC005F8F00221A608CF310880120C0BCB946EC
:10DBFC00B046F8BD0020F9E710B50268EFF31081CC
:10DC0C0072B61368002BFCD0BFF35F8F0422835EC7
:10DC1C000624025F9A420BDD013383800368BFF355
:10DC2C005F8F00221A6081F3108840BF012010BD65
:10DC3C000368BFF35F8F00221A6081F31088002005
:10DC4C00F5E7C046D02330B500241B0600251C5731
:10DC5C0008E0002B13DB0368BFF35F8F1D6081F3BB
:10DC6C00108820BF0268EFF3108172B61368002B86
:10DC7C00FCD0BFF35F8F0423C356A342E9D1437991
:10DC8C000471013343710368BFF35F8F00221A6084
:10DC9C0081F3108830BDC046F0B5C646150000B5FE
:10DCAC0004001E000268EFF3108172B61368002B9B
:10DCBC00FCD0BFF35F8F0423E356002B2DDB2268CF
:10DCCC00BFF35F8F0020106081F31088D022120602
:10DCDC00127852B290469A4203D1002080BCB846CA
:10DCEC00F0BD00270BE02368BFF35F8F1F6081F34B
:10DCFC0010882800310000F03FF90028EDD122688F
:10DD0C00EFF3108172B61368002BFCD0BFF35F8F5A
:10DD1C0023797F2BE7D9434602E0D0231B061B68EF
:10DD2C0023712368BFF35F8F00221A6081F3108880
:10DD3C000120D3E7D02203000020120610B51056A4
:10DD4C001C68EFF3108C72B62268002AFCD0BFF36B
:10DD5C005F8F04229A56002A06DB824204D00029E7
:10DD6C0000D00A60002004E0187101205A790132B9
:10DD7C005A711B68BFF35F8F00221A608CF31088F6
:10DD8C0010BDC0460268EFF3108172B61368002B09
:10DD9C00FCD0BFF35F8FFF2303710368BFF35F8F6A
:10DDAC0000221A6081F3108840BF70470268EFF3BD
:10DDBC00108172B61368002BFCD0BFF35F8F4379D0
:10DDCC00013BDBB24371002B09D1FF2202710268C7
:10DDDC00BFF35F8F136081F3108840BF70470368F7
:10DDEC00BFF35F8F00221A6081F31088F6E7C046FC
:10DDFC0010B5084C2378002B0AD18023064807491C
:10DE0C005B051A68C25004338B42FAD1012323708C
:10DE1C0010BDC0469EC60020FC0900100001001079
:10DE2C0010B5014B984710BDFD090020064B5A68F0
:10DE3C0002609A684260DA6882601A69C2605A6944
:10DE4C0002619B6943617047000002400268064B07
:10DE5C005A6042689A608268DA60C2681A61026924
:10DE6C005A6142699A61704700000240034B1A687C
:10DE7C00C0239B009343024A136070470C800140FF
:10DE8C000C900140054B1A6880239B005340C02224
:10DE9C0092001340024A13607047C0460C80014048
:10DEAC000C9001401423F0B5D6464F4646469A4690
:10DEBC00C0B581461888043386B098460E001B887E
:10DECC0029491400984753460700188843462749A8
:10DEDC001B889847534605001888434624491B88DD
:10DEEC0098478046FFF784FF6846FFF79FFFB847C7
:10DEFC00A847FFF7C7FF221E20D0C0210827022009
:10DF0C00490511E0002C14D0131B0D2B24D9002D26
:10DF1C000AD02300002A05D00B6E013A337013008F
:10DF2C0001362343002B09D03D008B6A1D4018425B
:10DF3C00E8D1002DEDD123001343F5D1FFF796FF67
:10DF4C00C047FFF76DFF6846FFF780FF06B0E0BCE7
:10DF5C00BA46B146A846F0BD4B461B78013C0B6651
:10DF6C0001239C46E144E4E7494600004558000083
:10DF7C00464300007047C04601B40248844601BCC9
:10DF8C00604700BF81190010E04401101000000030
:10DF9C000000000000000100000000000000000074
:10DFAC000000020000000000000000000000030060
:10DFBC0000000000000000000000FF000000000056
:10DFCC0001B5486801318E46004770460938014951
:10DFDC00884701BDA51000100000000000000000E3
:10DFEC0000000000000000000000000038060020C7
:10DFFC00503300004C330000543300005233000007
:10E00C004D5300004D4300005334000043340000D6
:10E01C00B5440010C145001001450010D545001055
:10E02C00000000000001000000000000AD460010E0
:10E03C0000000000000000000000000000000000D4
:10E04C0000000000B54600100000000000000000B9
:10E05C006E19000000C000C05858000000000000FD
:10E06C002934011000000000000000000000000036
:10E07C00000000008D3301100000000000000000C3
:10E08C0000000000000000000080044000000000C0
:10E09C0000400440000000000000000000000000F0
:04000005100001E9FD
:00000001FF
